feature_1,feature_2,feature_3,feature_4,feature_5,feature_6,feature_7,feature_8,feature_9,feature_10,label
1.9754300509422682,-1.8239113551079742,0.5182630344282271,3.26986138311976,4.146881967810366,3.2048431119927994,-2.735180082039003,-1.6273475002004818,1.3484486640981805,0.5992835083709895,1
-0.7101881995902106,-3.3077397058660996,-2.211070629766636,3.2897282512955144,-1.4042565295289058,0.2361232415219079,1.6720203654537977,0.37157148846039156,-3.5974552720332893,-2.494908568136061,0
0.9956542366321766,-0.8431688129901018,-3.5574497077228,0.43924579467014,0.5329439183187235,2.5164876408578545,-1.6465070333590293,-2.609764401479163,1.6360377973262894,3.2727041957618512,1
-6.308833951675577,-7.131650310990689,-3.7816524101376743,4.674762673792901,-1.4972072122341005,3.583245059985951,0.3643732380731284,0.5877821429538841,-4.875007656450174,-6.29705520935039,0
1.8441194126584228,-0.4659839471474634,-0.6229886056391305,1.8347308256663095,1.0135510072585372,0.9391686084433939,-2.5469185790424484,-1.3316676491041861,0.9458284318080339,2.926661053437953,1
-5.522289986188289,0.13905305034145732,-1.1183237861251594,1.9682354371949344,-3.569772447093123,0.8430873780156674,-0.5009596294130794,1.939759597822194,0.7525852629076168,-5.520853456106113,0
-3.7205842437929455,-2.228111966608351,-1.5021444950866611,0.2992098365905962,-2.4240091479799286,2.6082161059212265,2.6209943243721705,3.6628707787501655,-0.894540537957222,-2.597641822387094,0
0.40939418227307156,-0.612994555657661,-1.240499556184484,-1.8372238057896437,2.946824925753397,5.186167147017475,-4.212423561430812,-1.8803536450003395,4.864035036988355,3.353846124610712,1
-0.40061318646845145,-2.695942172020743,-1.682301274066365,3.33933487739633,0.5605631439655556,0.6813319831393745,0.591239084419598,1.373615303491606,-1.0912224371189203,-0.6600603651884953,0
3.1308919175731615,-2.0628462646127566,-0.7199731927527262,2.1818482011373646,2.057965922706561,-1.4851505267105476,-0.04787872298725615,-4.767677672049267,1.658817058788567,5.140966456248158,1
3.1317674322277025,-1.5062156546010577,-1.9285423445099643,-0.6191291390093316,1.2314731180078087,3.2705182010164866,-2.4158825229262675,-2.5416928009700905,4.284376503437,3.593975344277283,1
2.2148059480055147,-0.14925302201756319,-4.512586978277726,1.1503042543276258,-0.675297342020873,-2.267434302922476,2.7554485647485736,-1.7829239192943183,-1.1243925427473425,2.4377117451552843,1
-0.07108718289722993,-1.9548611193492433,-1.9829018924089212,-1.3284365454245135,-5.760696713480836,2.272124455989154,3.8601680248360424,5.301407973946328,-3.7043261618347283,-2.0937104451878987,0
2.441803482641988,-2.1911318103994284,-0.36957776983471513,2.3457598577780527,1.3388098735606262,2.0208457402979785,-1.1402340965727282,0.08111734809423599,0.5023352547709818,1.8009509743717143,1
-3.486806852695296,-3.5720624096351035,1.405000090637179,2.8609060532819535,-1.3586212471489896,-2.066879875322072,0.4245402705707384,2.453368445246649,0.987533954337148,-6.720351214844923,0
0.29084215932740287,-0.2903690825070122,-1.5978169350762725,2.596227187951367,-0.40989618232326586,1.275413692396505,2.4479517193600726,1.7924031715271616,-0.23689254325625897,-2.301535897089627,0
0.9056654387300507,-3.442771719818729,-3.1139190341191556,2.714550116189555,1.5600109616049584,0.6819682871054797,-2.508969948146241,1.104087864234903,3.170451885321919,-0.8904512885295497,1
-5.761266102450083,-1.0697229138278788,-1.4648789312310833,1.4716854863274538,-4.824831594262482,3.4899754440329436,0.9419757437125116,0.7685708003258647,-2.95674116756355,-4.40732965011841,0
-3.0462927130024786,-6.304029441189803,-1.5382236878942865,-1.9776612768706117,-5.41007669631182,3.3488358603258246,0.23869981676228003,1.9758101340787262,-5.526828518676634,-2.144362792038849,0
-5.601840885894145,-2.70520107318586,-2.1224815291240597,-0.2820106254166217,-5.14038799073632,1.4395078859045953,3.381709338419012,0.8872892786579532,-6.616497092162352,-6.111926103793848,0
1.9170654064889558,0.10440797975898741,-1.5479238518813965,-2.4091895718770022,1.8110661358952138,2.3758274881230634,-3.656763725903103,-4.1558733050125625,5.582424880438806,4.496725300152885,1
2.193284167160352,0.01451310343471146,-0.5827332086537516,0.8650090762877185,1.5479034065416015,2.474184197436064,-2.2571818088709734,0.11932784207229696,1.1537763798217053,0.20903328182959857,1
-1.242211277805641,-1.3306320060048638,-0.7486462732017298,2.5257886786102723,0.4916055890632558,0.12254403869924246,0.7871642022016239,1.7553328590522532,1.7519720578332763,-2.2116453147549984,0
-3.5176662781495898,-2.561343211318878,0.1888305444762346,2.952502167928688,-2.5659788393377876,3.6514791152296615,3.069238691948722,2.764362425219468,-1.207599041160537,-2.8113764998657333,0
3.1133408218219256,0.20705656772577274,-0.7952819437755665,-1.4500600748220753,0.8185357492517182,3.0563181483746154,-5.20271080684825,-1.217269039004386,4.741015415040853,1.5304684873910255,1
-3.5790124810760453,-3.797112339390389,-2.5102921689565387,3.578113232212884,-1.406834757279562,3.508693603792743,4.179304302157407,1.5473599773513995,-3.3043162070866643,-2.208235280042368,0
0.040837375458704805,-0.036183913356220954,-4.257752402866977,3.871591917530635,-0.577940119712357,4.060297628529588,1.6296216899738194,2.1653604820143513,-1.220984534747776,0.5605337297218922,0
3.9949453396919328,-1.6429579335012365,-1.7423423324107006,2.1914844912119307,1.7150684655986406,1.1456231698693036,-0.353017156270655,-1.3673788395111548,1.9444102242075356,0.6171212137444295,1
-0.005004326572845219,-0.25378994095039165,-0.7861054857965779,-2.053037708766645,-5.37006164544357,0.3876468397811259,3.2938968283531986,-2.0205000313621158,-6.406664863569133,-1.9703974658721572,0
3.617906177027093,0.5287787145691096,-2.1899619698268404,1.068216383503529,-1.4600828859727102,-0.7172231530277604,1.2310264513629126,-0.0530945278656243,-2.1810683338907144,2.456739885605108,0
1.4054874030076825,-2.955881636012112,-0.002116397694409855,5.762381801548099,2.063850167595732,1.9083230538194789,-2.265517522983467,1.5769643174555878,-0.7703882998705058,-3.6663200385028984,1
-3.064126016042634,-5.404701456546463,0.028693227174984237,2.3203136893698404,-3.1367747172675005,1.9894878173996475,4.698065387172729,2.9368400812263467,-4.074070153259299,-5.220527192723834,0
4.5069807707572656,-3.8261749729287553,-3.229888198563311,3.4503716074268906,4.093739530379447,1.0745493111125262,-0.6945103990720936,-4.705245639217548,4.517845407742249,3.479024617880448,1
-1.003437991718628,-1.2410318583750581,-2.7911832514279937,2.042773953287398,-2.426960499395346,0.7652895601234091,-0.7109066576495895,0.23308062633652904,-2.5696415837064124,-1.0802376498833475,0
3.144719980420513,-2.7452219428460367,-1.988557952701964,0.7990751731731558,1.9535481301060662,4.693144511959925,-2.9913262675839003,0.3140098400578064,3.112109287028604,0.3773245609864124,1
0.37985386543595023,0.4144145802685295,-3.5907874222150586,3.53227031900893,-3.2345240472805052,4.10990535146132,0.7682715618921587,5.224184088603854,0.9894258398823692,1.1833933527478844,0
0.5987738866956778,-2.6075548319580277,-0.35773334999313633,-3.937385077921414,-4.971091465579892,1.3488269998695697,1.927786212924317,-1.796815091724186,-5.64157877800019,1.266923510605142,0
-5.02488524717918,-3.5099001643947565,-1.1314097974675885,4.4458696665016415,-2.2450443431914575,2.7084222630131594,2.2760834010726696,2.790763452665132,-1.9723884453979037,-5.9347651136917206,0
0.6808596694555233,-1.4457580233364065,-1.0845440826347519,0.14405835490814067,2.7821745418215746,3.785199962139208,-4.796469451943292,-4.478812072603642,2.918765567817056,4.752552704510954,1
1.9830561526135997,-1.8313171293603194,-3.596069357926648,0.9635638500871633,1.8213828745143237,1.3205012140277477,-2.1007864656231665,-0.43676684128490195,3.955292928766929,0.4596810123093369,1
-2.208444446934027,-1.2789569933566551,-3.415158592694646,-0.543989720851878,-5.037233858150582,5.569833631113545,5.19658663210638,3.624866188059352,-4.503172402183214,-1.8293112567222627,0
-2.731155580865863,-3.4672219872726258,-1.3674768887636737,2.6606273460992904,-2.496334669486878,2.9433157069585647,3.3424299592047255,0.5794017255232615,-3.9603484389317085,-3.871736870920901,0
0.36507688265684246,-3.776988850508441,-1.1215338185339077,7.010210200371124,3.909535944116527,-0.24940162224103757,-3.5051571337682095,-3.0902091970044125,1.017099657116625,-0.034627236017628515,1
2.891976612403107,-3.97121610540176,-0.6843928276816162,2.8577588396342692,3.8300892357466205,1.4879018779087074,-1.2746948750044873,0.4485488172357668,3.65962830904912,-0.8359060856270637,1
0.45486930671917736,-2.8178214399508303,-4.757025829471921,2.2598794132994677,-0.30925546562733564,-0.10056101042178156,-0.4036178794839005,-2.613503520147598,0.35200121617704894,3.0601551013522617,1
-0.6817709072959812,-2.459657982804693,-2.460568286793489,2.5346659015127657,-1.8058793452286888,2.763827981990777,2.49845157712649,2.3141841612275784,-2.3509830422510465,-1.9343660771728195,0
1.0080017559571735,-5.104819586951935,-0.6259186973515842,5.208328765353725,4.515979408244229,2.8527093160359023,-2.2562316252606465,-0.3004612985192505,1.905680203428938,-1.0916599566568856,1
0.5211637911122089,-1.5843097734764748,-0.8694161128299822,1.743095987914304,2.809208178143744,3.65205469415786,-5.184750951466906,-1.939079456380171,2.641708429114087,2.7820863937144282,1
3.5433812766101873,-3.7604937203274975,-3.928190614200914,2.265282239873792,2.369790209739272,2.9159172563161,0.6207405883540646,-1.9937316998201018,1.3525314210405357,2.7963275980890447,1
-3.0093329730885077,-2.655175370442638,-2.40945118838806,4.513220740862128,-2.7570735921786693,7.44884139879679,3.8332973208580103,5.0114797256516255,-0.27374361475118403,-3.20957838423179,0
0.12338954852701045,0.4869648314810573,-2.2794608630448945,1.1218255956097904,2.524840246080214,1.6331161330241994,-2.395237436540034,-0.27325309878465776,1.6738427803559952,-1.0047367779704173,1
-0.22224720861605896,-2.515814300589877,-4.593146401471159,2.8858227328725747,-0.022926930535688506,-0.5164706164728514,-0.6303786878479438,-0.7762931427332755,0.11650294493898583,2.376170541111057,1
0.474133124031874,-0.10562852396005318,2.244207360187435,4.225486920622462,2.9797116654293205,0.8426670667923721,-3.4274794950628182,-2.7652174140402668,-0.4359620192956344,0.02241214875037345,1
0.5569790893382289,-3.573657084713899,-0.6813484600954132,2.832840133298067,0.1640381760560108,2.716172631621371,4.032523708692785,0.5370834353873613,-2.01570489760969,1.118642773225074,0
-4.991274892849659,-3.6433883030791385,-1.3776410391533294,2.948111892372915,-1.6121120676660043,5.207714516175711,3.583368829814839,3.5803944678178086,-1.4463440450442064,-2.072640662534875,0
0.7148141786539557,-3.0391209246863866,-1.5421788182807896,4.363150197947957,1.141484782888216,-2.1708016235576153,-1.1934361416609205,-2.7241392385334513,0.007826637077910759,2.309803670103641,1
2.0149782537320218,-2.6946185597125387,-0.3618133372126706,4.658552387124842,3.4807472872549052,-1.6413589146215575,-2.0025523033291814,-2.696256102482384,2.6026966259027806,0.4881115478668474,1
1.96691003033606,-2.6664528333729587,-2.5960386995598776,1.6211225966375777,2.0838530744751287,1.988165095011365,-2.1386360436868874,-0.8503361988141886,3.6553980126956596,1.8313541425255826,1
-1.2157458831665933,-1.3150071636769254,-3.4974795146953435,-1.4025947568546284,0.3158196689806798,3.1820937547561616,-4.59163206703293,1.0172792551588161,3.6242938103005593,2.1501528892139055,1
2.597600502772349,-0.8141750330616835,0.3783427368155601,3.9389674377266592,1.309308094004825,0.7567705976946515,-1.9814443733437073,-1.026987516958063,0.12732338059327453,-0.8363663564771522,1
2.072187983770444,-2.3842073308708103,-3.8905657582341977,2.3169435944559145,1.7439833202238688,-0.5456076589431857,-1.9869617532420631,-2.6345356453209923,3.3979243469993987,2.996216605933867,1
-0.16664758981760208,-3.0301046473017594,-3.4389208599158136,1.8698091022950047,2.6103215835444122,-0.39564655890417644,-3.0958416491400946,-2.993731855443117,4.8479184581756645,1.275735238371738,1
2.1294266436725,-3.9443670041736816,-4.092011899872526,4.924029701358446,1.4175265769398235,2.2401643521895953,-0.44627856219236994,-3.3508226825631215,-1.2636340267978015,1.863899131618423,1
-2.895402985893722,-2.6910223703919476,-0.7561421406841939,-0.059571565621982625,-4.8956357501641445,0.7440710340616257,2.167400890650792,-0.44415294397577254,-5.2595387997075544,-5.868726648898094,0
-0.8165802220637202,-1.5428631585185943,-0.44025002484555054,2.9312757104547407,-2.8785247558013047,4.087180170326439,4.299110439555957,3.001035842680582,-2.0809589525992114,-1.6835494225215049,0
1.9592617675724517,-1.0286371350448618,-3.59652656250259,0.059708618629292776,1.431768389300533,1.1131932036061924,-1.9224742299815218,-1.4010527258891938,2.677457237236414,2.052925440029131,1
0.922759195143118,-1.3457583634555212,0.8769217761242603,3.5324264063987107,4.187812532875283,3.8951843887000805,-2.047443740345889,-0.12312079217751215,0.43675979507748,-0.2199595727913044,1
-1.5179936683198116,-1.5501049932157989,-2.6895871223560266,2.1022673258853306,-1.3130454488996564,0.38376790839305164,0.010375968997317964,3.6951411468774404,0.5144697775098113,-1.4811084563846544,0
-1.1678201950101776,-1.2052620764472861,-3.0048714534658307,0.7169081170116813,-4.494426725984767,-0.12242519518348294,2.4543070420810063,2.81620611150614,-3.4391714145366397,-2.8989124537035678,0
-3.584904698634948,0.5137518636516365,-2.5149002161300813,2.5222249292395014,-2.2523304322715405,0.7173034066065658,1.7989598108675537,4.534085798822469,-0.19363716922188767,-1.3315273780048957,0
4.483527688035652,-3.989698460250982,-3.619444021963115,2.703068283561267,4.129257775631894,2.166484942165437,0.10559857864090905,-3.7396605822783613,3.346200448689505,2.0604056265940933,1
-0.869246833099945,-2.1098835023508227,0.7332741248798365,3.9290999639759963,2.3066020082676686,1.5856472055955528,-3.092478256575811,-0.6737923926184082,-0.744139837325076,0.004592107061676787,1
-3.878176345308522,-4.615377075581672,-3.149226523175522,4.571188845787466,-1.7595524484692004,3.7754327558453165,3.1356404729989134,5.668235066821779,-1.98747084902101,-4.520845511212828,0
1.3839685402997297,-0.8661622916591409,-2.475645776605625,3.3410537992483946,1.6598197327606476,1.5533290073867767,-1.1143438428207189,-1.622219445853866,-0.3539954842498405,-1.0335220274849477,1
1.19865251363976,-1.7589580098090574,-1.5117820737654264,2.752910590924852,0.7010881716293973,-0.21246222139430282,-1.7256471577383872,-0.1546234339916528,0.6713172175995796,-0.3834342499714385,1
-0.7484729274001203,-2.2248388655720404,-0.02557535604717387,5.273062868553916,1.3701110603619715,2.4745931776260193,-3.6731726478372595,1.1434009182578508,-1.546708220182921,-2.6044966342082336,1
-1.7386930118780455,-3.578206387210822,-0.5803185619998603,6.035468960563488,-0.2522134114138561,1.2363543594094724,0.33602055582991164,0.7142850324764674,-0.9903344413510811,-4.5274837164665875,0
0.05707996518244718,-2.5026959675631835,-0.34520943422287664,-0.19549596819018733,-1.5871428514610642,0.40407603223843647,1.3568651056334595,-1.299132081783946,-2.9489729258486106,0.08977700811931788,0
2.306647985235341,-2.73914033231787,-5.543329319126865,2.1593680226314134,1.6914213331075985,0.6002995044008317,-3.807797447469428,-2.992620488107809,5.736263742412344,1.5785098422539101,1
-6.939073311047739,-5.184109888948445,0.4004611479219613,2.715536204199155,-3.4804488928264137,1.7268559066671008,1.3354445954557925,-0.6281583202016767,-4.175561883016606,-7.4355406074481,0
0.21219930364199646,-4.6117241460499745,1.0210023591339206,0.6732729849352195,-1.8920376487827126,0.43903248173103115,0.5945903529826904,2.0752855847336593,-1.1448241509708141,-1.9393467593346285,0
2.411636282956258,-1.7268344770705009,-1.4279007911076866,-2.4698657011500273,-3.105629542016461,0.4661366849197104,4.475121481954368,0.6808556078804227,-4.935544680840989,1.6528672531819546,0
2.557139078202674,-2.7510836071557647,-2.39931264488606,0.6863188765918946,2.9904620048223745,3.8228355093707553,-4.953276295254301,-4.801404865438686,6.07736557716967,5.408947790326792,1
-4.838852766393476,-3.029477689913815,-0.7519397985165692,-0.8773781060103194,-3.613098176325434,-3.356058992638782,1.8575757656150935,-0.6749204371785202,-5.635153369182548,-5.526442223868019,0
-2.147884430419611,-0.7929119907467166,-2.8784342273833894,2.3412200126204668,-2.1158596180303646,4.8407644618442855,2.158096344235137,2.6318790853481544,-1.56604615242383,-1.2837258310096127,0
-2.154638096498448,-0.679400224367692,-3.6645789201352192,1.4030772478362452,-2.358302356630822,1.8434286088565741,1.5475069143446691,2.275285776317488,-2.307558280269609,-2.287567916848955,0
-4.14517375768134,-2.030660174538649,-5.1750414569204,1.7008639712643512,-2.9178702318161123,1.7488781688914825,1.3041551968439031,2.736684558730403,-3.577936970679302,-3.765571752109075,0
-0.8942475748987615,-2.902540132047068,-0.8705135716234742,3.893067094377669,-0.005185475464166478,1.202711246825797,1.4962228718333366,3.3036136883486256,-0.18007353953481964,-2.798934828219334,0
0.7189645552061918,-3.9409772455990923,0.21189223326328932,-0.08221904411098979,-5.040367015894248,3.184788173214998,3.815132653352747,1.7643796692858202,-4.938850727757822,-0.4678433467213807,0
1.0987464576116805,-0.8201843179485777,-4.928515546140568,0.12631582934195884,0.44605074501139064,1.9682851906979155,-3.0807117956575274,-2.7107552849186494,3.550254166159225,2.22921122147442,1
1.2288867232038383,-1.3445841793877777,-1.6368226837871427,1.5357601251347506,0.5060735275962287,0.9511171959261138,0.4185255656929494,0.43119888117809735,-0.648743673321551,1.962015205148182,0
-6.123954567153078,-4.783731600295017,0.11189783963969724,0.03859149145140606,-5.6440175078591235,1.5628827178336158,-0.14877665947283525,0.410726244602063,-4.545860061138148,-5.194873062050684,0
-2.31081593820862,-2.1673468316187265,-0.2157870363581429,3.5221203442640223,-0.34142863044292304,3.1449302061413595,1.740020209864676,1.2963951787829906,-0.16385785853806767,-3.3761623095743083,0
3.163566811839227,-1.0819681709085316,-0.2678112973239357,2.9536848357071377,1.3471001979427266,1.442187258639214,-0.844831000066639,-0.025205739579316155,0.03265586458671166,0.10810592687377896,1
1.9023724491379441,-3.9055314043192606,-2.969807201730589,4.164683261621675,2.324561824408853,2.9667583133238855,-1.7303344661801634,-2.819174516140963,0.07061399419370207,2.7635061672465593,1
0.12264471980349745,-3.664873901261107,-4.227110025099354,2.949651557550721,0.7584121621387014,1.0616912122920565,-2.5573569345807545,-0.9212975669655121,2.4857957207068155,0.9466646270065984,1
1.580263021187516,-3.2319116500115186,-3.3961728966374922,4.565021717710419,2.1926715745668073,-1.0732117325314805,-0.9955926708367917,-3.3884078849685126,2.2852593896477593,1.293142846298264,1
1.9035809229817575,-2.0306407960996675,0.6607876597081894,3.4605720633745403,1.1759251840620206,0.5332007464781812,-1.610769729008959,3.5864389356330166,1.4934265954649095,-2.968429953984489,1
3.5432672101673055,-2.97647661304997,-4.226514524599547,1.52034970298978,3.632026533206388,2.839804794657043,-2.838775455436541,-5.4486756881041,5.008373217043371,5.055602647885545,1
1.9983819681088484,-2.083473284742178,-3.761232914393478,-0.6177264139959613,-4.571808372279641,1.0294531343048678,2.0872899473410054,0.7038462741396208,-6.373967578916298,-0.348974949992211,0
-3.822533167341099,-3.2577200915638067,-2.240575093027015,0.026692246319609536,-4.518426747682261,2.148000005571738,1.7242478617300108,2.0083753313124157,-3.3273256021950894,-3.59459974060397,0
4.565113862597661,-0.18875798058395876,-2.3262289865708117,0.551618622939029,-1.778698029914234,2.267979140137141,0.6842769326156817,0.18720468301868864,-0.576886332117224,2.742138315129084,1
-2.4885044822750144,-1.972929001729566,-0.8877339230846546,1.360272563527321,-2.1000453710211007,1.2295782256706418,1.9284727140291673,-0.7114886694324327,-2.3490716307595982,-1.9351109318979671,0
-0.8115689090189195,-2.7710072705129556,-1.1969452396702285,0.9647223425933351,-3.117555701901101,1.9744438024815218,2.053715664324667,0.996671173512975,-3.156083043946451,-2.1632741751624303,0
-2.4625089990940285,0.588915440048984,-2.2973094605881657,-1.0130121374494703,-1.261207187654187,1.2496874992192395,0.9061521385663001,-2.019241225688787,-2.748480510571788,0.1704868405224076,0
4.410753262734955,-4.537326672798354,-3.605483023410953,2.4782479838628872,2.993927162652349,3.5589880874355666,0.4399981133551174,-2.2557074388880087,2.7109524580953535,1.4560873480229986,1
-1.4723705048104785,0.5862261349736348,-2.5721454761279112,1.5249044590849463,-0.5889430627754599,0.5283356744697913,-0.7274001384599043,0.4438538214565757,-0.31294087630312895,-1.0769268735533277,0
-1.8773356790627993,1.9693773057648793,-2.68438888335095,1.2708811040312962,-2.3220165810990574,1.2040989324769762,2.803453940699948,-0.21643739906366877,-1.996945397136576,-0.93101467132388,0
1.9127213613310885,-0.9698762696769723,-1.1319789729112015,1.0470167622915976,2.6293403177072783,2.7326157313650414,-1.9731623517587427,-2.5570758757989536,1.4536860073074382,2.8904636112401927,1
2.9556292923933976,-2.0506786231046013,-5.279684699228048,0.8984605847477267,1.1072541872647337,-1.2356184567594783,-0.9717498528525934,-3.2341263366887327,3.9948612349114048,3.300684819632372,1
0.15263890449022566,-0.8630743113029249,-0.6170541710344521,2.021070684357652,2.1092309587059375,4.284855459606292,-3.025047691033542,1.008640016718803,0.8365769235735223,0.04547260858611768,1
1.525297220267925,-3.9253461700875305,-2.7483371605377727,4.733670939058765,3.8271942296491184,-1.0334521601076339,-3.3008787121208982,-3.181775016298678,5.553571521361899,-0.43570448522356875,1
-4.133454688956359,-0.6225663471230196,1.6447494435230583,4.832003956133117,-1.5432794098264397,2.434031464719391,4.457370505240318,3.135117207119765,0.5209428341645856,-6.202173002047888,0
-1.5585070948156952,-0.2853446947081466,-1.8824549247111497,0.8456646462563304,-3.5382698580758074,0.0012597050537297427,1.2696828756558003,2.614625278754917,-1.9250200045087553,-3.3568154568267436,0
1.97141409101889,-2.0360924579205,-1.535989297237601,2.724346036852686,1.686342172644085,0.3176622610469133,-2.3073803101986403,-1.0583727965925118,2.0710582107323923,0.2247597701164481,1
0.12194491112609085,-1.9697627444946875,-2.5277843478027586,4.512790562026106,3.5822779424672078,0.5359429083396192,-1.4843472980972816,-3.6408895736657283,-0.024356850053416146,0.648065396765592,1
2.969748305696969,-1.477459384343982,-1.7964029948384828,0.3075755581774735,2.632435900068456,1.363187174983485,-2.4429527309802332,-4.556754518940711,5.171631821900208,3.239856517025575,1
3.602844364762785,-2.2166307171710056,-3.8786210573517748,0.631031646287654,1.6269823082364172,4.976334276772204,-2.024838690346879,-2.2614106799120646,3.079817157962296,2.286987869476376,1
-0.27667700205720536,-0.9686181448620304,-2.5842672482808435,3.9080395928447578,1.3421012466348916,-3.466039403501279,-1.9072970838794006,-1.750810245325201,1.569606708532869,0.23413838450994828,1
-1.2920439353839621,-3.6208991465870506,-1.762444062457999,1.222216387236272,-2.6051307583080927,2.305711268173132,3.87015551984042,2.434992997235098,-3.2311093834244016,-2.6779621589730658,0
-3.1824054392337273,-1.6314211654219966,-2.5780940955088747,1.7300107671855434,-2.166983624914066,1.8291575079752878,1.5229751360576695,3.3058162093173515,-1.5843839652982394,-2.4438753329059115,0
1.403363137690378,-0.437397168939089,-5.048239541074716,2.8634725864030655,-0.7904410420438568,3.034966511606096,3.536635476205146,3.7707779861786523,-2.225279102562699,1.4701758872317523,0
4.746120758125539,-2.8479363267923636,-1.831896702571724,0.7958078348204756,2.3967780793032234,2.8453395338402867,-0.8640051484968199,-1.956798644422458,3.2329951651826203,2.478476481963615,1
0.05998796772838477,-0.9033231249456377,-1.1851137527932372,4.149764623318108,2.3832343502596833,-0.5433481884294782,-4.089154629239696,-2.4392934839453213,2.0501714130986777,-0.3714949518795323,0
-2.2946874345055557,-1.156574393218165,-3.6425715971990824,0.7522279238165461,-1.9814045867953243,1.9793533918696256,1.1852369115056829,3.425988726745568,-1.9378051895437571,-1.7814528869964958,0
-1.009732830555654,-2.852635414341272,-2.9810988050460105,2.2589215693801092,-2.8028963675346086,3.3419088849202305,2.7786802072780072,2.596778562683019,-3.193697579486971,-3.4804323717439685,0
-1.9925845600793572,-2.8959649435821793,-0.5941159465369139,0.7817319224895867,-1.3698432704516876,-1.5042994898007498,0.506113060384423,-2.369559480102077,-3.7419581159540707,-3.114175063062354,0
1.447136634514493,-2.941350793479208,-0.7830702721590606,4.266488354084959,2.358825758076454,2.3616126389532908,-1.6417802979746579,-4.067684553287707,-0.34067843685161003,4.0254226925804275,1
-2.7340347653318173,-3.225148329107179,-1.8059869381497073,5.745378637381779,0.38172447692801503,2.2608104477717172,1.8398836355998702,0.7714235665488818,-0.5848981876511832,-2.096417027606122,0
-1.9999536752403244,-1.7487564483457962,-2.3798311965745635,4.083744975212744,-1.3033315445996256,2.840845248361675,1.226142872833622,1.0046930327287282,-1.5233069774095656,-1.8054911776745342,0
4.968462735068082,-2.696543819275914,-1.9299079111584307,2.4512977012779444,1.1829652775695028,2.224236509999567,0.5364435460872885,-0.0420486865795191,1.0279865365351857,0.005653631695402339,1
2.8500791558589578,-2.820908534785703,0.47358266642586333,4.227004383231197,1.572434068107862,0.32698326257225707,-1.9235352394357845,-1.0280690993895725,1.23067539347426,0.1939901351783755,1
1.5858018544342722,-6.9680983050587395,-4.452459073651348,6.6242447052650775,5.264344818758736,2.4857323848395168,0.5519773535837338,-5.174983426574286,-0.028514805407076516,4.437964925588816,1
-2.081541044804893,-1.664197044925383,0.44523794543583817,1.985658815202762,-0.06753048592267574,-1.5657869832466416,2.0717123019092716,-2.000892240910912,-1.7974757214252994,-2.589623593367528,0
-7.502201652156165,-2.6958915211291252,-3.265353019717293,3.0524214927199442,-2.456713216318194,1.3565366110201436,-1.0339713240537822,1.6612370620242087,-2.099546389084768,-6.775222179989158,0
-2.1104561958410546,-0.3211364218977433,-2.1453958091139413,1.555867293984823,1.4953162104917272,1.0505061262743873,-3.839124493211905,-2.5749577390649585,2.0896606574021317,2.4340596334675917,1
0.5773027261596377,-1.956425422860132,-3.403233892131874,2.9111307300397664,-1.9167224428817862,0.43105666969190937,0.043995329666299154,2.350306413385161,-1.8022109251950797,-1.9201927387365672,0
4.215112048769318,-0.5583425485972773,-4.82045255720929,-0.2692966417174456,-2.172950872946713,0.28606455802398734,1.096515065330987,0.4432907878483361,-4.072476091712048,3.4640834751702023,0
0.7659370215618169,-1.126932754504373,-2.295133178964374,-0.04448994317473831,-0.17097025874248617,2.1712862376839257,-3.2098939041039847,-0.9050015386952075,1.8694457520792604,3.1814603857802752,1
-6.470983844275915,-1.8711582142312841,-2.126367431472361,3.450702310519149,-3.1581415418673835,3.2981935493738725,1.6847166054172105,5.251645954503345,0.5278846400277355,-5.559746937628611,0
3.006140116046881,0.7669111147390644,0.20741816793904366,-0.7088302064009064,1.9858351610702412,6.0125757041902235,-3.54394050994569,-0.8842399648600487,1.5119065392568305,2.202440676454535,1
0.2615058061270443,-2.0017245120569584,-1.303797924058948,1.1223473108386044,-2.824636653961041,0.599039385396787,1.6680828514695758,-1.3327634494170764,-4.8815517960139445,-0.12689277222827444,0
-2.7120777104726352,-3.6201239851715505,-0.23461813131803821,3.115632653605066,-1.5750159664318284,1.6643996546455933,2.454361257526281,0.7131999082355707,-3.003836226111087,-3.918651842138421,0
-0.8475481604990398,-2.80359558953182,2.043565063413398,5.5934212954733145,1.3537730069754295,0.5034190411083919,-0.08679634975900807,0.7662758389609041,2.542222515200468,-2.288689744546615,0
-0.04191038081380505,-4.464788729822447,1.1734136619184103,0.48502212679744594,-4.057622251561101,1.392869315733603,4.655544625147084,2.795655399119971,-4.009559003056424,-2.586572075360968,0
3.282592981094436,-3.3625445225456847,-2.0934270228828065,5.039076732439387,1.4906861685538766,2.094124711797813,0.741004900229187,-2.1317125422041436,-2.512781635541704,1.6142870267785276,1
3.165263421825822,-1.7210644621342412,-2.5614727498228236,-1.9292497598985592,0.5884181620720852,5.872455357112733,-1.4738782065523646,-0.8719521175385121,1.6724915247621854,3.436977835999911,1
-2.8828532473737054,0.7973923949168245,-2.6166155923251555,0.27453196281368175,-2.2535392006540316,0.010411929295277789,-0.029784440481759766,0.053868677146788446,-1.278675086928617,-2.4060461539929765,0
-3.0028490927682583,-4.7101209345443555,-0.2032107082055281,4.497787972124125,0.8419442507731141,1.032428972483777,1.7591649370051257,3.424156315771362,0.4348184824964778,-3.191001470417133,0
-1.7374009120441922,-3.820436748156815,-5.638404607978823,2.1510388364412463,-2.1295919978454787,4.853005558410633,3.4890702367224287,2.50429649528047,-5.1480058840673335,-0.469514113212512,0
3.2380935468064953,-0.031988650418185216,-1.331221245041358,1.5554400675967777,1.695659344863827,0.48193826345185276,-3.7156332730677253,-1.8178409008605294,4.548388649277764,-0.4788066191491369,1
-3.234057004432807,-2.830593655668678,-4.3838064169124555,2.364481190879495,-2.347599158899164,0.2916627271513237,1.4495311410868146,2.2088174979830835,-4.328864857456532,-2.0378947575501467,0
-0.8746792789688334,-2.676509251360951,-0.08164836340548387,2.291771523200551,-1.4482115588407742,0.5109706577116087,1.9263652772151096,0.9300405547891155,-1.8562498178538829,-4.279528937710892,0
-1.7093145238641196,-1.3059279483033912,-2.8630834213032337,4.724367808808349,0.5502793705868667,2.2485725886104206,-0.6619272122879036,2.714287559029011,1.35663749509242,-0.9305159746737122,0
-0.5941728928799119,-0.45743700722379255,-1.3562248111013537,-3.062942082450615,-6.0643209649300145,-1.1352634300601578,2.002394759939994,-0.49773931568691854,-5.82349561567073,-1.1649935936168485,0
-5.901730179315232,-2.6807888108342173,-3.926188386716183,3.882486926908107,-2.747188006661286,0.19203481301538083,-1.3802637990780071,2.8089517889390407,-2.6198430490437197,-6.438093318426538,0
4.232315068381933,-1.7565646376558364,-1.4536437508171898,0.1469848224086514,2.1097078148519053,3.2411354825133136,-2.2887428459444443,-0.9339557543300341,4.1781691413001925,3.4253984541827127,1
2.5463181010184694,-1.7273515452149804,-2.445782645096859,0.4578722148144032,0.2961760770849131,-1.6563931251755517,0.13962638671865268,-1.874133946542032,-3.3914702739850977,1.0941467780828211,0
4.6653618866758935,-1.5352333819487443,0.551950924613811,0.8693591916830006,3.315666629152478,4.0369107942388744,-2.0914867855447397,-3.799117278029655,3.483933269941417,2.9792948685877145,1
2.372048692126916,-2.670925618418566,-0.9284353181841529,3.6036986310039363,3.406784763314091,1.164077071214794,-1.8008547275754339,-2.474610014305667,2.5380329184458263,-0.11287243553064075,1
2.3142550275422864,-2.149752960669559,-5.69698555624221,0.35381877687667895,3.514024902495579,2.5479518465671487,-1.511969386924045,-6.971613240880643,4.092429801503976,5.882028152787386,1
2.9964621632390385,-1.169582991126163,-1.8682957410432661,0.4748717679912886,2.5355975272882327,0.171828027871195,-2.1391653437037244,-2.14003744316722,5.762622236121102,0.875752517947276,1
-5.463535190249185,-4.083653601339457,-1.7492556693007661,1.8392426514183702,-3.835401095094584,-0.5865299502923631,0.1814529919464507,-0.486971965901863,-4.9649810334675015,-7.059627075046352,0
-0.11957211638357323,-3.483621950879705,-0.6151531262845311,-0.1577547655079896,-2.5178336448156817,4.432106768359356,4.518256801717737,2.7041335717687693,-3.274767976520535,0.6643499597638329,0
0.6087296740074812,-0.4984877414265161,-4.225073985684394,1.4694883816664424,-3.1863456472630665,2.418305526558316,1.902613720289568,1.7187985349028554,-3.7401767245995416,1.1470715565383647,0
-1.906440550951873,0.26833215012764633,-1.3541140467112829,-1.3789378997601882,-3.2230822485615658,-0.4982543618867563,-0.6809465702047115,-0.1404328838297686,-1.1032266410570428,0.147879281316174,0
1.4106593416124544,-0.662586413556632,-1.2380749329570016,4.401211134073764,3.1491505812001916,0.046719993744196886,-2.04337735192625,-3.7386983522930715,0.8710228459605429,0.6969103007001176,1
-0.9243804379984961,-4.676048707154184,-1.3235631438038395,2.1266968519829024,-1.5743250825603505,0.22899212097804367,-0.7020461305545713,-2.801501625463084,-3.7859708006579007,-4.220596673318285,0
-1.2345864084012557,-2.4594581591787037,-1.3696631145762155,0.6895271189086816,-4.570978541167946,2.464444390939582,3.7504281250782094,2.7824081128465448,-4.484165639218727,-2.9457622387536126,0
1.1018163746237317,-0.478891553434746,-0.02825095790252652,2.684019458582175,2.8352249966673395,-0.41679657839628925,-3.8905394381099416,0.07261281687570476,2.408619917541757,-1.631848240958488,1
-5.464330258518348,-0.1454666178166364,0.19693631650750465,4.972716502237574,-0.6300586765354976,4.024162494008252,2.3211248065595678,1.9251651074091265,1.2841859824012483,-4.092840012316593,0
2.6506441828786405,-2.6261406785871033,-1.0881490951083954,1.8065866927120449,2.3676077427313738,0.8396686702388976,-2.5552603174663036,-1.5969548428196925,4.22554703126023,2.104469458381308,1
-4.32434047320146,1.254241162557875,-5.657450072678037,2.8192912612691203,-2.9725699802151024,2.3828307841055327,-2.258420976164956,5.890875214875743,1.1684601979344493,-0.9039841564130544,0
-1.1947942619484666,-2.7877248784772224,-2.7585816575984228,3.1490759078737347,-3.721868237957386,4.311557996570414,4.231326868927522,7.966378915034182,-1.1315655016484691,-3.4735745563047136,0
4.172054507448893,-2.5815077797014387,-2.2884057496538395,1.13314412049523,1.983831471137513,2.7126502397811825,-1.3923849793709495,-2.0193699527560693,3.6935464394841735,1.5132929046440116,1
-3.0162326575043243,-1.7629722554501117,-2.9464348316515743,4.598295530774242,-0.8895222056819505,2.4610776298273094,1.009569091522216,4.906266585915251,0.9207508751962572,-3.0622562817311234,0
-0.9442488143838232,0.9106373172449391,-4.187673444988155,1.5093178226641961,-1.1301142921188172,1.3546252679105932,1.8972314752062318,4.890899612243407,-0.33929624422810534,1.29757217401133,0
-2.311228647131302,2.317851208552036,-4.511434441885802,4.5975794494175,-1.3915040960974836,5.4115277559634,1.8756633040803066,4.653999329071226,1.427508376282347,0.35440338681818595,0
0.1400253916977201,-1.2473588818814159,-3.7457464694620235,3.3996215898633224,-1.1504119507547141,2.3964090481997693,1.860948360075243,3.8160870902264756,-0.7689817962836094,-0.5234661789947932,0
0.17470576488794531,-3.2631478961558384,-4.005391899809245,4.151573503530704,1.6956029507765504,1.7761034081731637,-3.2546931236810748,-2.5267504838593595,1.1967251134700587,1.8929593926699118,1
-3.9790724892286535,-2.2260865796620752,-2.234773313509915,0.6571530717069984,-3.5908160294631766,-1.2112009451894061,0.9576593482320714,3.149570505657537,-3.257767518989599,-4.855025567310261,0
-1.16194368882665,-1.1199054018544647,-3.522086263733881,0.7941790934461876,-3.316856873920499,2.7960910319316463,2.9190661622010525,2.006521866783093,-4.3930039532040555,0.8229868348270193,0
3.0764374498944616,-1.1282546714929667,-1.2712152933681435,-1.8099745861274221,1.5486692228022494,3.7698653943517746,-2.347897237997879,0.19865661526117417,4.11403390889118,0.92039513386728,1
-1.8905889636180422,-2.9463232068770835,-3.2431150921166605,0.10370830044334545,-3.614193702507632,0.8097772366960307,0.8353474976123405,2.754752966877981,-3.2287303908468323,-3.912498896336591,0
-4.041877480799307,-0.39860296369444126,-2.1981516018738465,3.9603590856497015,-2.563550537034888,5.195289484620601,3.9432757623594656,4.520425258547142,-0.13493403248102465,-2.1940970795070043,0
-4.624827905898445,-4.429252762983869,-1.3699625109074907,1.9935151529694506,-2.764623546087269,0.9001834817589154,1.6747109978349992,2.4904907450066474,-2.6585118605911306,-5.717759318207254,0
-4.697670242470079,-2.5718067822132724,-4.052011390629989,3.211427317953959,-2.5744673350194525,3.235881318926927,2.8900571284403975,5.70965227692379,-1.622752402016615,-5.628778365882086,0
-1.797416362488353,-3.6941498124310193,0.8984826083047497,0.43594755997072543,-3.2233810092236377,1.3879634901432105,2.9524460605856677,1.310355339962558,-3.677261794619832,-2.760306056223493,0
4.2055479705210885,0.10312941085353744,1.859304002526064,-0.9187475677454073,4.0335878618507,2.400334524939119,-3.832509472010436,-3.5577891268309734,6.315239185195513,3.6801316909572366,1
0.11709932190516614,-4.213916657136452,-2.359717791553658,4.482408030691417,0.8824316515779707,4.412696977868588,1.1084631707874326,3.1350157125136615,0.37825274259314234,-0.16310871505331415,0
0.0725190796213635,-1.0981992755894188,-2.2208868944122653,-0.8656304359166325,2.0714710511705148,3.2031384998640657,-3.5243206789577837,-1.5583023145040429,3.335294526426356,3.303147888347451,1
3.419210575000722,-0.6344700225564803,2.623102249051721,-0.46751691882130286,0.6685999936480518,2.2385742671276145,-3.1676114688354797,0.9375282915342043,2.2519046112247394,1.164492092532405,1
-4.7085662899485765,-1.7121687637350949,-1.3674398295014678,3.7799136892758787,-1.7158508245444148,1.9837211859959782,0.11557241827680942,1.723576460964619,0.06909814114253399,-2.2160418227590664,0
0.6653574599368308,-2.8847030810139787,-1.3682966402383228,4.56307242849747,3.377495353092487,-1.8428320670920413,-1.7395580963522406,-4.062617211446858,1.494527127707597,2.269248051611069,1
0.3422490434521168,0.37726648564597065,1.0337250066963377,-0.5175994786131923,1.4553407712978839,2.13079866228248,-5.89039275501837,0.26470331141490133,4.240263758656335,-0.23139668834448335,1
-0.8812771906294452,-1.0357131998961993,-0.9223134663324566,5.429443456395784,2.332976664122569,3.5305929018955906,2.4120834584820265,2.2186528223390938,2.2815438844266485,-0.6449969217880098,0
1.4059124999412445,-0.8973394170383895,-1.0997539494308108,-0.16362353173647692,2.186123742860492,1.9572712722342824,-3.528769144219436,-3.4766268745472355,3.0888297689902924,4.424256688239229,1
-0.2855058152214123,-0.6867850603516801,-2.9750104754838174,4.357202288363972,2.200425673129461,1.228929022994378,-2.703119773475004,-0.581026032191118,0.5143431017982047,-1.2466387086653419,1
1.1209471544610699,-2.646568510975916,-3.8937406861505854,2.9582583223039784,1.230276196379776,1.707980355324505,-0.4628032174391157,-2.4142722064681736,0.7145439693572344,1.3047117348266037,1
2.0045806207852586,-5.8233014622361665,1.7487935936626808,-1.66413474624204,-4.4101286275872384,-2.1683523279691466,2.802255471525257,-2.8520061888630117,-7.037043045778416,-2.193464088628009,0
-0.3381920550616657,-2.9303186980105322,0.3885283596088889,2.55430533288756,-0.06567737599108248,4.384879867364698,6.723540108601848,3.7192944065384186,-1.382821011439705,0.5382551919628513,0
-4.7277007038375976,0.8723929374647765,-5.213174168785438,2.674888625809975,-1.5254408630021654,3.0116223805677014,0.8598370268629862,3.0781120617065816,-0.44686047965949016,-0.6737520198476721,0
-2.480889776042276,-3.99755487635991,-0.44479825219269764,1.797300659165078,-1.8868973913536085,2.12241294340409,1.8776924316945458,1.535365480320134,-1.5440798442266395,-3.604792320480679,0
3.343630454174998,-0.23515426708745713,-1.9511967270695496,1.2363032565572052,0.2579325542004969,0.7043021946149599,-1.0325937040343944,-2.1697125911731074,1.8310695225749218,2.1841378666507367,1
0.7189942817742516,-0.8875606536576464,0.2797121142465704,2.6523066863461535,3.045321546446921,2.551433412696975,-3.3249107435892027,-3.699412612044077,0.9064573243889078,4.509023110010025,1
2.9011210654870636,-0.46347349015282435,-1.4312550065710798,0.5263851737878911,1.3871558491203664,2.482409153428791,-2.4961970908002407,-3.083837885419557,0.8580950648011283,3.5970129651726586,1
0.35134490487934866,0.9627281390408888,-0.4269932102191891,-0.964971381298215,-0.5193802568255541,0.3447540721507103,-4.045360028822053,0.5426230348527992,3.314937436320524,0.9724775431892025,1
3.160708431986343,-2.566604698119233,-2.2795837563568835,2.692714010366562,2.136791980095954,5.404806899798018,-0.134470623772305,-2.2046622037025387,-1.0307206863876304,3.351792863845553,1
3.656788218636053,-4.181254388132554,-3.1632632722546035,2.0856411386055207,2.7294074543811995,3.930236280191858,0.3617038959782355,-3.49111035180649,1.7392827903338466,2.517749615700153,1
2.6837584203019684,-3.8958992896314038,0.46407437816078945,4.868663577809076,-1.7094690850089238,4.939625342611688,5.1231426809212195,8.41997700959232,1.6166904580264139,-1.006711911862576,0
-2.027705372656662,-2.5196084878205793,0.2838083945739993,0.597267582612582,-0.3266860120974624,-3.941403743615835,0.7004856333708485,-0.751004017314413,-2.1701236720882955,-3.0375124031343157,0
0.33180353042286614,-0.8758702167567052,-2.9107554758057086,-0.6949486660161579,1.5129838717050772,0.7782867036303935,-1.6415671414731086,0.5967536999016354,3.2729182863423167,0.45138375052647106,1
-4.709680490220009,-3.970934362517439,-1.4005906828922843,1.670777938717194,-2.1350156013988064,2.1608618860844406,1.583598547798617,-0.452868324531845,-3.954971544327149,-3.461103097329474,0
4.295828214004792,-1.711715501881199,-3.564017801361504,-0.7249305246895439,0.6328795108561194,4.144130883032168,-0.9955763621487181,-3.3073749221754434,1.628852834276771,6.4532562218785365,1
1.2161466243824894,-2.080369973106293,-3.3318810216219323,4.148621123857884,1.2908059481800855,0.29323342048346346,1.2235264623689623,-1.0701163485824168,-2.6630940645639614,1.4311835994122704,1
3.874645255702253,-0.851965145559999,-1.1172277225013654,-0.44080349989227363,3.180937902072396,5.676777845574572,-1.1429025809692162,-2.9847466555703335,2.350075585687584,1.7938019856261773,1
1.5181234325054862,-2.7033753825206333,-1.2409734775752388,2.055883159268189,2.194339898342654,1.5934215145596473,-3.3965857209353016,-3.4660535783192623,2.6141736311438994,4.194541792218484,1
-4.150540199273456,-1.0086032014967987,-3.3504172636559177,4.423634586950218,-1.5465392355450964,3.1771755886988546,0.21729620766242252,4.0331676741505955,0.8603920307056714,-3.482268390321863,0
-4.434561355182533,-2.005252958065302,-1.3667434378894894,1.3810465453000766,-3.028921444051459,1.8432396412714898,1.5443874755255877,1.6227846437586224,-2.7819304329996677,-3.029900699032111,0
-4.594941921309712,-3.173569709688198,1.2548836925267586,2.960050798838599,-3.3921591573343886,1.8033771429982897,1.7630814530204941,1.354925236917039,-1.7995530966511644,-5.400361895950127,0
2.513508355676457,-2.6349453569468793,-0.42562112785717754,2.031753134536834,1.764911094906238,1.678651633928706,-1.6431249318321552,1.5345875708785357,1.6100953788114827,-0.027640302407630823,1
-2.274062098989058,-4.076052461281494,-2.4217488156684737,3.616592595245322,-1.6482957091766122,4.216194052293353,2.5026598553237713,3.3813873414826583,-2.3266980619895996,-2.271011812232477,0
1.351344171900541,-2.831403620715328,-2.626924218142296,0.9930490385995725,3.2909897575422056,4.449453440927083,-2.4810425600587283,-4.244367452561166,2.4916402819948402,5.957222601859237,1
-2.6427356086390206,-3.99774924974087,0.8484857477292662,4.018266501627627,-2.0343092913577463,2.83456696972945,2.7521275599307113,4.71369121246306,0.1290475192627527,-3.799990460082073,0
0.767228301691552,-1.270596934522214,-3.995102607494016,-0.42382399395164816,-0.7950103430761768,1.7637010045182064,-2.169989063930405,-0.5375137445556091,1.7065483200179592,3.2609357425905183,1
0.09615658960579587,-1.1500450553916814,-0.7997386537826889,0.34813460924481654,-2.073142940698161,-0.37385104673575675,1.7332255983251752,-0.009436964029617023,-2.465582619863421,-0.8646379985181083,0
-0.8538315612833296,-1.5321875806343745,-1.0576659504938504,4.227450083195608,3.275681650301619,0.1961869092587749,-4.466268543547338,-2.5056599132227912,2.1390455672296347,1.643560363468577,1
-0.7875034277590838,-0.755372823935371,-1.1334627155123955,1.601083197360496,2.565563563699303,2.018106344773946,-4.10660327847474,-3.853269070385589,1.9484142615968716,4.577986663678164,1
1.2206258173648181,-2.3916293358494745,-2.3685900546250287,0.8225291209615697,3.613892022487942,3.237536526031693,-0.8809282430371108,-4.1279259170509475,1.080193704737983,5.991538440040592,1
2.1711975865610693,-3.9702438094293067,-2.8024237618819807,5.10728353953607,0.9344339854956072,0.8727020161330308,1.010900080193371,-1.8520734042608147,-1.4960229307491653,2.714713747981541,1
-1.1871158527345964,-0.5189081266539695,-3.3400345963792564,-0.2877406733205716,-1.909697662208665,0.6917829763409848,2.045911179334803,-0.7978716066939864,-3.6459104370911897,-0.7714001469205827,0
3.2780360047007835,-0.0517623066025763,-2.395350975169501,0.2345218920951666,1.4375917855733236,0.6764085468227945,-1.19170902398668,-3.357789066592493,3.3610258331053746,2.78094856846165,1
3.1742858928575823,-4.832899242583952,-2.210676025846359,3.29210077548436,1.9517208270668003,3.8186375923130313,-2.554191403316641,-3.084327386600224,1.9197624425700044,3.825799299288863,1
0.5258567729934436,-0.7784429279381087,-0.765937775973446,0.2151606803446411,-2.7906567162780407,0.3915804283966946,4.295355018613571,1.9784979543206365,-2.6844470468980117,-1.729403763102253,0
-2.4705010434975243,-3.4943490079665054,-2.1164633346410704,2.748047169675619,-1.8231696121878889,2.8502606646020485,3.4579351326292977,2.7665757567040936,-2.901773519811734,-2.7414420106182025,0
0.13969557409888478,-2.541510048800379,-7.261795871587016,4.352305312545127,2.4513157511301764,0.6478494842839735,-0.5163920444488772,-4.138918083949246,0.21165374397704295,1.7986230872551954,1
3.136821074787967,-1.4925468736151815,-1.0757087373807228,0.6540898047787866,2.11676301866208,1.3585783412741144,-2.2464272050191245,-1.7400456505449498,3.8357525736067313,3.0045606288183313,1
3.7929314648132975,-3.118949345414901,-2.692309349459654,4.838996103225773,2.1737844544668388,-1.5011324605888472,-1.2986271305557286,-3.7185147911405494,3.0515161858395876,1.385260269510776,1
-2.445087024062041,-2.6238911511328444,0.8091376951941172,1.3799009247988328,-2.55464963805387,3.6755474347583434,2.6900918563068634,2.0545223217846194,-0.41859765634855917,-2.6723948285951895,0
-2.5969196165787682,-2.692873662666543,-1.9321306021997597,0.8759789111468257,-1.8192639966388104,-0.9171322963661113,0.8449022059303466,-0.15896681909163268,-3.2425980468283613,-3.110064555898253,0
0.22060039832227307,-0.4025091311404505,-2.8857742371272077,-1.1971210719846512,-4.086203750117955,2.3239705287387435,5.485123108205769,2.1227490347269273,-4.730910618235161,1.0543661068233505,0
-3.9018625672147564,-0.33466788469829445,-3.0824992107180154,3.7686781624329795,-0.23819378804072056,1.0226112314750124,-1.2949113038311775,1.665680217143178,0.977525511749799,-1.2081826307897758,0
-1.8841032251393792,-4.327348502856514,-3.3279050779909385,3.531176825787851,-2.7215179490087342,5.2168931782818575,4.224222305491165,3.2358085380632327,-4.825649876777897,-2.5555882380444497,0
4.295095976828777,-4.695443913968909,-1.4142168838093667,2.2371689468324067,3.522864142744228,6.6507936836030765,-1.6217888619867833,-1.1278026921052888,1.7750672458086278,0.1543250669813938,1
-1.8313961655639681,-4.650103149041179,-1.1174526771499016,0.36009182273028717,-3.787487522831393,4.400196314274847,3.9659613244802285,4.041868081926371,-3.7481953563833206,-2.461705704359424,0
-4.713801299293175,1.1928076203112257,-3.08470772961394,2.3001265390926573,-2.087444337331206,4.12966706395931,1.7603220773241068,2.679772123909489,-0.019244116737059613,-2.7068962638751124,0
4.792251393926732,-4.0014051539076885,-6.142246072657103,1.9712692968967231,0.898330758863366,1.164475361250628,1.577358968185766,-3.8311079583457976,3.0784859805621454,3.436380770212181,1
4.916046320468473,-0.26908020797635945,-3.206830885361499,0.2190008355181774,2.210832453008278,4.653445269618192,0.06902270174501046,-2.867175800394001,1.1849823042646572,2.3197027285364733,1
2.047056983886784,0.45348643334944416,-1.0616710080297103,0.7037301622193861,-0.35521840289516904,2.4846374376271947,-1.8094252603857994,0.7696877769117356,0.3079787212757301,0.4249051824847987,1
1.861766401092924,0.2473525459582171,-1.6338342702064683,-1.623690598058619,1.4067839975890135,3.1899247534340134,-2.1728620950566655,-2.9841260455888907,2.3126804029696895,3.473473256364164,1
2.886033345149566,-1.1050561671508796,-2.612942128801952,2.316423055729298,2.8504718442092467,1.8219621862283883,-0.6118525268673622,-2.3289069378784033,0.9183082162762406,2.416537683505543,1
3.742737027424116,-2.6922992182250054,-3.9543550928780458,0.7524766200213326,1.4833476442863747,1.3822935456972962,-1.7678230873250593,-4.841225095944834,3.366021349780174,4.620710561999638,1
-2.710219326046489,-1.1252761440633468,-0.6418173012791495,0.7786715009631466,-3.6794300075102395,3.1275669078521977,4.035701431651318,2.689467900368146,-2.1721509763181137,-1.5453107080961332,0
0.51726258388222,-1.9727875048818793,-0.5247913078743693,-0.10260933992339005,-0.8296636460870808,0.0278133773967153,3.3775314486954544,1.7365555746961812,-1.611203287693361,0.785283283894572,0
3.0092492855438113,-1.3947855323948402,-2.258371683068394,-0.797720430518146,-0.2594379979391781,4.094546333697307,-3.265628502614768,-0.05170078011035284,3.642629374281328,2.3857395594607484,1
-4.706429101355614,1.0825241807756,-3.9170371894565976,-0.24136364041996838,-2.6487125847402755,1.8720226550160413,0.4826677758350022,0.9304133291414223,-1.3632141409146854,-0.5838624785397506,0
0.7248944822572487,-1.522916804025283,-5.41477090789566,2.1372250952917153,-0.3454165745587865,1.2715513295245997,4.342669421979451,3.7589108803589637,-3.6373801000780466,0.601781082224842,0
2.924961595131127,-2.8246868256969604,-3.02547196106096,0.8401903467394083,1.4538190895006795,3.226108170093009,-1.6911305398111283,-1.891364785393352,3.159652200787156,2.930935192622661,1
-3.882392973550738,-0.14407857126886725,-4.657123748922091,3.572543479806493,-0.5015987797458457,4.087051500305771,3.9934241939579316,5.398482491205222,0.3277993672574846,-0.5979796489228018,0
-4.97072227312486,0.8370870726523298,-2.7288143465711343,3.938669461965774,-0.7207550726041447,3.7566570976647045,2.5523084035116685,1.9780579306956645,0.02843573578310954,-1.7328004510377628,0
-1.8457192902702904,-1.6391465092395474,-4.158905923394155,2.6096478918966453,0.05833276973779755,-0.03408047376769252,1.8269780179762476,-0.043751682893774735,-2.467662253601317,-2.4896772435690218,0
0.1864390571120902,-1.9528603285457935,-3.29368721146128,3.9929828971451364,1.138085217523341,1.4745587457054934,2.6368371960493335,3.7065817513490993,-0.12433549785758058,0.23344028970821373,0
-0.2830808440832753,-2.541207153652504,0.9387583630501979,2.013394014476222,-1.437920722003214,0.3534530730031409,0.21307844180313884,-2.939198462959526,-3.2709980369749116,-0.6738504553439488,0
2.2589649375106773,-2.2960591957786587,-3.276264085287479,2.5410390391914075,1.9360941358311365,-1.888934506117797,-1.888967615136483,-2.612684163125432,4.070239296239307,0.6575409524338334,1
2.8765838286944057,-4.098945249211964,-0.8359091854715148,0.5358549577490328,-3.1682768472091425,3.599579736106164,5.290401319420952,1.5359204924576,-5.142573844604966,0.13324821514736485,0
4.873166012230229,-5.564000631929702,-6.197736229790146,0.9176999735644595,2.244398770750734,3.2962092617194454,1.7669011108601977,-4.529458042827523,2.5197941006706115,4.780852769568141,1
-5.273253116149258,-1.325284912653481,-4.417344785019613,0.8022805577351928,-4.295723279580773,1.8601671397964676,0.3565085804750803,2.0511475002368638,-4.218041099619505,-4.420493159402124,0
-5.8715708250521965,0.9783116711161148,-4.8606630807137785,2.6560869603513835,-3.2393689647010424,5.5589611467033855,3.749823155636446,2.982009116435288,-3.1629984734644436,-3.1994821332740804,0
-1.8746979637533203,-0.061553737976816736,-2.512216529833345,0.2393047986404675,-3.308968399879509,3.31235268729696,3.255882393078385,2.961273368787138,-1.8500598529013115,-1.9665915846112516,0
1.6122470541911404,0.016356770267366816,0.30146105330934336,0.825790758147483,1.1703969265075367,3.03319076019356,-1.414957009102889,-2.140725365796732,-1.6267948248522792,4.557007253482924,1
0.701169603488669,-0.634920661228465,-3.746352227582118,4.347781622746445,-0.050307466121182864,3.515750344042771,2.3547753068400743,2.0745177286976375,-0.14679502798627553,1.2861596746375445,0
-2.3472775645288944,-1.3138940022967884,1.614427015962824,2.3625084104421883,-1.0029494570783961,2.542835852206288,1.9138726388883054,0.7745466147798756,0.6182186245376524,-1.5366245876474471,0
-0.18523982653467996,-0.9144128203866069,-2.4338110336313963,2.768674884412788,0.1255412399765472,2.234096079925895,1.5959482990991414,0.7275000582869569,-0.9052184729523698,2.288505631956304,0
-1.1299693658559058,-0.7540784330913155,-4.020576925018378,1.5061975400982033,-1.194987044054414,-0.8992068267542219,0.6310845522933815,1.7368938080993335,-2.6946339882397474,-1.295448424127038,0
-3.0789931074171975,0.14344782163752923,-3.3648289686508925,3.370198143798814,-2.023115653347165,4.477224361777238,2.7674628990115977,3.9765778918711367,-0.4979169195819564,-1.3491585912068598,0
3.836173900725427,-3.0036620713437614,-3.400647960534268,0.02673230145496963,0.5278086015944683,2.8195147951706954,-1.7446577069115805,-0.9031516492345231,2.936660242500334,2.9340818120645005,1
-1.442968055656428,-2.4738945180251086,-4.423690906390291,0.1032278339667736,-4.6800319778516215,3.3948095550009976,2.8107602764441912,5.895595326197009,-3.6689153323533206,-3.4287092004857964,0
-3.5646514673478036,-3.1460485349813423,-0.6128369077064242,-1.8167613909518012,-4.749605566349864,1.7423815346345966,1.6309288157542663,2.8694009766021438,-2.9685318752740795,-3.039613714296192,0
-3.555518200858815,-3.430260954124215,-0.5710557902938993,1.1019241875357408,-0.6750512331426937,1.4949978029826516,0.9130443681778391,0.7411522041643939,-1.7736621176646903,-2.9873143966569673,0
1.1994650402340152,-1.2195898137849341,-0.07954406239569978,3.1453376768653314,2.052681823332362,-0.6493941703582928,3.349116750744714,1.6219009224232546,-0.0002242353061863156,-0.18495166351609482,0
2.4293454272480917,-7.023450156202176,-2.7071665640258074,5.402252103418167,5.257414560381999,4.68904352236218,-1.3984313569065492,-3.59148507498941,1.2269837011238542,4.124432520674022,1
-3.5855012933177255,-3.1127077295728154,-2.705914145945682,2.9927751741139668,-4.346048210209459,4.174572959057798,1.021805491746918,2.444931897207934,-3.2558977946149654,-5.016532733090221,0
2.1822222877853985,-0.29310854535574493,-3.1391631068118517,-0.07869487792269636,0.16091171165692186,0.9973366971786697,-1.6586761498233624,-2.819758077293276,2.3503076607531512,2.807654338104259,1
-1.8866115939991144,-1.631972945526314,-2.697730675185225,1.792804073431139,-1.9795936048954386,3.2239676967195012,1.1512882399074424,2.0259759007031715,-2.3847790770560424,-2.2850398328586827,0
-2.200864175930139,-1.3109095802491517,-4.066860476726581,1.8677010831213305,-2.897167573234875,-1.7715617011100453,2.0371727356598055,-0.27614506646396997,-6.199420721861746,-4.0119245868129525,0
-2.3947648955553578,-2.143491804926411,0.0037568066636639585,2.1709126214994434,-1.2764260590806336,0.9834237393574827,1.0423557098109737,2.5902688771302884,0.6590651216757206,-3.169847978585319,0
0.6604692782638404,-3.1146146377378248,-3.180756837901538,2.548640792499877,1.9668065140723183,0.44706731015280043,-2.497838623279367,-4.1272851078573165,1.2419136725273576,4.592914579908884,1
3.453305968540617,-2.634903400901593,-1.3324471118203975,1.5697405025200475,2.281071865755292,3.6730493567237854,-1.792898482719941,-1.0861049607804167,2.840658422407655,2.881919418047343,1
2.2204120177699465,-3.18479420949195,-1.6902229413358147,3.4891534249459086,2.4274102343285917,-0.21932893805953402,-1.959900566715174,-3.846935826362367,2.3515836965908252,3.8013032884569227,1
-3.270449392557566,1.0120674851403395,-2.1501153305436254,4.115507818756435,-1.8645982943498904,4.9041384880730785,3.586422063387965,6.0085598401934766,2.2957707173871187,-1.0861478503153168,0
1.1388973186515092,-2.1525024432165174,-4.204672019972392,2.119805277968312,1.0506835001656747,1.9045422400402587,-0.7776186970659846,-0.8762956329283913,0.6854417019682291,1.9148436824525796,1
1.60944215058828,-2.4412857006975277,-4.600787545100248,-0.2865697265282616,0.4985748810393147,3.080972393886385,-0.776022081323249,-2.1203605748120573,2.2541784929041806,4.559699241618785,1
-4.62204479247116,-3.5877503714903707,-1.0180067550555831,1.4107470681197012,-2.402497467953089,2.154191611898604,2.0457011812729387,2.450390562852772,-2.5411745020914065,-2.869010849887892,0
1.8594815664353266,-2.4068358197258353,-2.1637382792183026,1.00500803781601,1.4609070965397302,3.9068775382942666,-0.928881403811324,-2.0365681891174066,0.6226371528468795,4.02929984120823,1
-2.680201197665211,-1.972753497031153,0.4097360871965403,3.901678951407291,-3.112977257396586,3.064666400585678,4.3872336088891934,2.165792564968605,-2.3904958685331965,-4.3190768148955865,0
4.072240032041303,-3.8467332755184866,-4.1303997623911854,1.6025270229213564,0.47069759780671405,1.8168442717493112,0.6918961473989769,-3.022777534997746,1.889268658669394,4.442386226856433,1
-6.669160436636063,-3.998399999555516,-3.5279726596644103,5.111295500646769,-1.5058854409168494,3.1992475347576703,1.177336845579736,3.8244254431528004,-0.7421448197057483,-6.117689497590085,0
-2.646311590957721,-4.275682085098072,-2.656795536684951,4.962768358558007,-0.556105259000635,4.594891337314776,4.009550472073334,4.034044642688906,-0.7498307421216199,-3.1756007287182983,0
-0.4352211168311533,-1.9471127701716469,0.860261638663264,0.9917367374854884,-1.8461260374362833,5.443803426650192,6.694262013825938,0.8913736544846425,-2.6613290791792528,1.4209772545401358,0
2.8528776014130375,-3.4386136833802796,-0.11883230591828853,4.734534036848612,3.4550949359726477,3.3688224949928376,-2.5793483401264594,-1.3942231630157191,1.0053731002312563,0.37442965827592856,1
-1.0512162206178932,-1.2215424053013195,-1.899242874802894,2.634692424079041,-0.8741478008342196,0.8120630746869104,0.42981658977899495,2.6353440220443374,-0.694522043200829,-2.7938303415685617,0
1.944648426261422,-1.5152996474552543,-0.04299159754055881,3.449637082065654,2.406154283848315,2.936511545979071,-3.420749888312538,0.13052295502668043,1.7437086892490226,-1.684439354794085,1
-2.2793395431330854,-2.4293517884781806,-1.2511772906173562,2.5646364954877505,0.49217563074362536,-1.3610443121831746,0.13031000379724356,-1.8150137402715405,-2.486244990918339,-1.8232749600871125,0
-0.1930543995329359,-4.265995266458935,0.8814883685747716,1.2933927623432324,-1.3684195699437296,0.3273016349962279,2.3393628204642116,-1.8310794054098083,-3.3954262260590036,-1.4925531498789035,0
-2.68388567822507,1.3774877123271878,-4.361546479691892,2.054624364653455,-0.8788144699627682,2.9160024197039647,1.7394940588740602,0.5899694615423337,-2.0881256168152498,-0.30104507432529304,0
-1.3491461788057815,-0.7827108851990703,-3.6218055609735833,-0.44838783994309006,-4.017536974289271,-1.4593462461983013,-0.4542851857205399,-1.1505659030057696,-4.767871866389132,-3.0585993650521206,0
1.0809861851768146,-1.5378693502161045,-0.16545233244134905,3.612378128744233,2.6674286228105633,0.813616179413688,-3.7028434638413517,-3.0925371575653156,1.4535619378517366,1.8317223798180922,1
-2.0153348085436535,0.27635211353711364,-2.4231891284572424,4.074401156840191,0.7521590819396047,1.9866235569242814,3.3656689215425604,-1.2798859039829598,-1.765782312506966,-1.4434621344857903,0
1.3135869535691285,-1.9091587942804042,-2.6805795590119263,3.344427028779343,0.3540111533700636,1.2671576131121451,3.2247219536988325,-0.23127760162851985,-2.775078758093228,0.058145725755664124,0
-3.168497794174023,-5.768799536919609,-0.6704291460804039,3.1403588353467713,-1.3691434509461025,2.749723993372948,4.204611564542816,1.266256069542189,-4.356810948941742,-4.582828320048982,0
-0.8156236038072098,-2.6604796591193374,-4.044685527272264,-1.4437044445506868,-4.461445113215774,0.8172623514973125,0.8313878054107269,4.950640482254502,-3.189425625430645,-0.7068170162088412,0
-0.5751871603667482,-2.094979079478418,-0.8622972019451223,-1.2061398004930535,-5.049599781523042,-1.6384457209535839,0.7223719451663857,-0.48294346686002854,-5.0275998612450135,-4.04553913819681,0
3.2676605862594386,-3.9341834819172017,-0.6198209176283744,3.2261951456523703,3.7516850162773805,2.9134863369240005,-2.266951614565537,-2.0080376753346316,3.122675543938566,1.031135425887789,1
3.342114231170736,-3.8520753850560485,-1.654561456719201,5.941158826784498,3.5792925757566962,2.0356278542697313,-0.6169877745182146,-2.36588598022198,1.2434858748577078,-0.40853193346252725,1
0.41587795975284436,-3.3244965075257777,-1.3989448656276169,2.497526746643493,-1.717897674701109,0.14362663742480342,0.40241800216204626,2.6375513972307854,-1.2064663400882587,-3.0398407815826642,0
-4.053307873271524,-3.784498065373345,-4.718297697633226,4.982602351160601,-0.44358169291686234,3.0051211719453876,-0.13254792782092784,1.162247270583509,-2.265994491739985,-3.2526978315995976,0
0.05628037462207125,-1.8904876763333942,-1.23818750597521,2.4343667235819875,-2.0121882648774805,2.9898971315111336,1.5708586584582616,2.298148473427218,-1.1775054256314315,-0.6855768799045379,0
-1.618630779844536,-2.8298611330292474,-0.4134999635760208,-1.2482802979627596,-2.2242642201009244,-0.7095967485371948,-1.3024149171761894,-0.08821438722819153,-1.9218194022516575,-1.9790119691777106,0
0.7370831841845549,-4.970613702289125,-2.3674659614439144,7.026362745593678,4.865502847068893,-0.4020879579225971,-1.7662643559141202,-3.2463158969980936,0.9371950093665344,1.691573469679635,1
-6.794747823929863,-2.0274510976037927,-4.751414153943291,4.17353674447449,-1.6342994921852996,1.4624411698246171,1.464866843061242,2.941147519826345,-2.474637045642887,-5.679613015140726,0
-2.3361186052245557,-2.6954101828709973,1.2481372177439405,2.7269841002373014,2.7897044585757476,1.041599816181467,-5.631254770428487,0.8368468673754283,2.258787396836905,-0.5961276464860545,1
0.9034489142310171,3.2072693409573176,-0.9137352186885379,-1.7900920736047734,-0.8366854823183147,2.0298061889107335,-4.184391724282948,-1.3272738572450997,1.0950663658543598,2.0073823045945405,1
4.300680774970495,-2.192788400974731,-2.1108846547855364,-0.47042864127363027,1.2964138576782909,1.0792108030163017,1.8683714283608488,-3.2650883124434804,2.4444645215543015,4.312473931467178,1
-1.015905182085787,-1.7609174497030105,-2.027098240011308,4.349895513114125,0.6904252522342516,2.5556021890048837,0.7555693165047377,0.7882317087774251,0.12828385102543027,-1.779834680750617,0
-1.5800013578299987,-4.250974314054453,-1.1114072623471545,0.8134314538161587,-2.853000522387999,1.5745638796901726,2.199053333911151,2.244879127037121,-2.3496529124420698,-2.4388990486123934,0
-0.9069506874150928,-2.4117024777276916,-3.353644432060023,2.36326510053207,-1.3300989156979302,2.182149431882463,0.09170189815009833,1.2805218049335647,-1.7241381719201443,0.45535881489866625,0
-0.07610168666626893,-2.045779651385131,-2.6446626799772837,-1.098760152444052,-4.311730670438635,2.968998482681994,4.5926934061328435,4.713241066249006,-3.527626677990615,0.45606616437398895,0
3.030656192780717,-0.12615712916643762,-0.8804871186332848,-0.8114940497479362,2.5173456563382395,2.581887086775115,-2.49996175639386,-2.635741794161701,4.025245659809974,2.0527906776763425,1
1.97720060135711,-1.2907234541448087,-1.8298017137304494,1.6549992720017763,1.2122755864485748,0.31650066624747275,-1.6464310653099636,-1.877316091606255,1.4711867997664039,1.2768529953247636,1
2.48423168801367,-3.7591479684665567,-6.232223469344682,2.389646542293161,0.9746267266046369,1.8254319954801395,0.5557033245058145,-5.290710532343053,1.0167057385402827,6.329616865044474,1
1.3040071720064332,-3.155370037844556,-2.806067427744263,2.2914934714973683,2.9070108774976156,2.221801145480815,-2.891450786916912,-3.884513442454666,3.5988475055696876,3.6150267017250926,1
0.12028497034255103,0.29738982213172704,-2.7412533763084674,3.918652236447125,0.07730096240993722,4.28126650213955,1.5459563769109221,5.450657100355691,3.5912479888113467,0.8052201467878599,0
5.6230010596322,-3.7839001475923277,-1.6314025844875388,2.427570222765965,2.9788590815512643,3.290679833279449,-0.8908353802513977,-2.863798851428872,3.7344264234944946,2.2617170058664917,1
-3.400489153062031,-0.26015138875020893,-0.4309557051494859,0.4696228821183792,-1.5562283040345721,-1.1702549389326493,0.5163144746292667,-1.9690387233652071,-1.56878576531401,-3.6606957594894958,1
-0.6008592286385921,-0.6257161473820589,-2.077686458063254,2.934187324632384,0.29315524625171463,2.0505863250712415,3.5313154790403063,1.9534591034457511,-0.29168352807060893,0.49456198700179366,0
3.6296501901282294,-0.8625033486760629,-0.5123405317696239,-0.3612645893596813,0.8930322926795062,2.6906506185523433,-2.1966724239840794,1.4265309438643303,3.241309800413201,0.1876568528210838,1
-3.387126081009884,-0.19791833396543712,-3.1088428717734438,3.0959232502100056,-0.5564925962658693,5.09944095711095,1.618189786893776,1.403145786411032,-0.2138470877468741,0.5458443320666198,0
0.2623783926795151,-3.5060188737986486,-1.7601590161952758,0.5144965414191895,-3.3527654243426754,-0.3932800188972534,-0.1912166024950186,-1.4948298482862832,-4.744229808852666,-2.4600789636647784,0
-2.00046261730369,-3.6141880777767046,-2.246053017068556,1.594252842187934,-2.7169920335019966,3.682867083338971,2.7937239604580713,3.6854205441246615,-2.9368144471800237,-3.4459790091980596,0
-2.141949119098804,-0.5327309343351949,-4.324517257196071,2.5330115525247914,-0.15458578700102876,1.379788866962933,-0.15671187910211648,0.6622658522107354,-0.5974260638085134,0.6803475868869433,0
2.059659876849619,-1.3921894892996383,-3.64760514866235,0.8833260549505939,2.0786092810623384,2.5377544811176604,-2.422660956409463,-2.42166032019405,2.5640824971158995,1.0879762657788978,1
0.24045757973979143,-2.713191927249338,0.6254059677272896,5.1107574084658784,3.4560424255679507,0.8048193888964954,-3.5249501523266176,-2.5050237091965726,1.7778563340926343,-0.686197651284008,1
-1.4896097696949768,-3.142278211998708,-0.07332658273774051,3.4280582537515274,-1.1859376733063405,5.888386835121854,5.233061684868058,4.223862532587585,-0.06437805580569544,-2.0420552385086164,0
-3.0677530993419113,-1.7309440126000002,-2.401709269336331,1.973150175528303,-2.582941680636065,2.0617447976097867,1.839545392654545,1.2230252371608246,-2.5771759603808624,-2.5512729928094817,0
0.018850357016090058,-1.5452183186436204,-2.739271187085155,2.6299165374204967,0.8586770587042141,-1.0499716054321895,1.1834435274975288,-0.5839934788335239,-2.3514860909184994,-2.19440706425664,0
-0.8692255060284064,-7.690793629101268,1.2584926027946564,1.4888815679448872,-0.8260298278356231,0.5818299576679242,4.276797550826401,-0.42267632903039765,-5.604319108709909,-2.5210879689396,0
0.09797407312143447,-6.694889346171095,1.5620914780645823,1.2883492082169534,-2.8449397999076673,0.8578136635751186,1.0887776838677685,1.994094985165184,-2.710897415050516,-1.8323530870715536,0
0.575302744184836,-3.774321146027611,-2.118307505814241,5.924934221552492,1.4270073919304402,1.2802954792748769,-1.2188773649948255,0.9306400741347924,-0.8398673222491313,-1.15922770274299,1
-0.8275942340882778,-3.5217420157198593,-2.839191888190082,3.1557523166006423,-4.386117863497195,5.203410903287322,6.182852034045971,8.168634166576798,-2.0049508466634274,-3.4596569655564124,0
1.6957704594907748,-1.7193186894595867,-1.2864341370456807,-0.2621498355470284,3.450884044924788,0.22596267367591638,-4.360915049408616,-4.7449187674165,6.723073546211281,4.524213537821131,1
5.027247038746221,-2.0684844799751634,-3.81252328947475,-1.5226961971549073,2.850195574331031,4.178112839141875,-2.5471259627485234,-3.7845975432155203,7.263958426037997,3.4666481900638075,1
1.2554628620279842,0.01296306503786715,-0.87364763483272,-0.4805250555278673,1.1925724089683423,1.7258538692633423,-3.803528151462242,-3.7994320869292464,2.8807986696343724,4.351257645334029,1
4.525350213854919,-3.358034708626632,-4.797140645363713,-1.0731524615063361,3.2475475674604106,2.8412328785584164,-0.49709024571085414,-5.248697531579765,6.045642179060523,6.912197311842149,1
3.6973651732949184,-3.610682274183416,0.8594680769230583,4.5594841089950435,3.3342526019215764,0.36065958293488243,-1.9407319090616857,-2.3918175547408644,2.446976684769675,3.9471661867332086,1
-3.105615644719942,-3.7954247123647336,-0.350239900053017,4.01535399133919,-0.5461004386048474,2.409490505022128,1.1407630920012002,4.239868800109899,0.31514745469309435,-2.9581147734970252,0
1.165656621999053,-1.3407977284205541,-1.5075365953839013,0.24914426930595002,0.7747825035806988,3.5893808919981236,-2.113371300218659,0.6139691298862706,1.5093805912487896,1.3183241492142508,0
0.7393292715963065,-2.231751225712343,-3.6284091779342402,0.6208222423512473,2.2304986228869894,1.1901048468497288,-3.374230162728784,-2.6335852173593226,4.173344638334706,2.985187528468747,1
-0.757750063690223,0.6522217638031247,-0.979678549419349,0.11645621996524258,1.4053350630059684,0.6568337844529117,-3.8049152606401666,-2.4687269624054973,1.5444668253630651,2.3554934893547177,1
-0.6663373435679232,-1.0573681182094652,-2.4774646484556135,0.9690435890414364,-0.002558424498822598,-1.3011952169787628,1.5728171669001525,1.7019343716312934,-0.2320726528641195,-1.682870253648691,0
-0.5012875810722728,-7.874449961974506,0.34351983879459835,2.379446393244061,-1.979890143776033,2.763996485416317,4.019135907869975,3.4893788228218794,-2.4238938001450423,-3.843163955643454,0
3.8225698141969207,-3.4474986254176887,0.71706287233369,4.546433394188815,4.336182016889441,1.5779820240872418,-2.28448352102793,-2.9435740803146095,2.528220311033677,2.3014498220690576,1
-3.536050638760554,-1.4592398601638248,-0.6334227400266195,3.5954071050217165,-0.2908468355590179,1.5796996041795008,1.5381240805331151,1.754438555055579,0.9207800830839625,-2.7014387374008417,0
2.115262272220236,-4.142930735698519,-4.055941950445167,3.3838734919682034,0.6373760370266117,-0.39813465533539816,1.0349473221641485,-3.0288564143316306,0.4866631544351907,3.3182421127166406,1
-0.6467972135370355,-1.803408224417747,-2.514363635830395,3.9341812376511998,0.3063872300765391,3.088947973962191,0.896245488835987,0.3321677357529276,-0.5663788994042167,0.3216928136775121,0
1.843065801834242,-2.509019729815042,-1.2389501048508196,0.5069051807788383,0.6543837968899227,1.902890108746634,-2.3922762828794104,-1.2415602523254508,3.7259046390504014,4.285939952964383,1
3.616049830801254,-3.157054420489879,-1.9154669738083763,2.5539803672696384,3.838241671417254,5.156227616140854,-2.323754132829786,-4.163453652498188,1.681836544957463,3.57289658629792,1
2.764282376455016,-5.0963684808634895,-4.083266215188656,3.281562798294597,3.9607015281976885,5.3866285339557525,-1.5379004697865544,-4.876646423282144,2.0949301135499545,5.295244004517819,1
-4.769832685917182,-1.6245437011012327,-4.616387195192281,4.904508878129048,-2.141863848267092,5.042995030276025,4.8793660190588035,8.277112123150879,-0.07017240072425501,-4.407455538575251,0
-1.0599946464105003,1.1036788845220462,-3.3866550102026873,3.563577549475044,-1.3697835286793918,2.327196623070308,2.87209155482027,1.9304557615571425,-0.5998745141848416,-2.212861743191313,0
1.6683703531382852,-0.8430737178845749,-2.379757575520619,-1.9220605776376969,0.3665340560252992,3.56785289496717,-2.373395115477298,-0.22953837677708333,1.7506508872982183,4.7902555761078025,1
1.5034506057603485,-0.7633191625215898,-1.5555362229788696,1.4112832138081048,3.328283244701378,2.631475565622945,-2.6563391670585785,-2.6317687452619656,1.1489758410640962,2.0222421263937034,1
1.844909628994484,0.6438771193832036,1.3081146328988336,2.839996870126617,2.734533935819352,2.30875188277426,-2.4685061928132845,-2.577028284134952,-0.1320933140756999,0.3357152937702472,1
-0.26294118531034183,-3.0186472916744336,-3.8546780247469865,0.844738914222315,2.9883286971249454,4.612901209147741,-4.5161344767015965,-4.587442922187426,3.5700039123781995,6.294630652404105,1
4.001250057161184,-2.8270234899087043,0.11754529709404604,1.543395181424652,4.777536657731701,4.692410954286268,-3.647186797393149,-3.234852611519287,4.6085072109194405,2.4026946699967078,1
-0.3524742737312003,-2.375665616377977,-1.3380503003370046,2.4499456153727306,1.522070291114937,1.4955319197062935,-2.876793573566531,1.9451643839240287,2.4415814349769893,-2.4508486660932007,1
1.5811582994645974,-3.7928351591204077,-4.804330274059737,5.357545642800485,2.7414172682392373,0.7590515117295711,-0.6770297746016445,-1.86642673448519,0.6247781875989618,0.1159840267731107,1
-0.08821896710747312,-5.716724157322634,-1.0492672151603561,8.883582135225645,3.9126695832997664,2.8210609150114236,-2.872313405868733,0.6899269691492265,-0.9581644568531771,-2.880575552370229,1
-2.3422434241065435,-2.758468511044222,-3.3001894321934033,1.1067877680970972,-3.4772530403930757,2.7315085077827375,3.062755541368757,2.666359935644017,-3.8556238437943415,-1.3606316062534987,0
-2.8298731669477566,0.1706054310103986,-3.550979259886442,2.5875738367209284,-1.0637499878811698,0.17647737698286936,-0.6642186579978766,4.7372216866040375,1.066420907516552,-2.251324079978252,0
3.736329721312401,-4.207940241495857,-3.2878422002634675,3.198938979345308,1.467643034965763,1.7240870153024896,-0.43567698746173056,-2.6129337727917026,2.944483454439357,2.006000618424785,1
3.3777576898565087,0.18609999985780412,-0.9215736049581955,-4.2609805010947195,-1.1464925746419654,3.843624341665867,-2.662322015067361,-0.09679069030676168,3.490463298380374,2.853273845175797,1
-0.4059985510650572,-2.7250451663326913,-0.3183315834882068,2.602919911259376,0.2921648025374344,1.7855522625750417,3.4509771479697413,0.7438049479837046,-1.5108822901494272,-1.0756106039326099,0
-1.3581550925160704,-0.22192980656005923,-0.1069216155229824,1.3551465858661238,1.0658616365078188,3.1713355781915604,-3.2113084110588925,-0.25768427560369056,-0.5701709548737641,2.1484498178490665,1
-0.5795361833152932,0.041607819155994985,-0.11231419899390982,3.522911062866685,1.8681277879361755,-0.643975123350299,-4.040787316379399,-2.1646584502564954,-0.11443178536250409,0.5588330853812746,1
1.675996486639447,-1.7392580623143377,-2.5913246288853733,2.8757180311100092,3.0866181864294298,-0.27090379767040274,-2.9091668614879795,-4.632819560320746,3.1446229335507505,2.873393935053355,1
-2.6864356297824545,-4.3028718540840565,0.7033153159991707,-0.2437226581354568,-3.290590188651996,-0.4944419461778704,1.6075319359397175,-0.5384556139716508,-3.9484524242620687,-2.5015284487469325,0
-1.723102310907582,-1.0565010945691315,-2.87626365445415,1.5870499666268079,-0.9609693901014533,0.403752636012648,0.448095392359277,1.512428289769196,-0.9657978038473167,-1.3815667680309074,0
2.910196342720278,-0.7228915249325858,-2.8254928455635726,0.8642832507742015,0.4152250008499545,0.9711753021999188,-0.3268717167294477,-2.796804147688653,0.6299228147659548,3.8987923749771456,1
0.8319608506617793,-0.3644523105729198,-4.191005353114717,1.7712953067223725,-3.3103973410014484,4.270311898428716,3.0899039978026277,6.0960533406630715,-1.351955064710505,1.758053902840258,0
0.7838114322448635,-0.42772614463446557,-2.9488437251667943,2.436753158569504,-1.554994892017246,2.8379998094196197,1.9337483864305849,3.1438878421893923,-1.0642534274096933,0.5583240576230817,0
-0.11868276911650932,-1.5252721756786045,-2.6610573322148463,1.1886011963438858,-1.8364665733566392,0.04539262940834998,0.7473695247978023,0.9698652826227219,-2.9399248701061174,-0.4686535935791085,0
-2.457613698739839,0.9685337672427519,-1.8631269469221199,1.865288290104715,0.4420283920475079,0.9882438233050119,1.1275172193248402,-0.8874740995731187,-0.2985041845183092,-0.6256598730694714,0
-1.7512091747815852,0.6534999253674338,-4.5297024026520125,2.4109055837542597,-1.7999273450107343,1.69625849590416,-2.2962441123605153,0.6640391413500009,-0.9315507801316485,0.2809825976097695,0
-7.301929829645659,-2.4918637666103276,-3.4781593149566,4.752332661750215,-3.6219187351071715,4.480330427691138,2.238570841403273,3.2006041253784465,-2.02735760614563,-6.047810774388999,0
-3.03432668058596,-2.165959304341749,-3.5515557723224536,1.5045216298054658,-2.3598152748408925,-0.47223548112752267,-0.9216864790010275,-1.64371732917777,-4.061305563691161,-2.8684483934541802,0
1.4576799823830409,-0.06870437565369136,-1.8881732404263867,-0.4831717855952036,2.3605431092397597,0.9925048148549991,-3.151442939794273,-5.284991851136061,3.7320512037814435,5.37597528173278,1
2.1393658406213474,-3.668842056604534,-1.8645723497384887,5.834703131819032,3.2397874520663117,2.044806419912387,-0.9627844418304017,-3.4008949365470036,-0.8585661141291547,1.1686095766041396,1
-2.0887119444650355,2.8575972478935556,-3.612070534264324,1.370775185137502,-1.985225311826834,3.5465493277079814,3.6489965563661846,3.777942647014913,0.5596930590431262,0.09632373611128386,0
-1.4700473994359946,-2.6902905809085467,-2.6784701130174717,3.4090453699654013,-2.323839669401247,4.910532459508495,4.486082416537759,4.344765237063092,-2.015959407482901,-1.5283958126579589,0
0.8026083560394826,-3.392940139936222,-0.42942112403763155,0.21762368856766967,-2.9405612708642743,1.7454388541194548,3.231786929690727,1.1162343268537143,-4.156782092799425,0.20934271907121227,0
-0.22970887271305607,-3.031252630229874,-2.4861070992723864,5.580623450147961,2.830429849538564,1.9603438897113026,-0.8055053402180588,-1.3083939108212452,-1.5799864418612763,-0.7905431841440542,1
1.4534143466882505,-3.950542543225195,-1.8591382499051057,7.350770782641271,1.5864585680393257,-0.3809972762193463,0.6989921765773439,0.6407757530580556,-2.147720657292421,-1.8131721703204726,1
-5.114300392401914,-2.3424113917744274,-0.8764716293747066,2.2363214952134394,-2.4589917662716267,4.851224799840129,3.457980073199174,2.4868143493387764,-1.8202986824939238,-3.4653089360611133,0
0.7892705071552952,-2.4929625516404372,-4.12174272171068,0.5910208593348838,-2.6399732894240113,3.0233855958862677,3.640044231617135,3.5235547510327656,-3.7546082306464004,0.032532569931456035,0
-0.8544643084851713,-2.8239571635868357,-0.5103939537230144,1.561239762878995,-1.1540877667942582,1.2238305377750887,3.2806869681925326,1.131949173921442,-2.6599620329356406,-2.3201473742553196,0
-3.7814883044583434,-2.526067837434366,-0.6566304411154367,0.9377588640586914,-2.16468257131044,1.1764162945412262,2.0003426750239788,0.1456064278480116,-2.4105701196027005,-3.323251728080317,0
-1.459962724703682,0.9925216029629702,-4.271666685411079,1.0879860847559049,-2.7014118008756287,2.126626408203805,2.82399558642322,2.669780385582037,-2.1623901445288203,-0.9649726276938815,0
4.462488229962641,-2.3634636366766433,-2.809895885377947,0.037831306640597084,1.0131856079271935,4.519621592586445,-0.008407349680806586,-2.8270935593579525,2.458199634573972,4.378849641568411,1
-3.900535441842786,0.30347969457393287,-6.838689832620743,-0.9137812708367763,-3.2334597120869595,1.4246288739252615,0.8332810529592742,2.2782607068920626,-3.3397617223920695,-2.0488653762971683,0
2.9518877288949144,1.3258914826773873,-1.0626022002399145,-0.06785335503143086,-0.1728294669786754,2.1681634613960643,-2.8868798241952636,0.19521705362824004,3.495000384476692,-1.2394131128083967,1
2.387143948258391,-1.2097544964116675,-0.504022287604404,-0.875188999312277,2.4721519782819144,4.487702646336462,-4.165512655444907,-2.5544914015860924,4.1772164337252455,3.578302446234878,1
0.11603166234300799,0.19214474456732233,1.5600063958026382,5.256466331761652,2.5771666845403773,0.20548188153411906,-2.5504673137235816,-0.7088333038348766,-1.9152338448785202,-0.5076632773215088,1
-2.8278721787792187,-1.9949194015545952,-1.6997279068114097,-0.948687248023663,-2.9022619658197693,-2.6804143628501187,-1.0801471529428532,0.49942972866787017,-3.1729678666077885,-3.333131150217462,0
2.152685299089855,-3.9836387868440633,-3.960473133434376,2.601951524879617,1.6225103001991923,3.1866696843530833,-0.5757856261569374,-1.8344265938177777,0.8718783116809095,3.3455820371201996,1
-6.657735768769662,-0.12372094404969491,-3.476515615041041,0.30140946093371035,-3.9441930579148643,-1.148698957168702,-1.904384395107971,-3.0882906629146527,-4.754983423013287,-4.679495387638395,0
-0.9834383245158569,-1.0656290858485327,-1.2241415940723583,2.779290316673666,-2.9332688849568354,5.873425923149171,3.6743174409167785,7.343978684451065,0.7745436961891148,-1.7241898859097695,0
1.7466707565836193,-1.2529551494789608,-1.106410177066059,3.859913033223811,-0.11583225521524576,2.0806394855657695,3.014817889002991,5.471543883181325,1.601549447848333,-1.123933772452811,0
3.2364203661224824,-3.8405882416827737,-2.016730917252672,1.7248766023793294,2.179413373019014,0.8878230278545001,-1.3367831950875584,-2.87182710259075,3.9896119789302706,3.2742347011429267,1
2.9590229799415235,-4.930537109323129,-4.336360522876577,5.713429010608193,3.9013444499220986,1.5419828059046723,-0.03785554707416372,-5.137086374275715,1.3339158782779683,3.850446393261838,1
-2.8123497030653004,-1.5929292612968713,-1.1179273990015055,4.912782554682966,0.6805501097271023,5.8169262767845,2.8800166503914597,3.202355518687926,1.2226496797129895,-0.3809875744852256,0
0.4264611612715452,-2.3290536093290113,-5.0592150516063334,4.459823034404035,0.2009264338181549,-0.8046816610500689,-0.0344650918882945,-2.4063587200229026,-0.7445259914529396,0.22468798501732223,1
2.554278605531471,-1.2278536256143626,-3.10991879796619,-0.10326440155568228,-0.1168547987538533,2.72641465533651,-0.7724197689114201,-0.726338855445303,1.736524588296527,1.1154157913340708,1
1.411008041021438,-3.3747207540821664,-0.4017969615405155,3.977624403015371,1.0047227901107543,5.153634681952431,-3.1331237164801062,1.9916085200572566,0.1719816384688091,-1.1084590422384033,1
0.04102408419269565,-3.524266993917349,-3.2597823349244854,1.5554600628567434,3.495479928134009,0.29206490550716935,-3.0960190582802616,-2.886576204365193,3.7526849563445035,3.920829742996056,1
0.9676780940194392,0.524116175281808,0.04563341243465624,0.4772059559873514,0.39096569788964564,0.35438241685255845,-2.118949559332457,0.37829752739798295,1.0361490080354092,1.0437043360639848,1
-1.4829895056453326,-2.6625464595530803,-1.7077634192258815,6.961438352788152,5.094898961423969,1.2094629457872976,-1.917790590799367,-1.427745457040662,-0.6593061604962744,-2.68955826171005,1
3.3304076878640623,0.0055697340424978314,-2.071150363421391,-1.9093047382996429,1.1364961057009118,1.672732208378355,-4.2742788079895035,-1.3580063171039427,7.042011574227131,1.5143254889411613,1
-0.9400185953950684,-0.7384395410214095,-1.0040269067332848,1.7934270905378984,-1.8466176118988509,2.6064791054466636,1.3249323252187104,1.1183307003602394,-0.8902969681494362,-1.374853433590265,0
-2.160635994612398,-4.1145768971729995,-0.5603991934261743,-0.2544387226251419,-3.249208273516753,0.019956217118731745,0.3464071663403816,-1.1815884476776328,-4.71427371043799,-2.524151858714438,0
2.7801040647479645,-2.1524192230068313,-1.7306478291571716,0.24875873419150163,2.2951732690801334,3.108901739552869,-1.6447457131472647,-0.11443368666730769,2.9340412349604366,1.1866007508430179,1
-2.214208457335235,-3.2718004868769572,-2.6477604630254685,2.2430940899636536,-2.69489073547885,3.5910092197960157,4.475765518087382,3.531669894976589,-3.4716973132619193,-3.816307529867146,0
-2.161606301219855,-1.1123875461139325,-1.5460806620917624,-1.5898604731132187,-4.475657923378336,1.2928507984336355,1.6487824638459054,1.7804230844803979,-3.0097168740116906,-2.91163075428943,0
1.0016976092950731,-2.9250179989327574,-0.6010364314698398,4.771512275260214,3.9275639406733545,-1.0536403609908422,-3.16749657874009,-2.587799454857575,3.2666041909756234,-0.4359084778273403,1
-0.7451615365348829,-1.3158952611738353,-5.21202688038843,1.7555765242950694,-2.8270574869784313,1.604278090446316,1.9510829532746912,0.3051519294789591,-5.6184268828891035,-0.1985753304153297,0
0.3645643314230518,-0.3590052528876111,-1.0884212540260276,-3.7240385490701415,-4.221807182157782,0.47310448162844443,0.881966434971547,1.9193578281117838,-2.4975140970676164,1.1606816903890396,0
-3.4141085740488224,-1.6698608562796418,-0.022730700410352078,2.6987015420989056,-1.9628214109919966,3.5827782476423717,2.9546546888645686,3.2779503448077767,0.700583020695412,-3.3886346344338354,0
-8.427537214384053,-3.895290086220792,0.3917476484339546,2.5154066311421457,-2.7343658884416353,3.0689188631120383,0.9511511973442555,-0.1214559593644231,-2.7381397356946757,-6.111375704510494,0
3.752312020566695,-0.5629257370951186,-1.8216571982197292,1.1264091961464926,1.0074649150852442,3.1233361687847117,-1.0890412525396218,-2.4302893039932956,0.9980381560871694,1.1111907083692447,1
3.8057010242070026,-0.8675575244988065,0.9634690385389981,-0.9278122639762265,0.04880064663516759,5.896036932307611,-0.8824935916542325,1.8051745041749228,-0.11776672122359066,2.0813614082448186,1
0.8162820558122936,0.39738211916198374,-2.6977386774433447,1.1282629997510782,-1.6987669247069572,1.8616760572675375,1.9584904095367364,0.5305958115317628,-3.2344598114633145,1.4366927745595737,0
2.7871819275124787,-2.077372746419174,-2.3814287173319966,2.3823084371406784,-1.20662601762365,2.237321431906711,3.808764623073398,5.186233933910124,-1.075275854484387,0.2394258944324501,0
0.3967569154888215,-2.5533260054433087,-3.1471580521604476,-0.03116314666054354,1.703146633340895,-0.6620301649534803,-4.358608122487773,-3.1381861628899275,5.989296747288442,4.241520076714647,1
-0.042502677959139534,-0.8653671492582211,-1.5013442616928696,2.4931505186638874,-1.7700602655703608,2.763562784336464,2.710924174521489,1.5934474688483746,-1.1908947252824786,-0.05779271131946473,0
-2.537371377264806,-1.951749180611487,-2.420118969648704,2.9206332097865877,-2.9530972260149975,4.262666713638423,3.1171328720051656,1.531435774868553,-3.098252656927275,-1.296076103071098,0
-1.174259972273627,-0.987073909179609,-2.963792902641199,3.8353706691135123,1.5443410223252831,-2.2619625665739402,-1.6956115367111773,-0.6817152668108686,0.035343660641556696,-1.363032982520529,0
-0.5040775805747284,-0.43517500033329304,1.2656913595988684,1.0636198727674873,4.231059047687969,3.074911004360785,-4.968848434444757,-2.0439986654930506,2.4934296160207077,1.7549657016682223,1
1.523357089335977,-3.687530361322469,-1.921272463988213,4.872577235658307,2.947903979689067,2.82095019858283,-2.274879016586978,-0.7824383477618959,0.8443960934805266,-1.1689000159136071,1
-3.1420864249677827,-4.141665522479693,-1.0059221508585807,4.009260411713126,-1.3445340258609675,-0.9046038707960271,-0.3607055337283036,1.8295384702405548,-1.3456083106997982,-7.253564332592462,0
1.9586147952974031,-2.979169690439387,1.387689749382146,4.580872457133475,3.2965895854181877,2.906239811473136,-2.6729147044075328,-0.9214426396910067,0.6625787070746796,-0.24984145141830139,1
1.1506234303127352,-2.111469316834227,0.3870129716912629,1.6224719100020724,1.228380755919954,2.1221901906269367,-2.9807313387152834,-0.8715038118259817,2.1992813007157017,2.51417193598792,1
-0.014838575778738594,-2.1438917071584864,-0.25368918507244254,4.5100202674921075,2.716513329701642,-0.4258501315632892,-3.1940159543372424,0.7485238476967133,1.7056868048704579,-1.3827280376800801,1
2.6705735333756113,-2.3884306683622203,-2.9967433193274253,5.023072365109356,0.3348090683878888,-2.186060767462484,-0.1752886070160986,-3.54619904222859,-0.0903739388102287,0.3257360429284746,1
1.2560139692134369,-3.9436120290495698,-2.908850451935765,4.60152389516851,3.0200426131497586,2.907035954054993,-0.5869658445716293,-1.5837510091506186,-0.6598736275941306,2.844404067191587,1
-0.7160693334537747,-1.9166216985405917,-1.8906885830191278,1.204791848740801,-2.838997258933969,0.4715635635279023,2.116632480497119,3.0162727705117094,-2.820754180996871,-2.7713747468786525,0
0.9278406293859753,-1.37373603994728,-3.2153177005955147,1.3025217887545129,0.12274008167365302,0.07613213925871998,-1.3025343284115523,-0.32952030537027155,2.210186680917792,1.0579784113571715,1
-1.6231739380093932,-0.6554725785557431,-3.6096532483806967,0.20494936664096275,-2.7570900171238764,4.552656087355523,5.553376891417507,4.646983143663551,-2.678304182219447,0.1633106980489747,0
3.801160523895741,-5.08304367472617,-3.051103572009805,4.356942123041637,3.75208993480463,0.9069957913492166,-2.6055894535335145,-4.701721718789626,4.326112334859184,4.971944948170001,1
2.337348378885633,-1.199591538501104,-1.4456345446013268,-0.46753520494299705,0.9075501650938405,1.5977963890394262,-2.8320171264223775,-4.067170968923756,3.484734814403313,5.982387499476067,1
2.4183212951784494,-1.6269686032701371,-0.02282311445400187,3.9885262695027492,1.5257607514408864,1.1655779047599562,-2.172990629864383,-0.006430763928829464,0.5303467797631414,-0.8702446513261965,1
-3.63979361607699,-5.020020030944503,-2.66699830064284,1.6490040745653463,-3.944653157515252,3.8185974452830695,4.004903528082179,2.3438120183295554,-5.3808112665760355,-5.152796304898841,0
-0.27095448110702725,0.3926241639801118,-3.079022713520734,0.34676147322873296,0.8344877292063044,1.2726169014071904,-2.2065453066509284,-3.509610224195887,0.7591266657065305,3.9747083115587305,1
2.520974695383955,-3.4230755935871873,-1.6999943727782019,6.825710663667728,2.6926769935728014,-1.2737545468891716,0.24994594201846665,-0.7180925645216993,-0.533956705750493,-2.008429977872992,1
-0.7229777332087457,-1.1176791749604438,-3.282184116420853,-0.6017222949179479,-3.413765671808239,-0.6208700270682987,1.783850987499795,0.37207408931230623,-5.162815260824807,-0.6642982123590357,0
2.850865810237554,-2.0884990183591787,-4.3626982316683165,-0.5660309354077451,1.5575738762424929,0.7081932655608199,-1.5614758709871683,-3.421339141681277,4.920788588730249,4.544363747885423,1
1.4938658157723677,-1.1778130611084996,-3.7838073196945095,-3.440117979947697,0.6624461486108721,5.049886281577331,-2.7406845576065884,-2.8937281602988083,4.116920668884726,6.2556241207242405,1
-3.486344143442156,-3.013351975696584,-2.4640405014140843,4.111246608355461,-1.8490084475651969,4.393945562432066,2.9375245752951336,0.0002698745286593418,-3.2341887808233647,-3.5802832762047463,0
0.7895025768864756,-3.991500830581935,-3.2270880048239605,4.683460152134009,-1.6915234014476943,2.3850873691318277,2.6459377243874815,3.6292473753295695,-2.622517981899557,-0.7230239924477639,0
-1.23464514979484,-2.7269016988855705,-4.437414459456828,5.122048914691689,3.4074773620797765,1.1286646156150777,-2.103996309587075,-1.5629012004296554,1.0437021255188768,0.36444432097701696,1
1.4424017320572289,-2.281648833409676,-2.0758894883179795,2.1345882468221338,1.1737016238725586,0.11327675583274321,-1.5250651707506884,-1.3635196244423042,1.4928246899079753,0.9535982484852272,1
1.7807290398508444,1.1289549758048882,-0.21317767330404291,0.030453067549157664,0.7784280259093428,3.0364278039178085,-2.657259206074193,-0.42423020562178015,1.0581770204730048,-0.19007379546644643,1
3.3003688884351643,-2.6664038176387717,-2.45391010970569,1.6892662585029006,2.320656565588159,1.0910662548712304,-2.7747144778399946,-3.3184206811722383,4.817668783653534,3.393684747647917,1
-2.244743849754484,-0.21212854681748472,-1.192110559751143,4.343932175307446,0.8964462515233445,0.1687981417697626,-0.18976994622075694,-0.5684506278448049,0.7265964915739085,-1.7086488069193748,0
1.5898835241586076,-2.7456555664401385,-1.299530442450104,3.7481755284635994,2.7435753530480644,1.8977636574618941,-2.0220140038392507,-2.2677949096440773,0.420815648091196,2.7820020776574736,1
2.268674607286221,-1.9504692871217117,-2.6172031107024596,0.5177176873130187,0.29691450667094244,0.21167421031449107,-3.8465842484296062,-1.1018483152681484,4.169950338030804,3.2787316354268246,1
0.8493526507236053,-3.081668411789758,-3.1983900020164238,4.995294311465638,0.9237363055624579,3.953254562871628,6.652916480602931,5.914405520696366,-0.8610926747768073,0.7082837068515491,0
-0.09723784572121441,-1.970923403408908,-2.0395497651642933,-2.6007304701875347,-5.180907254800102,-0.34300590205063397,2.6403878273180066,-0.8322465075656393,-7.41608408374862,-0.1525562699196854,0
-2.527057244820064,-0.9354956686544298,-2.608146350430413,0.7100461753360918,-1.658574588103422,3.2515010199353527,1.0015522010866302,0.8985078558177864,-0.8262026494826487,-0.08601394204520463,0
0.3174247233806575,-5.628769027136087,0.348586471871438,5.621069080495474,-0.749628198997103,2.6939750214542952,2.305917807920189,2.1927444939711527,-1.5794608628746378,-3.8873553345351985,0
2.908476827738859,-2.745920894146446,-1.8002803415044024,4.807448279632499,3.6363618403431355,0.9876265596125722,-0.17492638584063536,-2.2085509083944084,0.5546130430614673,-0.051845419042453766,1
1.7710708127260792,-2.885245495154881,-1.4008828130099205,0.7430420661261734,5.226781277031455,2.8300565645212195,-3.6329291086562283,-5.208683676285562,6.154460579163046,3.7287082132947056,1
-0.07000861422033333,-2.8392708930046466,-1.401405101894846,2.1841095061096474,4.548682857290514,4.019468002440426,-4.829226930544047,-2.4160102323464296,4.070348258802806,1.0413956196923926,1
-1.053295972869471,-4.369913112415999,-2.5004278700590428,2.9596851712529686,-2.47550380438516,6.586334043083687,6.00695322619244,7.389824778971172,-1.937400378638997,-0.8677449882402652,0
-4.810552451836703,-1.6822688978238003,0.13822125884329273,2.5922510155893344,0.044199920145503224,-1.8605488617391073,-1.239237828649801,-2.7614509563066,-0.492832086390661,-3.004991854406118,0
-6.1668993998317285,-3.9987511949377836,2.1923904459585124,0.3262533228720004,-3.7731662511023547,-1.2223012005359877,0.9985570805773745,0.8752340926932665,-2.766377465569354,-7.5655677977407345,0
-0.9380933723282738,-1.5905350098828857,0.30889568011291235,-1.6728693544075544,-2.9493501390247103,-0.8418572146674728,2.0526065768847372,-0.7537892674811757,-2.7387426273621327,-2.2654560402762587,0
0.16984635476686982,0.6504564290148136,-3.203831221200934,1.917098026487972,-2.6737964974188433,3.0623477919506645,3.3112370464656244,3.418058638109768,-2.1148664781442386,-0.30535457665920784,0
4.5992631205046735,-3.0177930361837895,-2.982574730296771,-0.14132530909166263,3.3826824852328166,1.1635029159886272,-1.200278567735783,-2.423031895351972,7.100062837424435,2.3747697356167126,1
0.3950368707868188,-3.752380151108504,0.23441221367395482,3.3158663871290823,-0.9823125775573465,1.5225142204116953,4.336788565353274,5.643442739047019,-0.32383580210214147,-1.1427224404187468,0
4.021504665947836,-4.114960537293387,-2.337324843952445,4.290435067927746,3.0633867748228623,1.814760167683875,-1.262463934545937,-3.9801398894751663,1.9918190639642188,2.312865334209696,1
-3.517902513791542,0.028405204069118728,-3.373358980074923,2.934017582300855,-1.23967069722105,3.1515139641845593,4.002746092411679,2.2408564135764166,-1.4807138573001852,-0.9052926463133482,0
2.387371720780463,0.04692762769274683,-0.20631525918727567,-0.6381693904254209,1.5658830623653646,4.001108809953882,-2.9003185269669345,-0.6838833417584236,2.1216893202600273,1.9340963192204503,1
3.647437995870985,-3.074420458268653,-3.958559675725684,2.144464792556567,1.1064936289969958,2.5600562894968326,2.065899630072505,-5.244697779815208,-0.2543722912124684,5.139312453298251,1
-5.352004548517282,0.3213075965183245,-7.257862987986636,3.736799972141922,-2.422624630301683,1.0140947301464927,-1.7608390691315363,3.7232550593831295,-1.287443056693836,-4.682997952489695,0
-1.5091076745878629,-1.5509429944857893,-3.6542414607418863,1.6164093582614174,-3.0750876537214773,2.712829510749092,3.3705261588815234,3.3769339541605667,-2.8778885552462135,-2.1037243517803095,0
-3.539748980490981,-4.5018374304260735,-0.33688557025991717,4.201596981103231,-0.7090434074731657,1.7342917078597417,1.0854032658068036,1.9167555717240508,-1.070662846010704,-4.26946918869448,0
-1.3337947458587447,-5.564830672659745,-0.14489271377237678,1.248122219726329,-4.305629123846243,4.505137426974137,4.34976510550497,2.6034985478864714,-4.766372106095489,-3.904275769216736,0
-1.6576829587520592,-3.438569439287525,-3.9605788118802105,3.5018918518411035,-0.8836347268013891,-0.31698251977915826,-0.7019597656195553,1.512414204451054,-1.7494484546370495,-4.0819681794570855,0
-1.958634927800176,-3.839015006757832,-1.1380471334047246,2.2810513358021764,-3.9426839657382606,5.407141638214704,3.4128494285873185,5.230254916179327,-2.230145534198186,-3.1049526702341494,0
-1.1199236413910731,-3.5900582129554817,-2.6689954185702986,2.847536225972411,1.6562631585906207,-1.1872099758065238,-2.642715604259746,-2.328373747642277,3.145920907251069,2.554570325706469,1
3.237698699300552,-1.7400240242179879,-1.0778835461170146,3.037343244593055,1.6614641896252043,4.304177647831077,-0.20315328073657923,0.1752008625787731,-1.817067580911075,0.43921789819287094,1
-0.335564066639221,-0.5498640740494731,-1.2551606861016877,1.3779834097537136,-1.6034070107565186,-1.7869879365958115,0.5757357101773839,0.5579840899219397,-1.2357655722930212,-1.7583408728545828,0
2.4945919716663454,-2.5654337786610526,-2.1580475579943754,-0.7836579460865756,-3.276846660510412,2.001023395930992,3.2333109076169277,-0.42630172273533073,-5.227243980092195,2.5173623542865675,0
0.5528724434212466,0.4988302139869134,-2.067285424152736,-0.10747981467173551,-1.547013715537821,0.8096660283284265,1.4285078292718048,-0.15463017929990208,-1.4235497332243146,1.2130828294607912,0
-5.172070990015799,-2.4505221900350542,-1.1337833715177925,1.318735202573952,-3.490943590425256,2.4891292805103675,1.4117294304242565,3.9801748312063436,-0.7116541861106267,-2.89089587829863,0
0.4910126964751018,-0.37651900677075023,1.187387036180302,3.0117892046463606,0.623398999735433,1.7953118639299004,-2.835382175592515,1.4199055251667732,-0.8768389500373934,-1.3317981908970533,1
5.280764504555064,-3.227145668018566,-3.3457800106050257,2.0099489631094714,1.2358804373940315,2.1822698674165646,0.7111140340297246,-0.6207503537105648,2.0985727773805385,0.4423117861879411,1
1.5922348415648748,-2.6782302201386723,-0.07962592053062889,5.025477569219907,4.196725600626801,-0.886504700761261,-2.7166677670554584,-4.404674704545737,1.8222275097766656,4.41981452983492,1
-0.4253476549783679,-2.056034438991257,-1.6920365533277608,1.6194650740395806,-1.3991960470483096,1.2962145070375357,1.0405555159559094,0.9685873696968521,-1.9205776414797224,-1.5535233992075286,0
2.489205401039902,-2.7930801291410483,-3.290281891281699,4.37717843297812,1.7828522456590647,1.062019482426264,-0.07610048704818051,-2.7077094222645903,-0.17665996492147062,0.9180080562287394,1
3.288398999645613,-4.489408819972436,-3.9243389531648862,3.77717980131838,2.6337885355590815,0.7837739344284376,0.5265546977054956,-2.9120828863118753,1.5666129242444604,2.117933066854229,1
3.235082074526039,-2.6293704722021918,-1.5645812702035777,2.7091932425271863,1.9369929655089975,1.6404689821783527,-1.9888990450545878,-2.569441434199539,2.771720160479882,2.520861787217987,1
-2.552982380798217,-2.9890104087923497,-3.8317940365251415,-0.5266078241689804,-5.1405366537060235,2.6236867175869465,2.8688560660111344,1.1391839567373978,-6.3702968563669575,-2.8229425551684373,0
-6.092343494222258,-1.1729960396431742,-2.4617060653973417,1.3517662794476961,-1.0441410092601702,1.535832778551013,3.2696811190025503,0.5377887882741357,-3.129986839398663,-4.76060566229458,0
-2.5146214641154074,-4.13147649438169,-1.1380224655372475,1.0367836003994704,-1.4321553046949211,0.7520299727223265,2.0198574718226583,1.5096463856795808,-2.471990505789941,-0.21240985491616993,0
-2.0175704938311343,-3.0791098230492313,0.6707128690954347,1.012335448624271,0.42081391347179276,-2.376256704135879,0.9183291008414738,0.5852382094415491,-0.481460198250131,-2.814375048046038,0
3.2685951607507087,-1.0324522859615013,-2.424448427646547,-1.2060027105831157,0.5049055637579429,1.3223002682968072,-2.393532801539705,-2.7827902611658697,4.235792127948315,3.038484026093405,1
-4.203122866278155,0.1182005845131755,-4.588276023297704,2.116039021398615,-2.2215366267204764,3.294046552462489,2.827997076623457,4.724295885153959,-0.8327954967413935,-2.23572750543138,0
-0.5423959874888611,-1.1752353236203157,-1.6072750508516347,-0.8671087544691836,-3.905066584213448,2.3658872875648713,4.2012269311415436,0.9116792423927937,-4.273197533874081,-1.810641336467187,0
-2.6831760954155692,-2.7660705435283814,0.2751371225218362,6.6074572905575195,3.3274097469399444,1.650470096062052,-2.7315052589593587,0.16764539572307857,-2.451480961390729,-1.8319328913092154,1
-0.07031189969494256,-2.568393858290061,-3.333584773369214,-0.09744625524093342,-3.9444381818540117,-0.5126090217399879,0.743956989830473,-0.24096777579759943,-5.377527561359491,-4.337047292220312,0
-2.7186217910709813,0.2607426879149255,-2.47737767918238,3.2623372313352057,-0.7858346968989034,3.4912655135389676,2.519055689051716,3.5759795548855653,0.8209955732040193,-1.7891804715565447,0
0.7734429122488384,-3.1527731095359672,-0.3753521213499491,-1.639015586452428,-3.930737300962659,-0.42751472751748576,3.2528970581841126,1.6401411693749466,-4.60639131222905,-2.932990750784452,0
0.6956477109087875,0.6811354353944967,-1.8888117804253475,-0.8064839827645773,1.1781934673355923,2.530343160271274,-4.8896875721390956,-2.076351636841304,3.826194837171002,2.302706086291767,1
0.055744132322680606,-1.7099112030944712,-0.5362935021163904,0.9165179445764868,-2.122097501318087,2.6120635828719965,2.5341768814888166,0.14332464129033173,-2.740819466179075,0.7737445663106324,0
-1.851902298981014,-2.200633420893967,-0.9597575113829035,4.693801836760319,4.580642807658808,1.049803682237941,-3.261993375647328,-4.196501167788476,1.1287705752710655,2.0768613504403146,1
0.567573644483544,-0.9002236731130877,-0.9088868283425524,2.9570383886722005,1.3020118821316369,1.7308151085684762,-1.5649913009892225,-0.19671993224319473,-0.6377062984093076,-0.696563567021133,1
0.3536484426503197,-2.4125679963618754,-1.472073924708525,3.460706252823571,0.962028182246804,0.05743325720463166,-3.2922130437859938,0.4256724380413921,1.2927032293952911,-0.9121493459737362,1
1.6061717812773486,-3.3149231804910766,-3.0499132703038487,4.658325363369656,-0.28617893913292525,-1.7019716621721788,0.3097761709790867,-1.9135150654063264,-0.7681620045768951,1.6861145271629772,1
-1.7474881212974294,-0.9886068394028844,-4.429642645366323,5.288044717029601,-1.6347756774537314,5.466682732735282,2.7792745443744327,5.285048284547804,0.03885889501103179,-2.4367930539091054,0
-3.7459802099230073,-0.6862328835433023,-1.405086496491656,2.697910660313079,-2.6620581508865544,3.4871874551007034,4.335975978077631,3.495893006505132,-1.0057746816745916,-1.8922793758594014,0
0.44898140936060393,-3.741541866141657,-3.826353629275791,5.013837275702299,1.8569625696922836,-0.9856604328517276,-1.975607259309055,-0.8111085913355343,2.906136745851985,-1.4605733778011873,1
1.4668067008535748,0.04039119806756197,-2.488982746818936,-2.3136082466128354,-1.744728576778332,2.9120938227547857,-2.0542879860876635,1.9226584865613048,2.4028643152966094,1.3109046713513943,1
-2.093521299113636,-1.6427783595663081,-3.4625306835275795,5.63326046876797,-1.0111868049732675,4.642947147059522,2.6856387605986316,5.732733109202934,1.138674400381797,-2.753455609360741,0
-6.044182681812286,-2.128240485004956,-3.015012291875433,3.1846741457432257,-0.6974713897460789,2.5794481316334954,0.9090638471084582,2.761497220291566,-0.8137255251496784,-2.24324636157902,0
-1.7619910466687174,-0.22348266638276226,-0.5851931409147835,2.273195965379771,-0.6969915645744527,-0.004770884578098933,-4.400075427308659,1.583836403715292,0.9586330788001993,-1.687180779526816,1
1.1579655730325502,-0.8709889490988783,-0.041957358598587735,3.2107954785054558,2.1990079320133575,-2.742098963809286,-3.229030500493992,-0.16242009334926166,3.6086736728789592,-0.44835158105784645,1
-5.31118686495841,-2.1570971638655476,-1.0513293848439522,2.479044922630415,-2.966690868028996,3.302477898373052,1.7210631659750444,3.574226841935743,-0.9908932186313222,-4.836514363898836,0
-0.7231732056907336,0.10966854485242905,-2.2000632331976755,4.15144115319936,-1.5333743873104666,4.343358143071327,3.39396507029483,3.324048693738982,-0.8245325336886049,-0.44571814519078345,0
-4.890041607937599,-0.6371954797398334,-3.5650381719218966,3.3397393277126906,-1.9561713036279675,4.9582604035769435,1.2058018273728812,1.5198742296043048,-0.9427142028913835,-3.0966921361054816,0
3.962335448432429,-1.9117721508328265,-2.5302303806495585,-2.0396382011240295,1.8791182101438528,3.6911807583325276,-2.1249331393624273,-3.1258729139828176,4.6462637139207885,6.561558137166847,1
-5.316089180348033,-2.2895128147089023,-1.7127845776239345,0.06730451149476369,-4.515063681131842,5.3685776363115405,4.242891263415984,5.488414829291314,-1.9507320087673832,-4.195690381844,0
-5.697794002938915,-1.7148128996757992,-1.8032458057461989,3.668288493253918,-2.977091108523389,3.6683088073180152,0.11644973266778602,0.6883710511684205,-1.7811669252076443,-5.6288968891076205,0
0.7171068488175218,-3.464289149074969,1.8258922834460085,-0.4479015763679346,-0.5644494763415209,-1.506323694309084,3.333055985280679,-0.7154890088877961,-2.276372787083551,-1.4470294029567041,0
3.8913614079612695,-1.6275905232194279,-1.4988719115406504,0.6524898202460234,2.472354404225861,3.6033566826347894,-2.509294535198203,-2.537049720638609,3.379606964969308,1.5706346495690613,1
2.2587373741417114,-0.4734708772507594,0.7494833655070408,1.7887714928339056,2.3193538726234415,3.760622338745179,-2.1187942636878394,0.25936124766930435,0.9438007249707221,-0.3573187452175759,1
-4.878217582109128,-2.097515547178598,-5.2079280644940775,6.067970532119449,-1.4222391448340508,6.457086705975782,2.6360176596996028,4.997545836974549,-1.1665678054904092,-0.8684195309533578,0
-0.834552463284878,-1.9138030337081906,-2.756911791330511,-0.7281937877497588,-2.6724589867947066,0.9097133647675124,4.55203196156044,2.4572565315755255,-3.8373387865417667,0.8507297223910713,0
0.5907167862594254,-2.664579576975443,-4.830056330314364,4.351531048389816,1.2603575091109853,1.701531916856276,-1.2625809160992512,-3.2470732298915097,0.23241034134360605,2.378421637365402,1
1.1341477410194898,-2.0377128701178715,-3.0154969185384397,1.9001381539728632,2.8665431464734032,-0.6884338561282504,-0.13572440763769378,-3.682735178936296,2.4901219619183528,3.9738863616162616,1
1.231367290665773,-1.3869310676016178,0.17416352149700565,3.794303950899992,3.8393901377391795,0.23109012650096372,-3.6575838180489706,-2.184595431945822,2.3033498601189737,-0.5318004762546917,1
-5.573950679054404,-3.264952195981865,0.5038408679894291,2.8024588017383434,-2.5114830178540277,-0.04224151753866057,-1.6779855943906918,-1.7240667302284973,-2.0688096432251064,-5.09414749743704,0
4.023457740595656,-2.658262294524351,-1.9934733129298603,-0.47235123127969914,3.621614380904417,2.8077536899814053,-3.116590752669925,-2.714647916143442,6.267206110279121,3.3930512239528112,1
0.4597165483236225,-2.8398135378919083,1.6821932758799276,6.054340085504106,4.294075881699434,1.335252005213231,-4.035903244531889,0.20266682934159697,1.2919722637614994,-1.6916455543282813,1
2.8674839344168292,-2.4123339975285685,-1.6844218260798978,0.5811718354974229,2.007608236346284,0.7564624399301769,-3.4703890283952865,-2.841753771576979,5.495570345560228,3.229529986230759,1
-2.097736744195181,-4.974446169855774,-0.3797940687936765,5.081224784632298,-0.8566493381054616,2.940064211055077,2.2940950796568966,1.51329588803167,-1.666231656363908,-3.7880304294128564,0
-0.4374228592676541,-1.3454638228306521,0.20618563650930755,5.04649606834753,1.3754096619558958,2.815903891822008,-2.2212985098728457,2.7407384789778826,-2.542902285341002,-3.3288970451783593,1
0.9361637928937143,-1.0786861000935484,-0.2824283913303749,5.190672930473182,0.7484887687042119,4.682114723302061,3.5235544663867806,4.533423081855187,2.026482030154635,1.2509690167875211,0
6.282603547869623,-4.372385978424417,-2.0259225363872666,2.6664430941658503,2.2716492346280477,2.744712315186322,1.647510537578175,-1.694830749237355,1.9937169592291673,2.3987083205143795,1
0.28441104920789595,-2.9311256909325403,-2.269002377244556,4.3774208799510905,1.9221572291769644,2.8551581032334346,4.7059519909994165,2.9357940781106437,-1.33266453024059,-1.1535866093203864,0
-3.960252417412888,-1.7940548837528416,-0.45847740778041746,1.292240442887819,-2.831849411870333,1.4547599517263003,2.0573434197199254,2.3634021868145894,-2.0145775063888607,-3.2177921170557306,0
-3.237387155205992,-1.250732856241084,-3.823575802640123,0.1102718486232308,-3.3975586163229523,1.3619511997006248,0.7282452506333186,-1.4306333985229323,-5.267080006435147,-1.1019739108659108,0
1.6647575904653593,-2.269119103881088,-2.7663127089920794,2.8726681311668902,1.729684496921427,-0.05843247021903686,-1.8652293318998607,-1.6494063777821846,2.0572099054832433,1.741710904585374,1
1.659805937876575,-2.3278177913741294,-1.5293565248573464,2.4608054357486613,0.014575139932665682,0.4091385028731216,3.1674612181067228,1.812629997236751,-2.7267495618880067,-0.38918167238530144,0
3.6888538731413383,-4.802154214121565,-3.4087210199184774,4.737467730055405,3.782528021386894,0.7303045275373303,0.49728845456046056,-0.39235785358950337,1.9607061528674878,-2.2482977799962196,1
-2.486379690632849,-2.969514563022681,-2.532525480069613,0.8598558089348831,-3.783248081436996,2.8458623827562395,0.66512195105603,2.102911985460964,-2.825489733425141,-2.527825990128889,0
0.6360898895226836,0.32961534605969955,-1.7144873750333134,-0.21483935787521702,-2.930136849276196,1.6303940575599103,0.592888287929827,1.1078556875630943,-2.0321993678774213,1.202552052643063,0
-0.051256475821181535,-3.1695407787408296,-0.9544989126006935,2.9715821140079344,-1.7969145013180805,4.774403374708433,5.965381762734898,3.606105675474774,-2.4511959616156895,-1.4896447692334918,0
-1.0703068995376728,-4.847417284117942,3.0661392105948373,2.5426906530231728,-1.0832087517184386,3.65737547201702,4.3163666427306175,2.307429971978018,-1.4161443482871436,-2.495472223607009,0
2.7624511252631385,-1.3191482605105218,-0.3908467328781191,1.5683348834019544,1.9687934309164326,1.708627255319823,-2.332375783812849,-3.2035320633548308,2.2568309063858076,2.8162032829784702,1
4.199521963812302,-4.433586917867453,-2.3907689647673385,3.283577469930419,2.9923612766262124,0.759058319562155,0.30246739065760364,-2.8166676587755446,2.2763518703980656,3.1155711710585714,1
0.603044264688356,-2.9541911337665647,-0.9505106516362001,3.9439892853711846,2.7553778269263733,-0.24044720992272595,-2.0376016481492827,-3.559531508702958,0.7391309681703668,4.71304139263361,1
0.16891449336085107,-1.790766821052966,-2.327797790481002,3.7754823498070826,2.078785536558175,-0.8932745684162247,-1.591237643832825,-0.62151636909732,1.720212738928668,-1.6016873027495566,1
3.726371440283888,-4.608211345707611,-2.4298431544367536,1.53979609648409,2.6202869781889544,4.0742864478233525,-2.2492066676509204,-5.310429454294565,4.039052188197287,6.221199954661602,1
-3.5828238346855903,0.1574515322281611,-5.192864764287437,2.1030914115228896,-1.4149501920222813,1.5693895111867215,0.7123787728633799,-0.25296860488741624,-3.1155339609287864,-1.0964737632227832,0
3.2822093817567977,-1.724413857891435,-0.33974201458247455,1.1779009945046053,3.114775581132089,1.880534530743005,-1.5213682330447738,-2.8927809180613213,2.2633487022430256,3.8245928977425296,1
1.3873437131574722,-0.9933744982048489,-3.3150174893510966,0.4418271048236866,-3.721119604055401,3.091889884515945,4.109690999809089,4.317343505739883,-3.6504146154556762,-0.5742968263621278,0
1.1612797166853643,-0.9145146387464647,-2.963740848110593,1.1677918632039066,1.375967889629585,1.3694960542291381,-2.903469672202701,-1.131390995520897,3.151655379703781,1.535885866778337,1
-0.024368516657514494,-4.258067888822849,0.5214203201445549,0.9362893689778582,0.17303740692782732,1.4806913362916414,3.9949020868649097,-0.010002164349279585,-2.242295549514388,-0.7963470629651077,0
1.7669403553159382,0.7312262627411394,-0.6706989277596136,-0.41305423413390807,1.8151298288987106,1.0840210582299492,-3.2606865060030956,-2.45307782571812,3.8166619916277518,2.100964039040446,1
1.7548402105281402,-4.21697023227912,-2.0308560178354758,4.251481845169464,3.521534637981799,2.043413634037152,-1.346587329957345,-4.124229043679205,1.8013116947395642,3.6073566289080534,1
-0.6252823673643904,-0.09505091859005566,-1.9636084182525182,-0.32670110324007284,0.6538586500464751,0.3775275540886389,-4.746566900297324,0.3188576385950621,3.1613459328086275,-0.012227520816451953,1
2.324666123912161,-5.912519593511664,-3.2804251583183355,3.2360601822896697,2.961714879347599,2.7432187078792447,-0.6498207908122897,-2.991809213060864,2.20502052956176,2.325278412362623,1
-3.2564635178641863,-0.6121275009386098,-1.9634016396028244,1.791666471964419,-1.5969164632670036,0.6829012240024543,1.3532381713489487,-2.2268230622707073,-3.8732386557900997,-1.6716579567226155,0
2.112365208235304,-2.361903693952984,-1.598663096196944,4.326969387619788,3.765131918222174,0.34111105299540667,-2.1110610835632118,-1.2924185472613194,2.948254898519723,-0.09368773873219993,1
-0.8494247007625209,-1.6992224600037835,-1.8014577128177278,1.3082955010849808,-1.840410556453005,2.9671019859464427,2.062294061955638,1.3924832969959828,-2.119549068286115,1.8465831898406937,0
0.24148958282383548,-3.246535415978947,-1.1035724231588628,2.8560702221820966,2.535230064423434,-1.2788997967305242,-2.8343763122372176,-1.5440034792356574,3.9195682773948928,2.087157719108395,1
0.5974340699480667,-2.002017417806578,-2.094301216503187,0.4695942474595092,-2.8638652849194743,2.96962940575503,3.9574166420320385,1.9126218843624005,-3.10797384108962,-0.8779196107108151,0
-0.18481596494124553,-2.755121756082336,-0.12132679748792152,4.770851298239226,-0.8159800945085827,2.2549462721418365,1.7092361795604725,4.080992083917449,1.0198578604599877,-0.6188706473965209,0
0.4579077868008943,-1.3876377532651873,-3.073420040013111,3.887079631944431,2.2614641640806226,-0.4137991992686856,-2.0105034687582424,-2.8784249891131024,0.5238724534692649,1.6554804256214806,1
1.0081778321903587,1.7291033864846148,-4.318349527765763,0.609159180813504,-4.7286437405545465,3.954084398240427,4.778083432839695,3.5732966667587736,-3.5194951354436186,-0.3758598014709331,0
0.8828217130602285,-4.761559486263904,0.0736121486776069,-0.17867421757981417,-5.37398127467103,3.977161099983613,3.4765591133050444,1.6575253046688092,-4.826166832857685,-1.1921747566218786,0
1.5022783401609683,-2.144495606791116,-0.9335880590725611,2.5439870510205127,2.3462907175823307,4.364553464181365,-2.193429884355698,-2.7136507051157355,-0.058596635768003225,3.943001064423571,1
-4.705957755692561,-2.015065687041904,-3.9921858933294008,1.3624009627757832,-2.275475467102221,2.211782391007343,0.8952037085292024,3.53536317432171,-1.9858133420996407,-2.9269368156172124,0
-0.6941056892826067,-1.023641705360026,-1.317253692035504,0.06064777816051947,-2.2881949505977044,0.7965644216416625,1.2782667822382578,-1.1845575584612291,-3.5132567739639344,0.08039173043372116,0
3.959892862796484,-2.772258863413608,-1.487751006035539,0.11150981672837212,2.7207906869023835,4.357661715603776,-1.66529079242386,-2.5452181961826543,3.7184569632152584,2.8588910930473634,1
-3.5079861501513774,-2.7583450847204647,-0.5148744594569763,2.1658795910502784,-0.3683964544889229,0.6709629181768899,0.08117162092378227,-0.59148368367386,-0.7316617763012987,-4.004527344820222,0
3.599148679889006,-0.608853288819867,-2.847021191425547,1.2482207710338564,0.6386726401832334,4.036329573223082,-0.3993048141820983,-1.6997448455539155,-0.6710692787653953,1.6353358783355323,1
-3.1019723859286135,-2.8962336659784986,0.5467032705796906,-2.2529538881879017,-5.102605883814127,-0.3083368560922688,3.4871870951546944,0.5932002975400268,-5.370916801936341,-2.9109234015427052,0
0.1432703989757229,-1.9496141738838872,-0.6340813689660163,0.1642448555817666,-1.2696559957066844,0.9560265026357355,2.887183667440488,-1.9597391095732846,-4.09562422660462,0.039233802166710685,0
-5.82154924067901,-2.8971727030210275,-2.689606964449787,4.257825956337367,-0.5102363990910701,2.646862877693343,2.110109705523079,0.9475976726672191,-2.513297402361707,-3.254154713668882,0
1.2995141897558256,-0.5867195609621576,-5.061032604071757,0.8412098838631985,0.23550702206746443,2.7487512079600154,2.9911506386887132,0.011928314635172077,-3.8086085475351306,4.3888827426284465,0
3.1783037744508063,-1.4274720009202597,-2.3966623268063447,1.374938397907276,2.002732426078009,2.281092869590394,-0.11322508538614096,-4.671843467045267,1.1469689743365876,4.992970711025791,1
1.7336180917151713,-3.682351701399647,-2.565467223774352,2.5053044295185574,1.6730693016009495,3.992247252424381,-1.5123051498501814,0.3470823478497356,0.8063812536381119,0.6386240692332661,1
2.6514842396862095,-2.179536921144184,-3.4289886091241586,2.9391199272740733,2.519782743486852,-0.6222491853186742,-0.8436849955613759,-4.010851137985959,2.879444483928107,2.1903184550467216,1
-2.596296187612306,0.7861639571920138,-5.174704784926187,2.4997774384653106,-0.8857574059957298,5.92211633627023,3.5205013630362805,5.101314724195825,-0.2842892260601393,0.9578193837591553,0
2.184706703259793,-3.029352112227398,-2.4649618925055448,2.8070808282645565,1.2329972583285889,3.0577865656195113,-0.5599500610659804,-2.7213744538853155,-0.897333470685076,2.847306173458641,1
-3.2487222137216554,-2.073344074253341,-4.542990793633623,4.691269088169323,-2.144236923673202,3.278547620412554,3.342997531000991,3.3773484184682774,-2.0363707840771346,-2.529723526134709,0
3.1325848952892477,-3.3235898444582466,-3.666530226527331,3.060852803316537,0.8711173349188643,2.6984608559632193,-0.6185060073670867,-1.2495225180047085,1.503502643224666,1.9960055996560517,1
-1.750811519992646,0.43210067450154277,-2.14724166747403,2.32294197250293,-0.24937012687391924,4.354134838985135,3.220229979977781,2.5753327752536213,0.11861865555022533,1.6952065528844198,0
3.636038825684092,-0.5714401816096615,-1.085118500900228,0.6083223095070405,0.046462835218651355,3.0151818706785862,-0.9218959140476009,-0.606173742782363,0.4413161719844221,1.6068019944926937,1
-2.5411627539626944,0.6701341504978391,-2.7548970625221196,-1.9397034894973375,-4.524922894226732,1.4195058139218066,4.448422668378168,3.327164528089109,-3.4444471835058295,-1.0296536730922181,0
-5.590009295347176,-0.9285419435994988,-1.7421735415155082,-0.04839085505359764,-4.012233833312141,-0.6847410178588653,-0.2346759007230368,0.3608904477568249,-2.1690056802815945,-5.065266021694288,0
-0.4315076888016858,-0.5970718182471446,-1.8243981081062721,1.1108712019598377,2.1200632149359633,0.6603442148286602,-3.452272385434049,-2.3933505163010396,3.0185513094872594,2.303766527166056,1
0.5575438858659334,-2.275749561310737,-1.7773956038549301,1.1674977061280885,-0.5698273898377586,-0.06111105050048504,1.9745032889438563,2.0524832012952565,-1.8373407766689684,0.9589993391817702,0
-4.852010590493213,-1.8961448505691276,-4.990173975402861,2.039065246972309,-2.620158382386324,0.5677506424109167,-1.0954219923407043,1.1847548618954158,-2.6438821436413678,-4.3817909028899535,0
0.968872812498554,-1.865041113179846,0.6009657469748593,0.34883923084245194,2.1978302153451397,3.7338370271123824,-3.819644868510168,-0.7551949124242634,3.255268331644736,1.5442674317503706,1
-1.681157192929508,-1.3468357339310082,-0.5875190307476574,0.15366276168272375,-1.5185787986254964,-1.170151834634873,2.7317322512879336,-0.5017253311450807,-3.563105066672485,-1.260938475950777,0
2.622705886673569,-2.724370912661327,-3.3133007083863175,2.9104503307407175,2.7083883768272634,3.482877020804186,-2.2016024485821584,-0.6953266463567536,2.9122805266246536,-1.0964531831946402,1
1.3326799783457584,-0.013001214807352612,-0.7928058418059871,1.0405280368566465,1.1743089021296758,2.5352304551326332,-2.844969929245362,-1.0480810049021883,1.1549245165713702,0.7012534953326819,1
2.9036193200866336,-0.12600583913252672,-0.6584550157004707,-1.9949775284209061,-0.043083425262144814,2.9213609798895894,-4.20079215250896,-2.068367365530871,4.0713594634281165,3.5467391727214572,1
2.775616952299046,-3.8822326482602074,-3.115795587107565,1.1795964250980389,2.607007051382164,2.229800162129842,-1.1318407572403393,-1.106978021353816,4.87505515219978,0.8710072218810512,1
1.8980376383708002,-0.26119167648771424,-2.1422475133687304,1.4573659846203855,-0.8175612996775627,0.5041528205387678,1.500196528665292,0.8791864296556946,-1.0457330869616506,-0.23816342568249538,0
-0.7827210399536102,-1.7059435510894025,-3.9813634590440667,2.821016874952311,-2.9660888992103356,3.3982423121612713,3.0982112350484075,4.220045426308976,-2.5120912955066284,-3.4113509265369926,0
1.7973168733251637,-4.017905245217666,0.7170349035094321,-0.4915046149353888,-3.4826703137343706,0.4060635028948181,2.750693046259815,2.776402738115105,-3.1239511126630957,-3.220256623323587,0
-5.139563299401907,-3.0108084016705705,-2.0385585532580155,0.06923506360597131,-5.451882178241437,1.8789317137597668,1.477953235393361,2.826278446163709,-4.432648883430566,-4.698806752467149,0
2.5749658311039507,-2.3784861557161663,-2.987229185035991,2.233443892102858,2.9185897501521474,-1.1747497124504358,-1.9762614672278946,-5.417347934477707,3.208355605248699,5.131424730114526,1
-1.9488768911109797,-1.6700046112236162,-3.1709133131724543,4.668423153346135,-1.0231164908929833,5.3250552887345535,3.2427260392846238,9.04302970025319,1.424810524118795,-1.3286477806724206,0
1.108791229292764,-2.3072683961161156,-4.16702029402701,3.4643269607623424,0.46285820935722355,-0.8090696797406083,-0.9748846197873169,-2.297159774619725,1.310097222793083,2.3135864293126343,1
-2.635958379107286,-2.0677040311850328,-1.6880641793259068,-0.6309977249603858,-4.766492260989708,0.46829036248737577,0.38340133986787506,-2.411403755081187,-5.751434347256459,-2.5981167944320434,1
2.7720700315208635,-3.750013456043848,-3.2650178760721875,3.079253135199858,0.7730938225378532,-0.6249031949636654,-0.8709822893082906,-1.4922743290404012,2.51741075129672,0.08434866998341306,1
1.8261672524813424,-1.075941246839002,-3.434112004314771,0.6494438834420853,-1.2704867755771634,1.4404079145955049,-1.3742897749702228,0.8708064299820917,0.9611784226785551,0.95623740685539,1
-1.6323608627505535,-2.8414996779835944,-0.9772162962417523,4.005834077099987,0.12626399840572056,2.742828223826677,1.2395432389664596,1.1210600459391147,-0.3294405065326813,-1.834716824392346,0
-1.0780490032055536,-3.1578183072653707,-0.5864045197546652,4.7334262492110515,2.14676655423023,-1.9160727665934378,-3.2825651873272177,-1.134374100566439,1.7222065134384181,1.9757958590901996,1
-4.540188510243825,-1.390572683483381,-0.9455930143058218,4.576059210542805,-2.6868043484646877,4.730189633225573,1.268724112148,5.124133381703013,1.9197791981028964,-4.275530387694712,0
3.4385978368329493,-2.000728609079039,-4.3386797102105055,1.9734026538604716,0.9510368916190899,1.8376344444029284,-0.021440774115069727,-2.3761897902433704,0.5048341853072131,2.4983004279126177,0
1.935497469536462,-4.099003908719727,-3.706820855004649,3.8037374520978364,2.394622467687843,0.8574099251240466,-0.8621669472737181,-2.468773430125804,1.565142460692005,3.658720624360642,1
-2.502382926235854,-4.725205323780764,1.499024579964737,2.87453402693942,-1.5603334617718576,-1.524754613740793,2.1878894964869064,2.3651935383454092,-1.4313396364416422,-5.683507430723116,0
4.766914919915372,-2.590313760292241,-3.702461241809451,0.13211383817576716,2.0505808146843187,0.519707454701998,-0.12429432864569012,-5.087156576599833,4.523569697753227,3.700954296550325,1
0.6148233653242705,-3.7995505712611726,-3.283756735806313,5.20496422067768,2.8547869004401463,2.631690414084359,-3.4599721739044176,-1.9506452968746668,0.5356983221755494,0.753891959783608,1
1.642626994032327,-4.814188467140617,-5.145547040651158,3.8646167492722707,2.4126916398651157,-0.4215638814836229,-0.4317375667970491,-3.435597233932702,2.185635273424371,3.3319678201765206,1
1.902848239925036,-1.7575964978587717,1.256014515167767,0.9574152164829162,3.9214267660543323,-0.7936059970911788,-4.177282152803016,-2.7312548599642366,5.068062441506758,0.5285959492045758,1
2.553696815866987,-2.972948821683214,-3.8643791634272766,1.6473638081875799,3.640969505381838,2.810977389399377,-0.5490387941835855,-3.556171811004683,2.2017016530866687,4.067990283357503,1
0.06108517643932654,3.388412926973394,-3.8719135996061693,2.7704593957877,-1.0283338785361986,0.7006174846151041,0.4937637918805897,3.3731686119663458,1.8630879234960802,1.2111727556936538,0
1.6033995569154522,-2.638863326343439,-1.9650342435300796,1.3333029684647584,2.3459161211075608,4.716643602186387,-2.9235702916771027,-3.1902425737656315,2.0101586066257644,4.596356948650115,1
2.457939052343093,-0.4051522945085211,-2.5062246424153662,-0.7457445065995048,1.5395939560274825,4.722404812190003,-3.3862034311688767,-3.0823041572991468,2.3369075740602376,3.5295892495164365,1
2.966430492436369,-4.330947324257768,-3.2653457894760356,5.944370834701788,2.0639217549663145,3.9162168424514308,-0.15711219747887006,-1.4822274664274102,-1.1321241261444785,0.6643697204751235,1
2.2102566262714323,-1.3276594438600156,-0.8946222458217692,2.752995508789457,1.740170413440692,-0.29787505071359366,-1.5678390611170614,-1.9746702722410758,1.5527069702495595,0.638258351471527,1
-1.1860898063292944,-1.5486479290582575,-0.7699229035258139,1.2682427131321479,-2.4022729722893548,-0.3290441453314181,2.3466032592234147,-0.7761510885651322,-3.846105416933117,-2.3266420008157467,0
1.5459408787379267,-4.53908414647973,-2.6504022147841892,1.184830847480201,0.1558185037607882,-0.43134221401538086,-2.0720109574855967,2.5352162871464987,4.2908024240133,-0.7478825521698758,1
-0.6825280429752154,-0.7187501928505955,-3.7973850943785026,0.0425421451018011,1.1665305828013774,0.21893784204934952,-4.405829312169333,-3.7636208595128084,3.6319981636164607,3.627485466290398,1
0.6582401414212133,-2.427297774611582,0.3236831955392514,7.633071450741795,1.27201537225457,-1.1358793932540712,0.10915707833309396,2.1085176120328963,-2.065660466883389,-5.687994803565804,1
-1.1376664508093723,0.14104843023766067,0.20328007661857228,2.4139637855793894,1.6617405567894399,2.180022379031504,-5.53420192328689,-0.25752164597912564,1.3427131504922043,-0.31599951250924985,1
2.0117448848266464,-3.1344842977995295,-1.639052099682322,1.5699316975878626,0.1770241345201342,0.6903638766375484,-1.2049158556066024,0.2836757517260158,1.3437067802867282,0.7161164083347398,1
2.9065942392799835,-1.9828779926523425,-2.398852230326039,1.8450050011401398,2.171722879889437,1.5304157968216865,-1.6430757433576921,-1.0082131918883495,1.197697574247432,1.2039571418505668,1
3.15535901867476,-1.2542485958937928,-3.010327945002414,0.9313173308854121,1.7328616424165613,6.652042185485078,-2.5571367688197135,-0.31541939676159436,0.8774964058099175,-0.8110134577995449,1
2.1015156088025906,0.4074988389822547,-2.6704052716842805,1.646717953554346,-0.6740245739343436,-1.8376584377595595,1.0315183777602162,-0.18288114499327746,-2.1896150607975193,-0.06292524133598221,0
1.8344828816903258,-5.25938955918004,-1.1283656117422007,7.4557398822954575,4.204937615797462,1.5779503122309149,-1.2220729572996092,-2.804452937108655,1.2885106055501192,0.21960294546896786,1
2.1767925652688245,-3.3163173014738287,-1.5099013597328015,5.326560923119674,4.296428328282618,-0.21808380244312398,-1.7283736048150475,-5.36373103027238,3.0169877994559005,3.36259306493443,1
0.7792607341360487,-3.150078449598407,-2.2451054903471035,4.009397301678808,1.206421651695822,-0.8067433534875961,-1.0858970354725144,-0.7143524525484763,0.8647752497440613,0.8882563092248166,1
-1.7732955472773706,-2.4197806338585566,0.5921923639649016,1.019875380066381,-0.41002071314914845,0.174611632776555,2.1621348653039987,-2.5770457249957106,-2.6744689296679054,-1.8262082961519366,0
-4.015967340527991,-2.580840244086173,-0.4508525595877566,5.801765245946001,0.06455620975941612,3.9693761838262005,2.9538233242117538,1.2600929116582902,-0.636899851749045,-2.253419398324418,0
-3.7486547403014976,-6.055736414859018,-2.800282673034107,5.52510343459668,-2.44002739303485,4.9590495223203055,1.9135592025354584,5.479382167564854,-1.2340416838944512,-4.7168340403138025,0
-0.9628932008771653,-1.7613813335983182,-3.3328366273393417,2.118178311336667,-0.6437215977127133,-2.0000607476280825,-1.9093870409943796,0.6866405631279009,0.946775872057392,1.4129691877087853,1
1.8072443812942263,-2.027153697188417,1.4640368752741337,2.888290686315505,0.2330513822385294,2.188470294978119,3.6493372954334258,2.183169521679549,0.3730666019909119,-2.3617884748264215,0
4.589559585682023,-2.316088194667902,-2.3489008695234825,-1.3172564100411162,2.4208240868125306,4.546460566131811,-3.2465349908638492,-3.95260032433522,5.753054767772461,6.482984408704637,1
1.8936149717429973,-3.0079143435875144,-0.5377689810442614,4.384371644897819,3.4923447804420142,3.0805471345249194,-1.2657055508119073,-1.8125042181400353,-0.0026351307533731827,0.3215151916185075,1
2.068858381223542,-2.545964670624756,-3.339950541272249,2.9420695613602557,1.1933763924622236,0.07250537247561661,0.3597957807480814,-0.018555953075900078,0.7448335712407024,-0.12326022211298193,1
3.915563729229686,-3.5314231737224127,0.014727090027268908,0.49962770278018165,2.892889160972201,2.630640855168689,-2.548150831455534,-3.0060522129791885,5.191178428109702,3.998275464382421,1
1.9326122453755992,-2.9299733365630547,-3.625946551703698,0.40024385160413534,1.6743091296749537,1.988172299541184,-3.850563044413925,-0.7654202693387999,6.371439371846488,2.2328817422524265,1
-2.6831027229861952,-0.6411187369845757,-4.778828227562687,4.438191036307667,0.14168482622157041,3.5510564678089778,-0.5025315923634799,2.131247778398955,0.38406069605905024,-1.4513158825224823,0
1.5613095390785583,-3.1730716691111334,-1.9307362444059675,1.5359216598894034,3.873743061375609,3.027924338712621,-2.7743349127835435,-1.2615764369056888,4.045092866938457,1.8555105236648561,1
-3.4927617291571336,0.6598609212402318,-1.1626938378780245,1.072743588465301,-0.58623848662815,-1.675000870480786,-4.980907910126877,0.9037385823539856,1.1001751619325737,0.3269561434471462,1
-0.5334017671084295,-5.911663701431691,0.35523378589607235,3.331179237835692,-1.2330010483493545,1.0540322773980928,2.4781487378990543,2.557542238894543,-2.8597874123840987,-4.045083045146176,0
-0.19006576840607092,1.4382762567349294,-3.230090556616209,1.370017777352083,-0.3585101370469208,2.185421417580764,4.169936100727728,3.5746843704739444,-0.48045289147610215,0.131237280726332,0
-3.2928996268296737,-1.3551491615906786,-0.13392335690499557,4.60324368628077,0.008527136552838765,1.2128149604897507,3.2254845302656925,2.698003879691196,1.2580990088111408,-3.129335730854612,0
0.487181023425757,-3.1712156280337283,-1.7279436445848433,0.2429938259810296,-4.221908902115901,3.888840944701041,3.5339863388215305,1.7394249501260313,-4.407427708610212,-1.3339736347847098,0
-1.74793900623657,-1.0089472518912665,-0.3181159256224706,3.134449538506985,0.7281448805154846,3.78450923046724,-2.5578404075432655,0.29927365113509463,-2.931284715575731,1.4258733919622981,1
3.0622479145709844,-3.5622158394924073,-2.080995420320438,0.42409849113529097,1.5517599711185721,2.513261654218662,-0.2661973101560908,-1.7241421146254672,2.8263270790001402,4.117695077948737,1
1.6683191047484571,-1.2119866180325523,-2.214898771092609,1.0580838931346483,1.0098434291012695,2.701039267144399,-1.8091469403985718,-2.171018257003277,1.2317388170641994,2.9856318003157676,1
1.5908550625473252,-0.9265280448377948,-1.5344971605129858,-1.1926249072709627,2.481092675643919,3.74654954390868,-1.4006530261172048,-2.671441596842721,1.9225370619466087,5.972877485067579,1
1.3383919421280588,-1.7251581235455935,-0.9540741236889461,0.02669045986755525,-2.121927652815524,0.5669410597639117,0.14510131722938446,2.6643112709471435,-1.0897134004894733,0.21690339345138065,0
-0.6963795078959019,-5.675009483511218,0.3185480250663151,6.549760796281677,0.08603617513833273,3.4813898924369617,3.4985898082968085,4.297565514168383,0.5628375913373178,-3.888611537327418,0
0.43358264542347724,-0.2988715763778029,-2.6351433001561575,1.2590502233141403,2.8372523402024283,1.956622932474708,-3.347426997285373,-3.813754513637322,2.4919780307979917,1.6306736270280218,1
2.049525232621048,-3.6720573104951653,-3.639245103027838,1.2087015424437713,2.169106454453195,0.9034646381571523,-2.292066745241834,-2.4115585896361376,5.378584784898075,2.833913675256129,1
3.063070227553313,0.16291175666605628,-2.739648349002149,0.6792773466511841,0.0398906248829336,2.5609075667135093,-0.3101767193826537,-0.5339209567354517,-0.23006572990535368,0.4196387732794171,1
3.1324519224373066,-1.2228693005933886,-0.3638820769954092,2.1377298489596464,1.7708320982756018,2.305879441479678,-1.1664254161399985,-2.157657061309488,0.28449581154670756,2.412161315220927,1
-1.0035294509837849,-4.049723902554364,-1.211617366574876,4.766071634943511,-1.0136145420746354,2.2362802211305897,1.4425287869431898,1.5530811232467192,-1.2201685596897531,-2.215876159784485,0
-1.0143557398267324,-0.3350645423183183,0.06368332628833917,0.3521558786081742,1.4181698319051486,3.938487197692045,-5.690033094041734,0.9648658816042595,3.7514041168308214,-0.2791679313829398,1
-2.6317436246099715,-3.204444257432586,-2.432696890298979,3.7386890626423828,-0.8274405332365293,3.2756430466582827,2.0396737399003833,5.3583076554048645,0.09539312712108927,-2.871886591087609,0
-0.00044106661048903817,-6.446932436397474,-0.9896917611581213,3.6236053223279594,-1.518209013477207,3.0102110695324424,2.1356448409764743,3.4007694008779565,-2.453822061021678,-2.7708297260270554,0
-3.948698757324728,-4.439326480142581,-2.975982807850927,3.098266495343496,-2.0013116626287712,0.029513126961259406,-0.139685712732613,0.36713985700356466,-4.052077783019527,-5.684283561306522,0
4.663424984816704,-5.550793849351386,-3.015291076019736,4.2344782636414084,3.263637193870695,1.4681664002618375,1.0411835253657014,-5.499131503314191,2.419322298335585,5.718260440303256,1
-0.5403496712692326,0.23218902907353955,-1.692848716528396,2.184102154816682,1.0256983387062941,-3.2161880024289102,-3.851723590005153,-1.351457471146995,2.8614949113475405,1.2991279315789819,1
-3.584844305804381,0.6853106064562193,-3.480932892343154,3.7865993690514332,0.6037059511642555,2.010930462049137,0.4697575770114941,-0.4023142916235001,-0.9525911583529469,-0.06495307930675143,0
-2.2937711000350816,-0.822820394316534,-0.6550162416459648,1.0039962567584548,-1.7425090755230825,-1.9549042141176192,-0.7523080561286597,0.9195551441567356,-0.14441947201698913,-2.949320827377394,0
-0.7320379910737307,-1.6184822362950673,-1.2073436013919028,4.2829018957022,3.6236371715034994,-2.1899547613428316,-2.610136889166745,-3.4447826182692003,2.177894612190813,0.06521209954545593,1
-4.567190424280116,-1.903010021146477,-2.2272323355886057,2.188629011668592,-2.235586750252232,0.6485514100995446,-2.2190692201089988,-2.0811797901387967,-2.494333563836294,-4.041329235581017,0
-3.420814201485223,0.2751453231525547,-2.8128590996699705,1.573106982258913,-3.863059148701118,1.9523685742130283,1.7436459333109577,3.178867944475945,-1.5014855235926785,-3.324751808829153,0
-0.5575506240751684,-0.5102016055098069,0.12664540297821514,-1.5323920126177288,-3.2653322053092277,-1.1661147380140595,-0.893702002714341,-4.6303790516891405,-4.458204910060326,0.36788525815403883,0
1.5755329974057886,-2.270987441462229,-1.6800303308618028,4.313579599645774,0.4520686737176247,-3.6736092701104095,0.24177930571190798,-1.9202253882810114,0.35982392444951605,3.1313571646343554,1
0.3844976797772075,-6.32015659250776,-1.4061404565693385,0.23511785655215278,-5.3760931670335,5.023493895437674,3.9586743490817526,2.976191522130833,-6.18077849587972,-2.0641183551740365,0
-0.6212940470032842,-1.2897875081522399,-1.485781077769869,3.874526941520794,-1.1456110201980503,5.1950846077400055,3.4275284136267254,3.7031374098433654,-0.18089039910489735,-1.0065769349308211,0
-4.302981278708713,-1.469810418556687,-3.1736134453507905,3.657271497274615,-0.10980751188577442,1.508103031402079,-0.9887161431231184,0.7874094467298498,-0.5033829198469231,-1.5370439225555492,0
-3.335347901026766,3.253883768794803,-3.79617030785475,-3.244339394387432,-5.091444727072192,1.195174445444585,1.7570264043934318,1.0409839901739797,-3.1492381682823116,-0.18445303500667332,0
-1.6716701269886742,-3.0962918361711056,-0.690279476806889,4.5372940564666315,0.9863258688605252,4.592545492884346,1.3780873478795903,-0.09880876466293209,-1.0832683942440045,0.04854422947715342,0
1.192732590948055,-2.5159747627499334,-0.3435348887006726,-0.6707758076018084,2.7373057104677554,4.122856466156872,-4.292453171689159,-0.225576012094151,5.083974434445765,0.8885864470356666,0
-4.756855859477339,0.2721626203324168,-4.419566001744819,2.7251174852123317,-2.660201388199609,4.4974205930029605,3.061944575100066,4.524353222456101,-1.2797015453406522,-1.8499885542971457,0
0.5760304681683626,-6.728580322143466,-0.5179302382136828,3.2416498405036753,-2.80130818745547,6.467959569248343,6.814030460462017,5.146164851901994,-4.0747336388572455,-1.7041927367292833,0
-0.22773436808844383,-3.9883115996472105,-1.1753416515649353,2.4638867717815223,-3.239625310172163,3.749148375584677,5.626648749776074,5.225335466208587,-3.344904502300522,-3.631163922348514,0
3.180744549762799,-0.10290061378486848,2.1411141924100576,-1.4020272943910532,2.9148362914791384,6.837320623948739,-4.899238375103609,-2.4030591988849657,3.540438838440373,4.1360594137369855,1
4.378918503115603,-1.6625171471478233,-2.4346603087108645,-0.6459585560811738,1.585965385084441,4.768919372880109,-1.831208125412524,-4.886776875573039,3.318793223892793,5.64285208080816,1
-1.7708587559895232,-0.1952026326345333,-4.838661994410097,4.172500818207855,-0.5091250213366241,3.378495814997036,-0.13992957275609585,3.2601655702671484,0.17078294352594092,-0.5198170699422309,0
4.441949401753963,-0.05230676507351073,0.7972917811179951,-1.4208771836541594,1.5305152313941404,3.104122127681518,-1.5675927480258345,-1.9003097160399258,2.8240490984783744,4.198729830618705,1
-2.419542346817802,-0.8918894832591406,-1.20432579956121,2.712346372202453,-1.1924509564497352,0.24258267407024947,0.6239699935700067,0.8989583630036877,-0.9737962707052821,-3.136220801611138,0
-4.263706952526622,-2.7584449801177344,-1.1458590289522785,0.815411467833032,-4.103749897304111,4.200182957949734,2.9080946671157095,2.3171919862715176,-3.3715786853491023,-3.822866722278511,0
-0.43243111983852045,0.1770198299496366,-1.096401350343485,3.8211017677691403,2.443334972127899,3.8503100124202705,3.6115275368648634,0.8676536462096776,1.336065021410143,2.1133158540611703,0
-3.2409145523596514,-0.6312511261406211,-3.3871443087214956,2.994293685270265,-2.977933371231481,1.9294273340633528,0.15167921534635465,3.726757346808494,-0.15149686504948545,-3.4018914873086272,0
-0.5948782583246273,-2.0929204627508096,-2.260361231013941,2.2528925929045855,-3.296824775899059,3.6149448462622304,4.646944272341808,1.624545832298359,-4.283117462734589,-1.7014621732594302,0
-1.4389094786755479,-2.0703343501199067,-1.8897581232036929,2.08835766885228,-1.1167113312367052,2.5017213971470036,4.552782956434632,1.8718076141496387,-3.032952945847926,-1.964100167367085,0
-4.358021074433166,-3.2753543846212105,-4.439714631923441,1.053103733717622,-1.6858801850677056,2.0567861079205163,1.0865705486551405,-0.5551853023681388,-4.815260977866698,-2.0848239313673145,0
-1.1908627035020087,-3.9188540422838223,-0.9248191920923483,-0.5475642821597861,-4.1515864966612614,1.7658590978539364,2.2769149420378034,-0.49690254504762477,-6.141434370784375,-1.8789065966381848,0
3.421103177680553,-1.3392989995563027,-3.2932675050703732,1.1656764741730943,1.9524595683652888,3.2807789001399055,-0.9763235043761056,-1.5879249684732224,2.3789071836768354,-0.24772119704408668,1
-2.259087484613593,-4.456895134240238,-1.6278954602453197,5.237746910579122,-1.4760976224595992,4.9728927292541245,6.8200807574475,3.3603683239588147,-2.7467344289056457,-2.1765976666253013,0
-1.5579756730641237,-3.2217140782828517,0.2786003753275299,2.950409988409349,-0.6708588920451701,2.0331453916546245,1.1328386307789018,2.0565181036258355,0.037648786493282405,-1.41791450459385,0
2.955139056582552,-5.334620344707913,-4.092965876985931,5.189951037651932,2.027117731780168,-3.418861341389894,0.7745053421281347,-4.651933831947243,3.07926874651389,4.449806632152892,1
-0.5462220236750066,-0.42860620773539515,-2.7032315030706835,5.3467712267166,0.7707813575413067,-0.2588863925434901,-0.24717762296656076,-2.436956124199058,-3.4322589062305457,1.1267488986206184,1
-2.410571782886114,0.8842797349239016,-3.2874464897653377,2.5961821193235863,-1.743709230939366,3.8734054344676063,5.3771592972349245,6.438901645075568,-0.5526316220212386,-1.480894318718419,0
-1.6310215188015458,0.3206018024251591,-4.706793798250315,0.23631970054932694,-0.9067041871263373,-0.36102258994055614,-0.4828187084173541,2.145725799421486,-1.3381387532991655,-0.3249490648287632,0
3.50647213491093,0.024413247666718263,-3.5345433277499136,0.7287462027237968,2.008437965596925,2.8059354453939505,-1.3670464019294106,-2.983721229305072,2.2851921009752734,1.7768250512757084,1
0.14055399642580224,0.07604283263159273,-0.1799978595485059,3.1174863108310964,0.36278000403998334,-0.4064657345983873,-2.3919152430339143,0.73600800875756,-0.5296277962002609,-0.9851411750746699,1
-2.8759883471752348,-1.130310175750422,-0.36265525779875074,0.9095382616809617,-1.5432001403152393,-1.2515100925816207,0.23786436713963255,-1.6328921520111677,-2.3327618230457814,-1.7732128714095021,0
-1.2698291267187898,-1.5147114071375025,-0.8861331691441985,4.209745522962535,1.8005400289928208,1.7653181797471498,-3.26606867245827,-1.4416333445549512,-0.5470888212084346,2.1615265159521773,1
-1.8534503324750795,-1.0596943370720628,-3.498953709715759,1.2314510881931109,-3.2660345928553194,2.882689091624388,0.5779443189759244,2.4362553006107692,-1.7790237724786004,-1.2558983996115098,0
2.6680531419553235,-2.379431944951854,-2.504113489651085,2.1724299899644137,3.1074263046083823,1.0670631650223399,-2.160854848439083,-4.829995051134116,3.605095787433432,3.4001622735031733,1
-0.006026448715960031,0.1027593796296924,-4.469428500035457,1.5515715403410084,-3.557165768267814,5.453202387406111,3.0137467465222008,3.6278463859713823,-2.569234043199613,1.9301776039179797,0
4.632132400911974,-3.152002413375848,-3.1207368645957256,0.615421741133902,0.8112422252550695,3.813039901979816,-1.4065667243836282,-2.4948351762924887,2.7838949995256628,4.241417766978376,1
-7.106556670252841,-2.9481192235677867,-1.8930851916096771,0.8698751584464395,-3.0467426280757204,-1.4570293495419513,-1.303404893891471,-2.6042737224337245,-5.130363718160678,-7.426029554730455,0
-1.7796515936615183,-0.4761004794739101,-1.900632057410314,2.4720616976815175,-2.0617284873591726,4.732975487859612,3.105180444116319,4.563069651255001,0.119324706285167,-1.1446490058907322,0
1.7277860914658298,-3.3012150546225856,-1.0943555615956684,6.355300385779182,1.925184440464696,-0.3169710875930405,-2.8028905946569425,-1.8039371863745814,-0.05617824743168942,-0.22430215317158897,1
-3.1619161380976037,0.5361866720375854,-2.794156213779782,0.011442767024728573,-3.977975877293958,4.130475761599852,4.232870736670205,3.758995200880163,-1.830568399364496,-0.23836504227964928,0
-3.0463336165116885,-1.6252262188846176,-2.1467397868631966,4.792717887204972,-0.048623918056901694,3.415427762473139,0.9693057087582555,3.125382566292153,1.092887693559312,-2.059484441829861,0
-3.1785170042144144,-2.0642292173619827,-0.40056788365093454,1.7696460993166776,-1.3204445134649871,1.9240387546194824,0.057721768014110886,-1.4926914755795444,-2.142266791510672,-2.1609385318707504,0
0.015692837953479755,-2.3588579077394494,0.8213604125931182,3.2341844945951026,1.3124955827786482,0.6162233538267798,-2.723619675770579,1.0124232321614812,1.2911509412142572,-1.3313130512609233,1
0.4852757705618167,-1.513267222536327,-0.9497280172699016,1.1510032813248623,-1.9882758373873097,0.5742049008125287,3.33669507820228,3.364540708016018,-1.8895703540163795,-1.0379637814468567,0
-1.5862158556016637,-2.9122113199270596,0.31123376483779763,1.230531037175195,-3.3935500280889306,3.7163424035868804,5.550874661941556,2.345493613901599,-4.425106310481512,-3.0375579178411556,0
-4.92827188420398,-0.6954655104388547,-5.207372873174406,0.8687686590117523,-2.9702997583367137,0.1911019510722265,-1.7333911376546087,-0.7220226649284807,-4.283168413495362,-3.6905516298867598,0
-3.409895963994401,0.25461611732575573,-5.076447829870462,2.3138812147597676,-2.919659634697886,5.235177272067716,1.4371478493252456,8.942802004783488,1.330013358507541,-1.7668551351739064,0
1.0773863088815765,-1.8198941196277998,-1.2377124894884173,5.161292521694531,3.186259565840695,-1.170997932944426,-1.0384523117943174,-4.789452177013593,0.7103332801144229,2.405169233072175,1
-1.06915516101086,-1.557891199939803,-5.655784091921237,1.1383246630522248,-2.3473233074948645,2.689835556573797,1.169607306458822,4.503205172652741,-1.8062096760434738,-0.8468105367718171,0
-0.4818429586173085,-2.166130190344782,-1.4474919729260374,-1.6863643169812974,-4.929854071144886,1.9621919833572778,0.8645378503254688,-0.2493021070987118,-4.651476865650377,-0.9992193313096516,0
2.558629474756538,-0.5445287009543458,-1.6350192438130722,-0.8011155445124065,-0.34961644184963037,0.023918541096498824,-2.6407982126886793,-0.19984698094317221,3.990146732345316,1.4900816488997324,1
-4.254360119788597,-3.31227477066317,-0.3980718446988021,1.1888104175497651,-0.8143544492769488,2.3064086361265477,2.776305175906151,1.2187845618045656,-1.664670929060172,-1.6914259749824474,0
2.185894277238607,-1.4885726242113368,-1.0033289050574763,-0.32466287865826704,2.9943294774828786,4.308039555159052,-2.86921384300349,-3.082235267245742,2.7706646604611045,4.647828562363209,1
-5.0808583576686654,0.7298862637760921,-2.435481504031218,-0.3911938250506526,-4.2350737721917096,2.530942941378543,1.150710029546068,3.52517822563538,-1.3096583168581017,-0.9979370708246402,0
-3.9421158375049643,-1.2280835001594923,-2.4401984764786357,2.228524571391649,-5.2614053625088095,5.065775304379837,4.601035317358611,4.463411017703626,-3.1831805699507383,-3.4133817697034656,0
-0.7192591870883502,-0.7241356391211393,-1.3700139366768935,2.4101431603681363,-0.09337762614991507,0.7975047235632344,1.6695831977293725,3.528871167195102,1.4170060967193612,-2.0512600568508983,0
1.4370414295277802,-2.1872200582301833,-2.4224523545952157,2.8307415773082933,2.3980993513115303,0.9725857828704503,-2.1607214894608657,-1.3806842692583068,2.0408770537829874,2.272825913059247,1
1.6372957594861213,-2.9147814044051183,-2.5491443147685273,4.957968294373712,2.8678579256161694,2.722540931198334,-1.8821991949114207,-3.0569142130361673,-0.5521749656832227,0.7055693973616362,1
-6.569017393631495,-4.20755743333431,-2.903522561058697,4.494242931286103,-2.013046462551055,1.5851859075661778,1.5288471113306323,2.088062810679421,-2.6376586407479192,-6.527369249704348,0
0.7012575400833791,-2.741036202087919,-1.9358785350927936,6.167154782039972,2.4082297511760626,-3.196670323691925,-1.3468792065508635,-0.0029373042604705635,0.9964901641841912,-3.9187679776924114,1
3.30642842792042,-1.175946097763405,-2.793119247776138,0.9938642813043903,2.204773126243769,2.0768389190103127,-2.3474719309082306,-1.1513836946558764,4.713686231782624,-0.5988380539542599,1
2.48078102079547,-2.45917199378226,-3.4725716062287315,2.7286526940795452,1.996784438057033,-0.8147695429818054,-1.3551677723698747,-3.6497197993994566,3.303683939196472,2.6565947271503614,1
0.16597648053666858,-1.4118823406853975,-3.4194679516488744,3.6389116280494855,1.5558317338680132,1.3102401237829648,-2.661266610640566,-1.3025306532271173,0.9565094799514977,-1.1430332845979003,1
0.799375730540387,-3.8929533368587688,-2.8618677407947075,3.560491835563046,2.1372866323747646,-0.9831386448473829,-1.2402803980937123,-3.72634720869989,3.122030877453279,0.7940369257015683,1
1.493547325318983,-3.3507363330981557,-4.452431921381207,1.0611748145530169,1.6421725562187004,1.0827850774813057,-2.2182664153528764,-3.748683509337871,4.66254871762,3.3348126171624752,1
0.43423861820333953,-2.1278449495336242,-4.536218304674668,2.642323370272301,1.0524209882801383,1.0976454886832845,-0.2865499222490431,-2.42949150166387,-0.15419780723786536,3.2418952623073585,1
-4.461186121477811,0.09318875915494784,-1.510544517676501,-0.9032014703734541,-4.819075793992145,2.165003559986586,2.4541606671951177,3.9207228971928454,-1.8548018067560281,-3.6147609401934484,0
2.339764198303197,-3.540723749049718,-1.4824995072895835,4.267741927800788,2.2605514351876503,2.080998130269461,0.22424454025067142,-1.905851145656351,-0.3721340455794526,1.7898063588609745,1
0.6713826529279014,-3.235678491090373,-0.16590725568070774,0.45288760177775256,-4.206302862296605,2.6260960712510597,5.129714514976397,0.67369963076307,-5.608321395793853,-1.5673232141053277,0
-3.4413282833993284,-1.9643844672872146,-3.5182443816882767,2.6248032318781225,0.09868071472135931,1.4655317223089466,1.1011614255751894,0.7505337355660744,-1.4771902849250953,-0.018571955108072746,0
0.9443721533888627,-3.438386953011911,-3.7757549600134928,2.536952545988482,1.6611417024080608,1.279791472010066,-0.9702786750083667,0.03432625181859317,2.2493203112392206,-0.9968275480895672,1
-0.6383384873673676,-5.0959296409680865,1.9180936613989492,3.7119797637192304,0.33685749283098687,0.7695508408897747,1.6469780545454975,-0.9904897599665872,-2.063594145885211,-2.6012518971061938,0
-2.976110503852175,0.27770104290910824,0.3254141357028617,-0.06611055043202763,-3.3714037589276087,1.676226834002998,4.082915589353132,0.4169802808258978,-2.2187623241437184,-2.4559488722755143,0
-0.33380386680733154,-4.991560234687439,-1.4174423473423536,1.6158447533867961,-2.5286264545223722,2.5276956141456832,4.631040351576647,4.291768919343215,-3.961581680747498,-3.152033032967323,0
1.6921713101039044,-1.6588375698674098,0.07939871210467819,3.0672663305864876,4.41133003892056,5.375971585910008,-2.2741219819512892,-2.31589239650946,-0.23854201052764834,1.490787102400494,1
-0.26925520220798704,-3.537036843469659,-0.021176941485232748,3.0734178220038277,-1.4934576027727449,3.8581817905083042,4.738175221467635,3.2824771225126934,-1.9937545938818473,-1.9139882785565387,0
3.546824761979468,-2.2976171878376395,-2.777522102845484,3.987605411631986,3.299882416196642,1.4414349187155362,1.229955941861835,-2.9749880175262753,0.1441978904786363,2.0240476675045773,1
1.188010609889355,-3.5865196872151044,-3.458041750006132,7.30545048250315,2.5796575535388344,0.2773382465778287,1.0069710685464828,-2.5318945899961633,-3.778070584656094,1.4039304706102969,1
-2.602364008121306,-3.3735053306459903,-1.0444423575325026,1.3521592479957507,-2.1465947916984645,0.6538183881991717,4.2898094908400966,0.5214586956163152,-3.8085682442606794,-2.7488193177689055,0
-3.370721892259489,-0.17225080190147213,-2.0791266321095594,1.2117411990251077,-1.5847025419208849,-0.7156549202424056,1.182094301032679,-0.797855932294055,-1.9906638261185514,-2.2331057946734325,0
1.3097774958770878,-1.7480505143164422,-1.0299949830508266,1.6916046418105146,1.1855864168481274,3.6182208963177445,-0.4932633614098101,-1.5495418350980725,-1.5177778120632612,1.5352122121734233,1
4.585029845233512,-4.064787061782411,-2.9312089787161053,0.5586090293466188,3.233678374456307,4.318122411631587,-1.2181914100136502,-3.5059421077448265,3.889210756545526,4.292518422740211,1
0.7091309253190237,-1.228756223924003,0.048263371337722294,3.491180597886726,-0.6167601676688939,4.985901954541385,5.399528827519512,1.991809183223938,-0.8838169928399895,-0.03828770209784249,0
-2.756582285538113,-3.0895010575038135,0.603514031947813,-0.3835379834193633,-3.6233917602087047,0.41855689027458487,2.4737461749324696,0.8587897943324729,-4.094070150284466,-4.400567517842838,0
0.7245981465029705,-2.4491763674623868,-0.444448348558417,3.2183006393796365,4.027572391117804,3.250446617949277,-3.0873124965904983,-3.7830252020142163,0.762544964234791,3.0562236047469398,1
2.058113248044144,-2.8067079224866376,-4.602398333050635,2.330058122175995,0.9661013653964687,1.3090719856908137,-0.46307852236201397,0.7499487095286415,0.6017151127220919,-1.4018750027556068,1
-4.842007618411856,-2.1322957491451047,-4.334451718355464,-0.015289783349469399,-1.7314744019930568,0.8564485050567698,0.3509850554684506,-1.323934973840855,-4.450232772319794,-0.3372995542543944,0
-5.263436451437653,-3.295343718485956,-2.8614742204964636,3.916317634094704,-4.250091945886664,5.186013897296187,1.621192976196846,4.815841902908133,-1.4801066164193433,-4.382460305354046,0
0.4342199150658217,-3.007080314634756,-0.47174100620760595,3.87313991666573,2.8810186001932596,1.6693854051151842,-3.518211399430762,-1.829560317562191,1.9102631658419824,1.574373700208064,1
-1.1862802967020265,-4.401192590485836,-1.5134431087688571,4.945494893719248,1.6534913997020642,1.6328181271169577,2.794430285576249,0.07682608092722631,-1.3701527711299897,-1.9650517989747815,0
2.815235839793505,-3.234361448942335,-3.7169957606257933,2.766882065545831,1.9636742667525318,2.398555501269974,1.152209242543309,-1.8550069155312943,-0.16430542998363462,1.9034039127695395,1
-0.9912211976825922,-4.01167396898466,0.04120068207139882,3.068627463715622,1.0505884431345485,1.1406249866106175,2.4812886311858176,1.462094360083737,-0.6448910188666022,-1.5402978865433878,0
-1.3239292727368859,-2.7105548182464125,-1.922960650818236,0.237615447900144,-3.1701269666971075,1.1621860695868147,3.430920778185003,-0.844398989241701,-5.578855672217999,-1.7901522261662095,0
2.6423504270139078,-1.8064635949987564,-1.6995429524237273,0.09992924521875723,2.411280308259394,2.462508606770959,-2.9411226893068916,-3.989042393565313,4.1133762639146,3.695751631980782,1
0.9256533037980441,-2.428356503099678,-3.1756708118489874,2.389448705306647,0.8170913445836638,-0.37828414405327226,-2.3274433967733734,-1.2092800225393203,3.1105134451946794,-1.2211768613321516,1
-0.08799734025189432,0.3593003618206936,-1.364031943697279,1.2612255780299826,2.807932493466522,1.8506861743115566,-4.203032765519178,-3.398797167422501,2.665044116605201,2.714237829909192,1
2.0332684945115056,-3.5587812712944027,-2.4283577626017565,0.9445549076512139,2.356525786385826,0.7501759487960626,-1.7237903298591983,-2.494015266181361,3.512439008338122,4.146068914533377,1
0.17562691683838327,-5.234977354040957,-1.098352495501812,6.107781376886926,4.216848609997264,3.0041405983356553,-3.202942718575841,-1.388646788895601,-0.1439611411181927,0.7324229594944036,1
0.3122150940509252,-2.863035006101745,-0.6383585762440729,0.35699701234908243,1.7648488052285543,5.5785063512510416,-3.8375460376362005,1.2409900493094566,3.1945605064694504,1.049499960272437,1
0.9473053563146676,-5.520194681091185,-2.0070121703927577,-1.0186150996113046,-3.250440297158635,1.6112684645740316,5.901955469382374,1.6611198711343143,-6.915817456129282,-0.8835726449646226,0
3.1926121324827528,-3.8391096290411104,-0.9510601664900074,6.485009737896567,3.629691198381628,2.452613693682187,0.2266740875307618,-2.5216209983048223,-1.7217934820352156,-0.06351680653217251,1
-0.7443722058468505,-5.531201027081795,-1.252961906305392,0.6873456868709942,-4.53339746033876,2.621024919705333,3.2400879175017625,3.064397243858227,-4.386697183058704,-2.700437951951425,0
-5.048380096804522,-1.0706870957471806,-3.7834019934933467,0.6682913956643441,-3.5088947991699992,0.270440323454745,-1.7863860714486268,-0.04660927771217471,-3.3660903651835827,-3.066726381561286,0
2.773118771859639,-2.8267587036360706,-2.7905933007614854,5.431243170711495,1.8151828294690056,1.498579411278204,-1.3033659739340817,-2.0867924602648835,-0.22582459965429091,0.8831598828893779,1
3.572198951423071,-2.843870105596788,-3.445236579627964,1.6254907212709577,0.3992702096118872,1.4894476004589117,-0.7617627187962435,-3.3680074931398423,2.2838817133497358,3.2407496781137386,1
1.8222540412421186,-2.8532856741984665,-3.7752591864418212,2.216378798533609,2.5502155467903904,0.6843304624708306,-1.8867728533808847,-3.5870775915221067,3.424189842461298,2.3376386378874705,1
-0.5590989591315974,-3.8093222491565824,-1.2319351925998485,6.639714859695629,-0.5843770500830121,6.312327759513656,4.790550841020645,7.255293987707189,1.3733995388099922,-2.1938864808365954,0
2.5848526833691925,-3.091561234204824,-2.023878901220921,2.643567069435234,1.8593166689278016,1.1102514261821521,-2.2649220243936625,-1.1983515320007776,3.4118563720237356,0.4907189609984639,1
2.781581966758517,-2.587598384093142,-0.8618468604404292,3.670211389373537,0.9431057355970469,2.529693636018784,-2.5804852797588307,1.1868909581310296,1.6413270855817612,-1.368213538672125,1
1.6987267405866624,-5.003380838933953,-1.993367863871226,3.2065535369583014,3.457521844911433,2.8251477913989156,-2.3592761464863585,-0.773504395453549,3.33185936266732,2.152959230380801,1
-0.3859396988446875,-1.5001802772590458,-4.748594095145037,1.7088738629438798,1.039401928009307,-0.20025809956957774,-2.408004207074823,-4.141361912221514,1.4363648303777643,3.6838362238364843,1
0.44973127168231675,-1.927258920792739,-5.187158618129995,1.4277338439457232,1.0924241831891202,0.20068842632115147,-2.587905026989403,-3.1701978949667997,2.4901184341203306,2.974580214299173,1
-0.14323808762592893,-2.342641215675255,-3.524802471007127,3.847946938209729,1.8679547554553912,0.4031406112832898,-2.2578264993626576,-2.5701499888389336,0.7608421785188964,0.4666152338169327,1
-0.10743205705761305,-4.5520585953405215,0.9688977528956877,-1.0972286617465397,-3.38068489183454,-2.4700089121533226,2.741244030689627,-2.835325458350436,-5.974251023444163,-3.517696079584527,0
-3.3527861696411687,-4.85890322748828,-2.9746702822572577,2.746275115151227,-4.522812745498289,1.1676946707483529,1.1642479987103307,-0.47284506668062676,-6.297339427549935,-5.451721550995295,0
-4.156198552695066,-1.8674736407374155,-0.42901352936265535,-1.6498757017598455,-2.642109757362526,0.37912870595469106,2.1504212494917407,-2.8341297836208525,-4.382949835263469,-2.6797675456366545,0
1.7273255693140748,-1.69417113067919,-0.7556500159704753,3.3920510344796493,3.2893464033842506,1.6578936166484635,-3.1630194229735906,-1.5077020072353795,2.769239104036843,-0.6707355096567817,1
-4.023453782091055,1.9454524262679036,-7.515299152504385,-1.0512268622461258,-5.892810248377289,2.5721651150342675,-0.2828245481372198,2.9598733141775817,-4.529817641036885,-0.6980579349396907,0
0.8724874472956998,0.21856825684312886,-1.235617819791348,0.37665583113320045,0.8086731958392401,0.6206190041391282,-3.297273543764341,0.6708504558622077,2.4520691541662547,0.1320893157437666,1
1.8753483186777662,-1.171266403328382,-2.5715788693211783,3.0600350524873265,2.0192543626999178,1.1879311190005515,-1.0008556063928384,-2.4124538320978783,0.7835202990989185,0.3947182374759681,1
1.0801611319081856,-0.9281833292578214,-1.9453438715579103,2.455891263854775,1.5289410133664794,0.9468689976931848,-1.4800537163139955,-2.840069272037127,0.9096947997039524,3.7003298384681207,1
1.780109332962972,-1.7607364203842608,-2.6724542304926655,6.304460681197999,1.573878144723794,-1.8201234450363075,2.1030410257931713,-2.1534158488994013,-2.8623926293704907,0.7050365342212424,1
2.5837930382352456,-2.072154400460958,-2.1369121641779727,4.1162880275799765,2.872332227269886,-1.1430190728704184,-0.9267063827810775,-2.6883762946074263,2.441051471756211,0.6148011734758398,1
0.6697393178361384,0.14415494461827194,-2.401433449550264,-0.12366070817019681,1.1468611460925526,5.291122457421722,-3.930962939747701,-3.360115583756998,1.5874615965402654,3.7595857579264282,1
0.2348609362162204,-1.6827307942743162,-1.9944369659098689,2.4489277356470436,1.3054860700256359,-0.005866207495962339,-2.2539215707446165,-1.628989458676564,1.9536899801205319,1.5441181218806306,1
4.33459707945514,-1.9503531956666822,-3.34689709780924,-0.863119460035016,2.7282512130095715,3.7623350209537954,-0.23061669336989787,-4.737966439398821,2.7251155269976786,4.90135456550888,1
2.2482453032740675,-3.8220863670087564,-2.7618020304969755,2.2409835421754325,1.931485330520076,3.444695141180678,-2.2819298663131873,-1.5198182587678015,1.9969337992121947,1.7910023537317512,1
-0.0842034463417678,-2.297435570751965,-0.8722467593569181,1.5464793400447423,-0.9712726495533777,3.093714353743832,4.242424067846927,2.2854729693732683,-1.995012706286302,-0.9463190245596722,0
2.2356763683717227,-4.603297579992574,-3.3933815401062937,5.497004675367636,4.535115403650562,0.8602428311813273,-1.443034262014868,-5.661672182064457,2.737095332879289,3.253880100413912,1
3.11362896181034,-6.395845066096154,-3.2331063171355354,8.237337236581089,5.275950349354909,2.294729481479775,0.7193096354324484,-3.763368355022304,-0.7266889479193956,1.9674227835200968,1
0.4467519926051742,-0.2449443638661284,-1.3090511037629788,6.031005208595743,2.615859798089876,0.7502847391862155,-1.4079517305936662,-4.260969246619823,-3.163890501022448,1.7705931071339336,1
-1.3898269733583186,-1.1114982921046848,0.5414014753713445,4.076031991393924,3.2081576145380577,2.4926731577032157,-3.633303131145407,0.047286732967077416,-1.5839895499684156,1.5566136772805943,1
2.2339245997893027,-5.289055613634911,-3.3281361501380484,8.580273319034333,4.998184996837441,-0.5186278852256958,1.8618558867771355,-4.849137850588145,-0.01110379410945228,0.48479056549236765,1
-0.4665403873920202,-2.62730432930818,1.6891501739796309,0.5406483760024159,-3.097124704535891,1.3003043347524852,5.033893780878211,1.169223586196508,-3.1163351715888545,-2.162849766907065,0
-0.15814781647192921,-6.939469193072595,-0.2930738862771278,2.6591302887895045,-0.8421017863348637,3.992475845899353,5.857616543861635,3.7571149507827934,-3.659445608296738,-1.7560200267843342,0
-2.448445603697715,-1.7240422855172217,-2.783934888830043,5.450401518827357,0.1241874289243361,2.842300763948086,1.1588701154421321,4.826804699779804,2.674441185929978,-4.249692841095813,0
2.776635765081913,-2.6542313523473906,-4.732695680038926,1.6264679431814373,3.2663544249475716,2.4144755360915777,-2.1072921954025188,-6.357424918159532,5.235329355438534,5.145849692335063,1
-2.8260440465357712,-4.025142928362776,-2.270170786177421,5.5069527411543415,-1.4115530135134002,4.0766216823393,0.2084704326872575,4.443011850714445,0.5585311587386106,-2.3150015457821786,0
0.5181958378173825,1.0178477879554468,-1.5542372247292673,1.2216451490881308,-0.6458005090914334,1.4472358655224986,1.416335700450671,-0.7112451180258716,-0.41320342228303764,1.8309998955764142,0
1.4992435421416,-2.294550679161925,-3.4073672696525747,1.1232734690774246,0.1557294489397758,4.182281720800298,-0.32163311454008436,-0.0335563973646269,-0.7419094131048052,2.3884223287190576,1
2.2621716171229567,-3.703635738209364,-5.111497401481319,2.1570593477531728,2.568595365861042,2.902869700091627,-1.0294404505548131,-1.433449397593355,3.2311374151470673,0.3697866833691372,1
-2.7561244571014347,-1.2686826627985746,-2.8605776517722594,3.2448189788015718,0.1928222996866511,3.747851619544568,1.5199761013948223,3.545932272877747,0.007068495759120275,-1.0679876033934883,0
-1.7113577905735473,-1.7130093100394292,-3.328904721287351,0.5071385099920751,-2.9276941938191836,-2.1958981841319636,0.6110822925484503,1.3749583809074566,-3.953258146698981,-4.522007112364903,0
4.860288308806403,-3.4092787059091263,-1.0014127904734573,4.1968948249139055,2.9373131703266813,0.9425890532473395,1.1113603575216326,-2.4217796770911915,0.8544258348395768,1.9746551308780456,1
-0.06617698731178567,-1.1614068463502383,0.9870162823293662,-0.024095817731669023,-2.0293499976995117,2.57707562639387,4.230225551772482,3.2196191120892657,-0.6655006632538358,-1.8968600285694346,0
1.7392948009609162,-1.8626423859398946,0.4924096122351922,3.0440603761845644,1.8113862609839675,2.1710160171595088,-4.108442334776093,1.4710834459960576,2.8115987475507587,-3.5305366356713526,1
-2.279719404749922,-2.295237463574726,-2.523186624933404,2.0605753258364286,-1.3880142851425252,0.7120144563664323,0.626717421041435,-1.7778170642646018,-3.878145495232726,-1.200334620127887,0
3.7130489876773822,-2.1357168384591687,-0.9543987949891861,2.0720813843731296,2.5164376508105484,4.006031032304167,-1.1079047495952157,-1.2114161941127821,1.7369230328172258,1.0772950223369053,1
4.951017107444436,-1.3308261501568848,-2.4196451267469627,-0.8850333764791021,1.240433077370454,2.452112744577143,-1.2496847887100517,-1.3389225201632966,5.058140831479272,0.970471388592687,1
-2.0295170967249425,-6.468829713248737,-1.1337084709565242,3.7209881432828382,0.5746973681038545,0.5935327882685291,1.7342878852002914,3.291286823732804,-1.138425387510381,-3.301264387815401,0
-1.5931141722141173,-2.8408188930789002,-2.735200330275214,2.526582657133437,-0.5150064530014553,4.355513437229883,5.378411224361916,4.635283530739759,-1.6514084976290133,0.006711637228269396,0
-0.04193016605411959,0.7367944424216049,-0.3986410367616826,-0.4794727087238808,1.1705758575318717,0.4106404216380264,-1.9677033004251565,-2.0408879062305454,2.0453532759954,2.3386711934785476,1
4.5480293554474365,-2.298179676421624,-2.715220099538246,2.164920538837714,2.8513407345335597,2.2782672089051483,-1.2036873076771255,-4.925249290494225,3.9809157813748124,4.587456433611283,1
0.4460114885958055,-1.9329390872434495,-5.110015315444821,0.46092164187533413,-4.438491265328317,2.051883462245862,1.9464041649337187,0.7860236232299052,-6.195063619491529,-0.5490351664463713,0
-2.0760896717175945,-0.910538695058718,-1.2660682814126372,0.16701899037779122,-1.6406292151363802,-1.6313801797345455,1.674035097472814,1.9599257894206814,-1.3988756451743618,-1.3971065412641455,0
2.816969906321445,-3.3510789995666403,0.09578272420523115,1.0387756002717055,-2.3884794670072287,3.7272725770147317,4.302327436185065,3.4289095661790747,-1.977440729918511,0.3175776427260413,0
-3.3446456282534696,0.0444453935746032,-0.9078145646930893,3.5366950470925484,-1.5337240195179938,2.2724614102989076,4.151661912958857,3.7172437148766386,-0.782910879149525,-3.546571972687516,0
3.218315061806707,-2.169006818889836,-1.3255710789838835,-1.5789075062604905,2.5029218869501144,3.008229160856744,-5.172650695913584,0.44552266373523963,7.951861247865294,0.719056698497569,1
-0.8385460362341484,-1.4257604570870543,0.1407628981391169,-1.3684052568764993,-2.196420085470833,-0.011743753120274647,3.8106139182440586,-1.0131851131878689,-4.262706991516158,0.2240574171373826,0
-3.8516827341369124,-3.9508485832807922,-1.2221964612365124,3.0417365719787863,-1.1351939431959914,5.036200532486044,3.0256331582659377,0.7293987479436448,-2.5896430323608532,-2.151375562296368,0
-3.9282013047426108,-4.320962761625566,-1.2685088957603188,0.05431306027769289,-4.500755642862769,0.6566832748406408,-0.5190727497068792,-1.3905136210775626,-5.209986393269373,-4.007320707580689,0
0.050605578742249246,-2.303775158364679,-0.4600461523288346,3.1355069694624733,3.616305544456199,3.0408983280397264,-3.120397148372499,-2.84622427021478,0.5499940732101585,2.7427733661498177,1
2.9866110102641477,-2.942386672159854,-1.5564783911875957,3.269813495675776,1.9677123816998723,3.3725061970039913,-0.30609347562883227,0.319678092491436,0.407136693978986,0.2240310790316402,1
-2.9934419395607055,-4.365446345060953,-1.232488452479597,1.9279591757666161,-2.4786922341705973,3.5182848169662098,2.4227854361207815,3.340481929809055,-2.2047555687276494,-4.230851163849122,0
-4.0437423145588305,-2.1128762561716563,-4.62393433255454,2.495086248438232,-2.3622421282468,2.6226417810313505,1.5946780011218855,4.682487659468846,-1.0068192681832633,-0.7302095558510071,0
-3.950383989888921,0.7102911338542044,-3.6691016491082333,0.04027195417933549,-4.93987335253402,2.89130439939798,0.7061605067986116,3.214956482243015,-2.5217786343371644,-2.550241997161164,0
0.8207717735313369,-3.8340295052520053,-5.797952708923088,7.43752050446199,1.9426455451429312,-1.3173847694136507,0.2220407666471984,-6.575185249150802,-1.6700675035537897,3.538188755354506,1
2.0028559967364585,0.3213263934987398,1.396663302223903,1.672553037779452,0.659497038446806,2.2709070831718714,-1.8278439620386646,-0.5345200000989725,-1.687277123524463,2.5368929240955285,1
1.0178604862897633,1.0557010237546156,0.6639491392186443,-0.9318205493204883,1.1340448784790247,2.0860494150970585,-4.372546342235523,-2.3782356858874647,2.147587305736159,1.8313400267579296,1
-1.173712297897687,1.4596865003085462,-4.002975835619235,2.51517435803692,-2.2846075247317486,3.7654197276624126,3.2920422890623904,4.121621392603043,-0.9287542009647187,0.3762202513223518,0
2.8077866174354877,-1.455871620200544,-1.1593592541748525,-1.324883326251887,1.1513507056603953,4.085965124130999,-1.6543438171119447,-1.3994871651820482,3.3427097867069513,2.8071969023631103,1
-4.70266855908948,-4.6405221663023415,-0.7306300925684814,1.38737712267862,-2.773351090666787,1.3488478632593544,2.8821603285765995,0.267330655929257,-4.224708264023425,-4.61774093381266,0
2.2232397325334476,-1.0384725124657026,-1.2552060934903813,-0.16241935993093914,1.9972624873708893,2.9596309988138367,-1.4317233176654038,-1.325740444120862,1.7530896577434827,1.8608793158538257,1
-3.6748120704767335,-0.8648016997288595,-1.8634228061857896,0.560825762737251,-3.9217378354902195,0.10294429655224602,0.4392503346610024,0.3009442587956219,-3.4089154383169253,-5.076875214360152,0
-2.398534810885144,-3.4263280502012385,-0.6285192471125893,0.22857660035692873,-2.1464110147710627,1.615865080802755,3.3480375346024758,0.270970650466392,-3.1105403584835343,-2.042391799206134,0
2.427031869927813,-2.946705449396381,-2.790614566966102,5.205295224057645,3.807031079882289,1.200912072827692,-2.340633400148479,-3.450064492476346,2.5460345734449548,2.3193869564315386,1
-1.5777951520942637,-4.428778243495119,-2.7197191890567955,0.6324081656082958,-3.5231782594121897,4.4020257269136565,2.335176055073349,2.2211562011435007,-4.834891445469161,-1.503697360607819,0
1.5266417535876822,-1.6836945494238178,-2.948902145086002,4.076913608941604,1.131014565129698,-1.2841572150675136,0.7024113068352276,-2.3651741599641394,-0.5013725108215596,1.116240418680832,1
-3.1636625735453023,-3.772149083640425,-3.683073467592987,3.3713988442279605,-2.4321634370624254,2.040254947969476,2.261764050632641,3.7492506309653995,-2.753649481105445,-1.3556434177383043,0
-3.621634462160774,-0.12247760961939314,-2.427092662500794,3.7026620172249882,-0.7485687480973879,2.0675913174680804,1.911841902902352,1.2819686116079652,0.8726641700809434,-2.5064883940021225,0
-1.1068188252728284,-1.4810430175782123,-3.3176151994029697,4.711694738646829,-2.997719959054644,4.640864690210922,1.7382601883645823,3.84365835810679,-0.49420614692194453,-3.017519737836289,0
-1.1110687731599513,-6.41678378230931,2.0861883224548174,1.7318661860283733,-0.27280815637321165,2.94200512260283,2.4309612742734537,-3.579034759810531,-4.7418858725496795,-0.7254115387982181,0
3.882460274269601,-0.8606397436044417,-1.500811902327096,-2.87880875159765,-2.8071460108012416,-4.003357409944683,-0.03643419858007091,-1.2021016908549669,-3.7401174101468104,2.8209788327761993,0
-3.3962088063526066,-2.080676733850974,-4.993586156564126,1.5305682041969524,-2.0482237826137304,0.08273408797113557,0.0685816098758234,0.3946774486431859,-3.7856129695325595,-3.132725384646041,0
-1.6904338365968417,-1.489009821709554,-3.3505904209937234,2.6200382445657473,1.3496728951147032,0.3426550817346734,-3.6328461353038444,-1.8832246720228902,0.9836011283076025,1.8219354605497016,1
-0.8210672398005883,-1.6007941184532541,-0.3900359706241703,-1.301680264871477,-3.0165073138623826,-1.5589380293750965,1.3561083466470867,1.2773099534483487,-1.9394515453131678,-2.4528376775870693,0
4.912949907361573,-4.5850577190330135,-4.679417220575008,3.7438493234572814,1.5860911680374454,1.4467332039883543,2.2120673265935533,-3.286655281059237,0.007440466829131243,3.641373527450495,1
-4.213313055692348,-0.9429263913902723,-2.118582426123425,3.5737270579133,-0.605597634399843,0.06243395101227578,1.1784926415705481,1.5431088277406164,-0.09710774814383627,-2.1467002960967028,0
2.015337072056723,-2.2483266277037917,-2.809754231401292,2.0176726707625376,-1.2031880022881674,0.93807047360531,-0.570815582864991,-0.37579598713369267,-0.32959225164018857,1.9089158689061592,1
1.2785848488153055,-1.7639923844684764,-3.251036865241053,1.6502689877079084,1.2653621983283951,1.9381541374611135,-1.2284833379281537,-3.375920479435062,1.2559882761456422,4.0790908732843985,1
3.554909853720642,-3.400905897065447,-2.6618064275582354,1.0466956012996285,1.3702993754660429,1.6729492924538736,-2.3475902680816594,-1.1249807311256337,4.237104143266981,3.6876627462002576,1
-0.3439427220234581,-1.4744583328217433,-1.4907768746666656,1.2507392542467202,-1.419637466531709,1.8356922227593173,1.7064417572680541,0.5279518090046387,-2.05713959857863,-0.6144790130358686,0
1.5254552512999844,-1.5035987002811,-0.09721873812208592,3.923728570641736,2.366300825460274,1.7671367296754135,-2.041897110836843,1.0913396880164448,0.6139860824360037,-3.023553932524125,1
-3.2171798948038113,-1.3621668264838975,-4.45603674332733,1.099425219833437,-2.5729743161593257,2.163130273229739,3.412624001310723,2.8321509260747324,-4.437654446483143,-2.0884939813878063,0
0.19155597288334958,-0.291539993240455,-3.486603484334977,3.964933256237045,1.2565209816530438,1.0964365235314377,0.4431015477332394,2.4020827923511567,0.9685824367419,1.03573154348299,0
-1.5209474764438862,-3.12163649970149,-3.0933906651304786,4.214890939948779,2.738339551085022,-1.0910516528777223,-3.6753125216277436,-2.318982492578416,2.3893122967426543,0.9445362163770061,1
2.8502155116581944,-3.5596427989699864,-2.246512512473728,3.132765207342117,2.332658824066901,0.9206853498431533,-1.4578915110702866,-1.0005419637389985,2.8173356907926133,0.8003542314038128,1
-5.477939625892441,-1.0538830205478997,-0.6144000247035353,0.3052903505658904,-2.995837057001885,1.6274809860454482,3.915015843290222,2.505806998879949,-2.096796956719305,-4.5554592980685396,0
-4.9216097858305154,-4.0888456362032475,-1.3781732069113355,3.854481758220384,-1.0161247106289906,3.7487325742756656,1.4015630626445088,2.2244347069786716,-1.5041662495778036,-3.1226748692963273,0
1.665606035157144,-2.231443598561733,-1.5899699293305198,1.6659446347183924,3.054262835195726,2.4536154958901863,-3.8585940438640907,-2.3660906671365205,4.34704234421484,0.9970034134912344,1
1.858201362902134,-1.820849977901038,-1.9499592703625035,-1.0389692881233348,-3.9545869031528094,0.3533653798420795,2.0241811243464953,0.6196567478866601,-3.4969770491063015,-1.2879790906245707,0
-0.45334984364100217,-0.8121802785034957,-2.4216592943615756,3.825124637481533,1.5306680761248166,-1.1527057992551004,-0.07730732586391609,-3.043278452873645,-1.5420860970554844,3.547768425451108,1
2.3961617997560465,-0.6981574354629225,-3.744682027787489,0.913195037894047,-1.096984953506038,0.8553207918152261,2.662927498041286,4.099544115116535,-2.199824931962248,0.6175499608780299,0
2.5953585600410864,-5.235863115148867,-1.396415329784002,5.214993343707375,4.291811257772572,4.609828881716782,-1.4862397447546947,-1.546618484835696,0.6007907192337607,-0.2234180017859959,1
1.0525411498754553,-2.668499668752346,-0.5963062209491978,2.959639888527346,2.02267861197593,0.16993246869664436,-2.47495147425938,-1.4283062715186112,2.0735749627090923,1.039899480265328,1
3.436385073552276,-1.0393702419086694,2.1701236029142263,-0.09779497649839008,0.9170245948630726,3.353304442401165,-3.8402382261223904,4.56108765920804,2.8092469369357724,-2.470615487104948,1
-2.8709781229523843,-0.8445777328879567,-1.3604797346467428,2.539705528234658,-2.4676320598051755,4.572265847425817,1.641362146636634,3.196504687580515,0.28762304924104676,-1.3178065920034001,0
3.336347508397105,-2.153444953441699,-2.8323258657444867,2.093731087430106,1.4838653486977864,1.2622348319419099,-0.21776473495126858,-1.7017123272368033,0.8956558883477059,3.226323753304719,1
2.1306581280776746,-2.1234518438231658,-1.1990807800601293,2.2570060635272284,2.068340898185797,1.6470176200658395,-2.115894392709881,-0.4305779063510433,1.980503057614301,-0.45608256072089937,1
-6.125517237582373,0.4383118409137259,-5.158770328499456,3.4330114034582495,-0.46932618265231385,2.8720567613896693,-1.0759667328591505,3.073037409663246,1.4571535396255966,-3.184082977879511,0
-1.4341910095774533,-1.8199672243550535,-2.734659069646772,3.6251087160241893,-3.283576046380648,2.5560190408436023,2.9380538954638804,1.7848515252390111,-2.8777250534450247,-3.519172124164435,0
1.3639370802177617,-5.049328336306802,-0.8271757708154568,4.455553669602879,6.407778426496757,8.050543699210596,-2.520200682685883,-4.219557612008684,0.2743940722463758,3.4786575414715006,1
-2.1983395549343863,-3.4140475340738776,1.480085591812633,-0.8272108005450547,-3.951986324955673,1.6567644783104731,4.410263886259279,2.0279689396040737,-4.141741307307066,-4.313958987785847,0
-1.0447111535586044,-3.5241314402810726,-2.9825714420078757,2.306643497590071,-2.6541908723766463,1.959894413741468,2.438934922752464,2.8217472445534506,-3.2652156437166906,-2.978033517464443,0
3.3255259011255203,-2.150369967171407,-4.874727405259485,-0.46820729491900437,1.5072347506154682,3.7987648265889735,-1.4686807681524126,-2.909353421155578,3.7755364840212486,3.575441325666767,1
1.148011377058472,0.9431580790709382,2.0618025364808794,0.7345353367371361,0.42481231005764863,2.5300838017086407,-3.8682588522934522,0.5010044079399543,-0.1542187551638543,0.9814110672683352,1
1.4364954377757497,-1.956068123849177,-0.6365960326458588,3.711357163568983,3.177302685215931,1.7028477758807135,-2.0789112241229604,-2.514559290255207,0.2274970190233665,3.4493964580864835,1
3.3739219123908635,-2.687690098655179,-3.8282466112063025,2.9568085994432747,2.603016237118782,4.499465781356058,0.913031163897291,-2.34822184766498,0.21757551568862699,2.820470411802772,1
-0.40714270840944966,-1.3459002464982461,-0.6422789262091457,4.421038175498104,-0.6680285110862367,1.4653797816469392,2.9048512648120632,5.150316447842921,1.4809553796923427,-3.8208643843887806,0
2.1264724439440195,-1.6161262951955933,-2.5446061951941554,-0.43786998103236385,2.1423124516678294,1.1797881900454685,-2.8773367567596018,-4.077283380617982,4.626826612087567,4.719354527754717,1
2.2010273232227284,0.6458424722688645,-1.6130659518455577,3.3061030679002728,1.3694077311632085,-1.0162203474524185,-0.501853034191577,-3.3389504829884142,-0.9889706660126847,1.4875422351830632,1
0.5412394506273028,-1.2557436855295898,-2.9824668145710858,2.874507333281433,2.4294743981830433,0.30222932522656665,-2.0029174213177883,-3.1281117414246156,2.385728258186458,2.713921729656035,1
1.2388411319182802,0.316993664252355,-6.350398889770527,1.4313024307056876,-4.387459851310222,3.6978433797619448,1.9411406714887258,3.8444219140859897,-3.768802337226531,0.08679409560868745,0
-1.7670723982859482,-0.5750294238451319,-2.80877881325618,2.5301112779117503,-1.2779348794347014,2.5349653258651794,1.9093399189834372,3.0912678408674035,-0.5745773937075651,-0.12301528243631732,0
3.269664894044375,-1.0580848429164158,-0.625773879830299,3.2010211397964596,1.126349159648341,2.1348229386191786,-1.3837048284854538,-0.7668185054316412,-1.1517261676019332,0.4841782171523825,1
1.1996479108117484,-0.33457288627763493,-2.3761050331882623,4.511052149936486,0.032671380827265395,4.973394303573036,2.838636470141526,4.6830049239993885,2.6976982477280975,0.9098566082192323,0
-4.095252085266685,2.8115479977690985,-4.503453182377772,3.8429893613861204,-0.5778852878593679,3.5249508372676264,-0.0073264112361597356,5.639038916559132,3.4274289668386775,-1.413156488709864,0
-7.0155103955426075,-4.730596329981365,-0.6474435328718775,3.2427969912295067,-3.459673910261956,2.6627889633059203,-0.3609084253169508,0.12942010947756577,-3.063126091408093,-6.427053129841062,0
3.211995661845755,-0.9720835552185385,-3.2738881053138797,-0.7164623331267284,0.6757658576794958,3.469078087452362,-1.060436603221873,-1.43314380514544,1.9711086690268305,2.97176677344218,1
2.582436046426436,-1.3885498341854354,-2.4601495715962303,1.0745888209960524,1.0179327172559045,0.752713180725787,-1.2969636156588833,-1.484072572416752,2.9561022078884225,1.6670889979213248,1
5.037922965698694,-2.6009601510846,-2.0147513661486,0.39934939147736004,2.1940177517931008,4.675697721445005,-1.246823966678031,-3.5370328767932895,2.514310696392964,5.4446723154456516,1
-6.580322340489338,-1.297901420189696,-3.106390604470753,2.9007104789881644,-2.428908018206143,3.450016087686243,1.4375471697100046,2.078378066536144,-1.2144163174642681,-2.8561950027331786,0
2.967019023053207,-2.68252984572234,-2.8343506193932226,1.6107612097953912,3.5749507108866387,3.309151647278634,-1.3016836039166377,-4.124951831654796,3.0165928192692713,5.530641950015237,1
-2.808297871776104,0.8279970640604692,-0.8452813011794662,0.2268262153828624,-2.340257596279263,1.6443946733107366,2.889137971064903,1.1802107371382946,-0.8052887487922376,0.42743176350249623,0
-4.197267317570256,-5.505507354757236,-2.9787822058072506,3.8378897136367573,-1.0427148047276706,3.4595386655049087,0.44416278709032553,0.4977266203251498,-3.3215430426680728,-3.6745595765412657,0
-1.5393558769193267,-4.985496145437276,-0.2063766911545477,-1.6846861421486747,-4.87245583055779,0.2885629399678582,1.568258806576012,-1.0122847179212946,-6.0405818651916,-3.4429974765077427,0
-3.5268140366237466,-3.509544712447153,-3.834312697536193,2.6564168234800043,-2.7693504284761,3.3750970705259187,1.6830547054104703,1.837452561402991,-3.8367851866660017,-3.073417875977877,0
2.7631631448019323,-1.7748118149125625,-0.5145630130317753,2.7188014815011243,1.2746727935330333,3.4940693908942473,-0.6099901351603305,1.89065008432015,-0.658982532316037,-1.1328237128623666,1
-0.8249104049386504,-6.084008883364987,-0.9599074735332578,1.4411386571916285,-3.264918215041875,-0.24401946032703536,2.7303208328951714,0.8832991855963224,-5.496737891043038,-4.765489002911732,0
-3.268569098619218,-4.788797369028079,-0.33977494762304117,-1.3007903277768316,-4.417826475626716,-0.5018574090938772,0.296885338676963,-0.07510699564675116,-4.816908784773474,-4.866113162566008,0
-0.5051182585719265,-3.52195937773862,-1.4429991647400904,5.841377330279055,3.396464118373256,-1.2184687754438404,-0.6237941544099197,-1.5441973834954381,-0.517882223184063,0.05564125017024302,1
-2.7207367083294445,-0.8848116916616691,-3.326159876427705,2.4380547593290913,-1.6951794804965323,2.724806763363953,0.24832200383239544,2.2132009970005577,-1.1176182773430785,-1.000990933941051,0
4.172882742588203,-1.8755631562756638,-1.6924871317135484,0.42110499574138904,0.8580233290684414,4.225702219860052,-2.06697532763064,-3.6954609585466067,1.9150544862062169,4.074439023152712,1
-3.358543955096752,-1.703138209085569,-2.843965882306561,2.1773603099063,-2.0291927891881105,1.9551192382226876,1.9198909721901534,3.149290707748873,-1.0485511724076249,-3.8004132031927895,0
0.8915240917868426,-1.8513773797133448,-2.465222939089774,1.100786324522299,-2.1634693724244403,2.1760694213123353,4.054562221997764,0.9706972785777814,-3.58364296746611,-0.1561051268863094,0
3.4993496778072575,-1.933689035503091,-4.060480487912503,0.22114932057786207,0.7386152464197262,4.084618664596695,0.4175467047836774,-2.0135669785117862,0.9249360415321757,2.9435424818368756,1
-0.5827244744385425,-2.2253567016249898,-4.369181516250557,4.710703091748131,-1.2405440732040256,2.9874886037741253,1.6529598911412848,3.3216681869250815,-1.7799449832788248,-1.8453452550446272,0
-0.08916061171222944,-0.026753713513903765,-2.6005147368242794,0.9627799382332116,2.1398342828679824,5.661028127177253,-3.614214459607953,-1.776492318932992,-0.2884410090335763,2.327518273729204,1
0.8663372308958435,0.03818834847882924,-3.8867890641562,-0.4251968450966195,1.1136262277985043,2.4583704447161887,-3.5538211418268935,-3.497974101252224,3.9230504974951153,1.5040287636906615,1
-3.9092280927111345,-0.8122572472457856,-1.0143305619152676,-2.646617980535411,-5.089541417904531,-0.04337493496207134,0.6385608631051292,0.6888736809351905,-3.376979386665175,-4.191247692181514,0
5.001264177525918,-3.9216603203075557,-1.7226445489584163,3.104387166553523,2.3728977384779104,5.006644244241207,0.590818377642004,-0.9288134495897789,0.538158044672415,0.6889783572628634,1
-3.722488759875799,-2.1407483051791645,-0.9646624604102876,-0.20063252418059285,-4.594705600899314,3.244377770785689,4.8298893697608385,-0.5981231024156894,-4.966070629957416,-2.9609534833636655,0
-0.8162893463197614,-2.4021735164297775,-1.743079830164076,1.0094730501862155,-0.560735759324793,0.29700583178203943,1.6056186849429968,-2.1235064402615764,-3.8952061533222775,-0.3781697983744732,0
-2.5722915329876055,-5.541048653126182,0.5656602547458403,1.0096439715578296,-1.6363864519951723,0.8088534838291881,5.418080980005236,1.3937015363226948,-4.685448000528606,-4.786318646753178,0
-2.167745591466206,-0.5606996514704574,-2.2597505958842117,1.621551057667763,0.36152299161908275,-0.2737432829454507,0.4875207621497546,-2.67303393850527,-2.354242355232136,-1.8122185521035736,0
3.3738431623926743,-5.274154880776326,-4.084976388652678,6.961433345617307,3.659745619038808,-2.2634214660413363,1.6741660741826525,-4.18203650397687,0.8411632563477529,1.1393693713892894,1
-0.5875728408207221,-3.3289346659648418,-1.8290757860458944,1.7218736267360888,-1.1985883114082543,1.2411434012313296,3.7767491463805927,1.0769812051195116,-4.151064275218403,-1.297555786195416,0
-2.9939692563619746,-3.5768073918118883,1.5855119987314943,2.7836004082181214,-0.9214607174865304,4.243171758797166,0.8549895951168136,-1.2220828692862105,-0.9639977834723912,-0.9355284290133263,0
-5.0916830974752045,-1.832883656813259,-4.1358056582763965,0.253335834067856,-3.6378120881254983,1.2752876969916462,-1.1722737435320107,1.015460473633405,-2.873522799805646,-1.9692953817711694,0
5.364471484314397,-2.550591975350228,-3.4575770210645596,0.9768792166966451,1.916610328671324,0.4202090589862264,1.3664954114931582,-2.402054861191035,4.489682701707494,1.2450270919884123,1
-2.393349197963519,-1.6016852984912255,-1.24668863165894,2.405362637371934,-1.588983004112088,-2.1740059952850173,-0.29142021091974746,0.04816430411065564,-2.1744417264740266,-4.032303966430127,0
-2.008730586730567,-2.6810262811520933,-1.822779763679872,3.630877590483408,-3.064363600444417,6.568357713992756,5.877342190734481,4.877236922231448,-1.6774420066677247,-2.890260349629779,0
1.933000756306853,-2.8415413158145064,-3.7988264651336783,2.063867326651991,-1.6497247100174888,2.241956921199817,2.8780002082822373,0.7494201282269652,-4.991792518811529,-0.27954337773807225,0
2.196938368429405,-4.416711114151113,-1.9288094707102896,3.5445406101784274,2.9701811424786513,1.5819132233639155,-1.1144378752566575,-3.3492414943212045,1.6087349720555912,3.4557073260536413,1
3.5161793981818636,-0.6440240523292415,-2.994615131812607,-0.1866633628103287,2.3076533909641497,3.861646375124903,-0.9536867830802229,-3.465808491956569,1.6066263282251314,3.057758783693724,1
-2.302267628026139,-4.868506946231943,-1.6880476088844931,5.160335260328518,0.5135277275601151,2.289467954420503,-0.020696460364113545,0.6640066220242717,-1.0431051892007024,-4.667446585453314,0
4.185184231458855,-1.6019999379254768,-3.1168147951435596,2.5364987534952235,1.9291684539736182,2.255667302759213,-0.9010669888326948,-5.0174882784980825,1.8230600180964185,2.833889221768563,1
4.220257756048127,-4.231712129940824,-0.5780364323058844,2.6793866501838473,4.050572289075416,3.5900290898098945,-2.21598610882074,-2.128403127841047,4.422098828317341,1.9534913604106843,1
-0.3728400239342302,0.9169011908600719,-4.510548322891742,1.075219530418037,-1.2749199917387855,1.3322772331961885,1.466189894286511,1.3815071589637442,-1.6436063852702876,2.3230445528410835,0
1.4200092790597227,-2.448593513509175,0.19539774309919578,1.396862198832408,-1.5818022884189906,1.4794309165818589,2.3341294658751717,2.014183038836276,-1.706766802496802,-0.9217045205081698,0
-0.7479679251730809,0.3389112708135098,0.7955349176043938,-0.8274956645980214,1.2400783628828014,1.27424663122425,-5.307134422542854,-0.9545283497614527,4.301206074085162,1.2314352989877453,1
2.4064002349415787,-3.741589548980272,-3.499342085754491,4.862098278594692,2.309244465551573,-2.4695053644542364,0.7042365980154557,-3.632097751954243,0.3895016516563925,2.1623438600231686,1
-1.03768744434065,-5.6501092823086765,-4.098101826703454,3.5328742650167193,-4.128782957678242,6.569269078505934,3.4674931267243827,8.196144989302766,-2.2936453436305553,-2.844261454563724,0
3.2092714305415715,-3.0511250953173796,-2.067347826825786,1.96162782943421,3.183167266429676,4.368113679255838,-2.714563669404548,-1.0218159384154477,3.95983636033825,-0.2810912986987262,1
-1.850979025577253,-2.0832011323052866,-0.6321949353276288,0.24354503726188126,-3.0252884507356788,1.6941161191317904,3.8521355940599635,0.4126012934311345,-3.565625992654568,-3.051619569967838,0
-2.102081949141668,-1.6933585071406774,-3.9072313259147142,1.612205664362035,-2.805306895320369,3.8846284406510136,2.6246792193145843,3.5294334709602126,-2.287525092737855,-1.1622892830617448,0
0.6730072877208881,-1.4553579856577201,-1.3182804191710302,1.9119605514273852,0.08893533760297867,-0.21892192318982318,-0.5464389758150694,-1.3607223999458986,-1.5675667044661228,-0.893265960171421,0
-1.7876956384877525,-0.9514138117440829,-3.027018567303061,-0.029481090229686924,-1.996754673476584,2.8233673644334476,0.6199362524235696,1.2807332808475793,-1.5521523352718738,0.3612252816988608,0
-5.751519304676551,-0.6796000481990532,-3.291561842701171,2.5726093132973245,-2.7092958222707386,2.1119094313982463,0.5999712432339392,3.980903769732765,-1.5818687052534168,-6.132367890426761,0
5.312545285080821,-0.195208893270989,-3.2324364289164276,-1.3930042276258678,1.6182505000931717,3.9570607493007297,-1.3559209337826612,-6.470824038839748,3.2769838076890467,6.049384632853193,1
3.3395571639074446,-2.0381097641014807,0.4374220897702372,-1.006431044776741,2.436614600881224,4.487997017725682,-4.001568852778824,-1.9357427984851543,5.947557894608384,3.092392492802554,1
-1.4172042464279415,-2.6699999929983953,-3.8378545026935833,0.6048246328059521,-3.963814317040492,0.6720881423163856,3.9526653694495564,0.4294147346943944,-6.914937721766098,-2.4006455075403306,0
2.854746883579975,-2.792172104412467,-0.415271699968663,2.351594412795793,2.706022102873213,2.1417441669055153,-2.4677178249838323,-0.6638673259547467,2.273334217243194,1.3120403671056333,1
-2.362007510934838,-0.33951292661651333,-3.471315207552228,-1.020213023992786,0.37143450799558897,-2.530438763784508,-2.7763485814663564,-2.8565059444631418,-2.9109930423037653,1.9666874441515687,0
3.1638043391751793,-0.2896461168083402,-3.54579520431533,3.6185158717482127,0.3938042813438627,3.691792728677849,3.9979375517656415,4.7496056942186495,0.4232752067980732,3.197363951807441,0
-2.8250316317657944,-1.5043067769414533,-2.8705263856888807,2.943497213955045,-1.2669962354775886,1.1392924092569316,0.41000293771956753,3.6023958220395706,0.17867304502174175,-2.231645751085819,0
2.7938742964353898,-3.372643785571648,-5.113118568177338,1.8524984419042483,2.606956070606255,1.7395093384124956,-0.9445923945424235,-2.997171732992727,3.8745728444274716,2.181938126912044,1
2.4213851738167853,-2.4529321800855097,-2.7361635575041983,2.4121291016469932,2.809139001269084,0.29529007665570184,0.6719906411253134,-3.2089026745963936,1.391620450102232,2.2139652179238896,1
-4.539526133030128,0.18502296365512727,-1.769423337427105,1.1665724851278394,-1.8457979217095657,0.9870460237863647,-2.3970458064189275,0.8025300715657173,0.8591756550465934,-1.4527833928583318,0
2.7841439789700804,-1.228587538907377,-1.173590876103805,1.7542668618950013,1.3048127241590963,0.9939120750325907,-1.8531229666539122,-2.029680152297002,1.9694814558127247,1.4507315837826011,1
1.240153919069575,-2.8047178540981346,-4.869323431369445,2.3220060256304405,-2.9579393357593924,2.7929052883401133,2.303567608014664,4.998864122119105,-3.201350087798425,-0.45703115748042955,0
-2.0222894290300606,-0.8200260988130681,-2.583445605125604,-0.38490127994182055,-2.5623496666000483,1.6803376047325953,2.9203039150435544,1.9444012137275068,-2.6631400285113145,-0.6155393735993882,0
-0.8683542446651209,-4.3662448788194,-1.212609732991587,2.6859985239626765,-1.0620212753846299,2.410613906661905,5.687784365267713,4.110352597149239,-3.0156061656513673,-2.4281510295510267,0
-3.481755491136304,-4.722289058798701,0.6384963042561989,4.4374552907578515,-1.07016579903931,2.7095774065727465,1.06956608315093,-0.9046019354210206,-2.0293030017814946,-4.283633450698654,0
-1.7190901619380332,0.48778708978254404,-4.1653376348863365,1.3125819685782663,-1.8114236127607368,0.9804485838626362,2.0069172380777105,-0.4267047197984932,-4.127583440390893,-0.603259956906196,0
1.4510530011317317,-1.6544257918161138,-1.8618142823271688,1.8796852215218338,1.2874885371582452,2.106071729623791,-2.2420753994301976,-0.41805537298757045,0.7008947542689468,0.837997417169206,1
5.204946470753584,-2.605415488738906,-2.4867991978776294,2.5790442488146557,0.08161953223401208,3.6407758298543964,1.7189542328167637,-0.6148139445635992,-0.9410075143294097,0.7083893888094073,1
-0.10328760592151331,-2.5266778219306847,-6.098415106871183,2.6088934042694203,0.8007451132714605,0.32803980675599687,-2.3652173763967,-3.8584299014501475,2.172504296586334,4.105830303839857,1
3.2205106294630044,-0.7392556116415394,-0.27340371046749157,1.0194406676751382,1.8771250067409913,3.531582584752713,-1.5912095273966773,-1.7975746612293122,0.5565813374096318,2.1902517237223953,1
-3.59709559508483,0.7463437674402136,-7.188627115964078,3.4798680567472418,-0.2073545297860726,4.178058236102128,2.081461156896514,5.939853656749564,0.4566655233446215,0.4235623933549708,0
-0.7711900111723904,0.132815078951233,-2.414694200231596,4.886445833825355,0.2485050754749647,1.9224093225726429,0.01936305304173369,2.5452708015238104,1.5202592885405175,-0.8984133169938509,0
-0.4251537173877531,-1.8093942358349129,-4.015173920639043,2.560228812524765,2.884339038322283,3.1593367118996225,-2.9202619410078667,-2.0186989924520953,0.5566800381486523,3.068837308157412,1
0.3766940405241028,0.39553814897306117,-1.8808632611544855,2.2030239089396266,-1.8252130817658871,4.494749071309645,5.05789610426045,4.121348497139127,-0.036446404435674484,1.1764939446670124,0
-3.7898520463776837,-1.489120163216998,-3.4171253529384353,4.467259456132384,-3.9697629046164433,5.6462762761568435,1.2397153416998545,5.8185875036589465,0.6000798918686332,-4.056429942094638,0
-0.42080024078798783,-3.7570549999292036,-1.2577901277414647,3.885180703338818,-1.6872697013285758,2.361578818025796,1.4231387590763038,1.7027503346550836,-2.113787309389689,-1.1539619764494415,0
-3.029737794026388,-2.841198419754112,-0.2577948015760809,3.89406177817774,-1.554465870373832,3.2347990963932407,1.525909697517101,3.393584107825653,-0.5075639928462525,-2.8999855020332257,0
2.724297934481809,-2.8220853902189953,-0.1863688076047949,2.923286858049178,2.2509085376623172,3.728770991941139,-3.949532171075581,-0.07600626162066937,2.4820197009899987,1.0033732636985222,1
0.8798913754815303,0.23738215546333086,0.9893828677301046,0.6317626498148385,2.8771306827426786,1.0971609231715311,-2.5136259270720513,-3.4899071994987736,1.580655318873189,4.507570298628659,1
-0.6735479468091248,-0.8344588222032316,-1.4329314519263292,3.2187410171599735,-0.7640845023126532,1.3867946394658048,4.971126491826352,4.624522426616922,-0.3741194653461355,-1.7384909451970683,0
-4.061446478587474,0.8735411931574077,-3.201299303093962,0.9571307822267519,-5.410790469154362,6.092260844744008,4.618804133514207,6.379314139143941,-1.8096627351752956,-1.5130948122652879,0
-1.65688522428432,0.39571881923184415,-4.049574222900725,1.3456970036978415,1.2892281551999885,0.05259470436504965,2.381737049420332,-0.01843507894127594,-1.7175097679861544,0.5330880786291896,0
0.2439003517541376,-0.6569972572561054,-1.9433978041618687,1.145923787603923,1.4156110641371749,3.7986446513788303,-2.5428389813144223,0.20149991043542803,-0.5598103247540163,0.23873469258071234,1
0.7490401653046113,-4.020795553141242,-1.0710543690079142,4.814881133268742,-0.10918523493618948,4.183200611412753,5.829113311692702,5.422126906499832,0.12229151455232401,-2.335610713655765,0
-3.104651683648778,-2.946835458117241,-1.0870119207205313,3.7744490491332803,-0.947737490250832,3.3549898578837247,0.1095866591372543,1.346934831246867,-0.9380509051637269,-1.7472432117610321,0
-5.923312262405629,-0.9190445580498874,-2.2559770290429926,2.3118984180850317,-3.130924527947835,1.4980189784644853,2.3244773535359298,2.845903598924593,-2.3213211993708804,-5.661917317822134,0
0.9532518943774329,0.1282472013010607,-2.619878585644629,1.7200566032525906,-3.0244241093171684,4.33895167931561,4.587583241722431,4.256608780905919,-1.2472398633134443,1.5196696190443495,0
-1.8944947542290338,-3.1995197284592063,0.6332268771066305,2.5167366752865616,-0.9322618807669529,-0.7202640165637777,2.0345764235936126,0.47991433049783194,-2.0949496933110923,-3.598020124788185,0
-1.0916024015781485,1.3623026882257525,-4.156745655623711,2.2576359950833162,0.764954454173695,2.8736943573641147,2.403656042587661,4.384717004385136,1.44629723713577,2.351178039945112,0
0.5287794305745486,-1.8990487939726768,-1.3303144991927034,1.4054698022160563,-1.187446792822191,1.9391922910253407,3.487338796180648,2.3971874555351524,-1.8553317573412014,-1.327863078779647,0
-0.7496658323090677,-2.9418848148170134,-1.793786642942836,-2.80332079694725,-4.1526248033130315,0.2804712368892155,2.9877085391204385,-0.7010454542416147,-6.308193141805474,-1.0673729296076058,0
-0.18325363754208923,-5.792249921274394,0.6743350512005768,3.2032122736252755,-2.07767004672509,4.722792237637008,5.453908401406366,3.291982389132613,-2.595384115969026,-2.858158232548994,0
1.4461414620637658,-1.1357780295464859,0.4617472554800428,1.6162504941168234,-2.1939176759223553,2.9083857921133687,3.882554797491752,0.22764447045222203,-2.1140403304220805,1.8610107101238467,0
-2.854462590434041,0.4283664131188121,-4.651792253357605,0.4082977365075515,-2.9069351052023507,1.4565943752742025,1.5700223232035722,2.093313782852135,-2.5503952450474547,-0.8094901194887336,0
2.006958023282896,-2.50140962958525,-2.2020846986654137,1.2880873199111085,1.4687198000068271,4.963361240880009,-1.8153875817090865,-0.8537067031245733,1.4249380216002558,1.4159899116862893,1
-4.860453754682807,-2.5531622218158745,-1.5807749843687544,1.5726138626942379,-5.442789946257582,3.788844276990924,3.809570076794852,4.429901502648278,-3.3294072428446437,-4.143838166043672,0
0.8686839383336955,0.8440623663542883,-2.8697979091952153,-3.0162763607440572,-5.8088810001178075,-0.9139948531119217,1.642897372396561,1.6307472207872522,-5.03193952891114,-0.9301636802249293,0
3.6204024986292858,-0.8558731538519568,-3.618856140206758,2.0842727954035225,-0.3494276243740473,1.6592516011984706,2.786413353029712,5.7326118443341425,0.03267899670742391,1.443878335329412,0
3.4877802948466314,-2.800414932266557,-5.677091829734233,-0.37699850254237566,0.7625074446406148,1.567454859133132,0.8293533852835115,-4.61405497946669,2.5988647025658613,6.34184578642255,1
-1.59484302793118,-4.553075484890929,0.11433926086815127,5.025029072305697,-1.3814542664345102,3.933222132092028,4.1673670824405775,3.9652938193262264,-0.7843406955690264,-4.887526840523823,0
-0.21575483512916005,0.07910783592296289,-1.0496097983772992,0.7156477160306378,1.3443795375377006,-1.3167932562814277,-2.180958086654779,0.04905985498349308,2.3818603164714336,-0.9549817107123308,1
3.652222710106889,-2.536734370313966,-3.6419728397942945,1.7594178984029334,1.8955153275167813,2.345188014126974,-0.5614754906831914,-1.9997517852989828,0.6211677058275737,2.0883416550636906,1
1.7457835303163338,0.43302940424176395,-3.3678776465836555,2.228216512451862,0.9655367821933036,0.0042284530069849335,0.9928418028062436,2.052425517690272,0.15669117816553202,1.4694531332833702,0
-4.051764984629772,-2.7223700128682453,-0.09620823537257972,2.0975064167756905,-1.9670707879945453,-0.396020620701925,0.8111181055401571,-0.7826417763001352,-2.9736253981671936,-4.119210060684891,0
2.6397189146649165,0.1784788367845498,-1.9094285163944122,-1.380680772554789,-0.5726294999091803,4.331463344477108,-2.3586195529153913,-0.11829690103968904,2.425268202935627,1.0798537812446298,1
-4.606243157924052,-1.7874376717765623,-3.1063973894681958,5.286234490439422,-0.7147938768499247,5.230863233931601,3.0646934284425997,4.596484880515579,0.49331660060018256,-3.424678021133289,0
-4.945545613452302,-2.055205422207653,-1.6982927306330518,2.0334282722297883,-2.1752715786149013,1.711210380599618,2.004608410518576,3.033401824301481,-0.6062368776539842,-4.905164725912492,0
1.7516491475254319,-0.939340858721764,-2.95083118580214,0.3429340053516028,2.5415096183550023,0.7008131340133763,-1.2884599787912063,-2.3681078366382478,3.514224341655993,2.4588163594710166,1
-2.076124988585502,-0.04389541701379174,-2.175068664146067,1.0575918714221066,-2.7276253669856194,3.622515349119471,4.430774542912085,2.236385629499836,-1.7619889136387605,-2.121272602916364,0
-2.635734187671526,-1.715121640632538,-0.381566094866985,-0.16863813411694428,-4.261761456190946,4.625343725628824,3.448409124141811,4.160357390441444,-1.1318504534345124,-2.079235658610474,0
3.44971580936191,-1.66574108854697,-2.4885583233702944,1.549723109467969,2.7782363082843573,2.165359681681744,-0.2815704913516375,-3.3272800253180645,2.7576399053383973,2.5828659217526075,1
-1.326785994043719,-2.6904548563193686,-3.452536913887565,3.797398094559836,-0.985545497005379,4.5974047553147965,3.582838919934109,5.860620381693112,-0.9645893483928485,-1.8545099887314536,0
2.4907738840483242,-2.6247207894583164,-0.29672660470531187,0.9295125064882792,3.660748920568966,3.9599673914983575,-1.5983172278161473,-1.7037914784511665,3.402925229536371,2.6670452187427554,1
-5.629506010052527,-0.5057667350248427,-3.742739693478684,3.0165439825605587,-3.4497339768643696,4.8990470047276915,1.9773420151605765,4.759306486364103,-1.3161506088541088,-3.773345317162378,0
-0.17205243678342397,-2.4963389823299953,-1.7250989631257512,3.8539034577030784,4.379090556845908,-0.42534452155764724,-2.9858426194370207,-3.3182108556902232,3.8671168011989288,2.1208683574430784,1
3.397232346558682,-3.0004867029604614,-2.173322715026679,1.3391874301766507,2.763680771282344,3.4747332698852675,-1.3060229020074006,-5.228523835584204,2.212917826580766,5.359869025929256,1
0.8082189419944723,-2.4971137732136874,-0.26572178158200677,1.4223247121698959,3.3776870734229405,2.041410316251845,-2.9970136433775005,-3.2519406007613516,2.510058277210261,3.9215371500434215,1
-0.271722564599296,-3.156482865973923,-1.8927235666640099,3.433685794082372,-0.48614672340732246,3.212941938848333,1.635761404611017,2.5786898013379647,-0.5248179375245359,-1.0216211447032306,0
-3.9168968352390596,-3.185805899491462,-2.5813589354884554,2.5309183395151873,-0.22453164963168626,1.8893616186749538,1.3719733496346898,-2.0632486812882656,-3.8476675679613064,-2.7890748435443173,0
1.6470778853726409,-2.2165335800980936,0.5531461507507984,0.6813428608033587,2.0757493527526836,3.2326688217714037,-3.6292649735068734,-1.7605959077020747,2.8975533447084914,3.023040659711238,1
-2.0062593771432606,0.7872304458395707,-4.735013565536201,0.6077950219354344,-3.471144513923503,3.4035894919194796,0.9539793164216068,0.9158542649406685,-3.2795363244361386,0.6186430897162811,0
-2.5569065572514953,-0.8892891001749741,-4.877841941997981,-2.0405398976253597,-6.170782808508363,2.334450497267929,0.3895020645479692,2.303510030432066,-4.91179263527617,-1.1826326474246711,0
1.443247344238106,-2.7668732886354737,-1.2612162295394092,5.341214056092069,2.6834193094439014,0.4971474414827901,-1.4890486228645976,1.4543712103511077,-0.0415389795058041,-2.614674673608773,1
-0.9997200103460795,-2.306477660533038,-1.409857866087827,1.3996491007574212,-1.1244370705187623,0.6593820518730762,0.3996668453437986,1.318634243366315,-1.0391705449347786,0.10561800908051522,0
4.462763793709572,-1.0304613008729275,-3.2211471351221785,-2.1862249544784866,1.6614378365166322,3.219760617505125,-0.8578359308914252,-3.3568503148934825,4.684630441234569,5.53788988006516,1
0.33928051609717436,-4.892849623680318,0.9805148854270285,2.2198745219770943,-1.4389915000713707,1.7837176713292415,2.485598566401816,0.011651439443532974,-2.5933106011182234,-2.1259811562681192,0
-2.8930507772085097,-2.0073776445942353,-1.3745754808018278,1.8328419280152926,-2.210677037400924,2.934705699564079,2.039996965621167,3.5976652475348776,-0.14980012461989478,-1.776245472089177,0
-1.8142803807300898,1.56873773164219,-3.505892104661173,1.6763460107954091,-0.7602458689780407,3.4542149070522985,1.918432052691105,2.123989103497151,-0.9193042185137834,1.3365875817297965,0
2.8117613426912276,-2.493766019757361,-1.7686531371636103,2.7016761900319604,3.167887940804034,2.5587249113432966,-3.3964934557115534,-3.6293136853715797,2.87728198268868,2.8695385812631566,1
-2.031202994610435,0.6685600681783446,-5.363874529651531,6.378205933357683,0.6405279577770444,5.089299940443178,0.8685635368057347,4.644940298981444,2.403663781090386,-0.17500117215478395,0
2.7902315911178373,-2.365526254692009,-3.6053515459068777,2.5096674720083576,2.1640993563694035,2.4192818608624433,-0.9301730412440039,-3.4936929086233137,1.639936788844374,2.8010221210495088,1
1.6981118431973292,-2.619204936782976,-4.855770846684078,0.3516877709210764,2.2747107855357416,2.1913723635183526,-0.8652108864549446,-1.7254553822263843,2.5033064296053773,2.6740535513830666,1
-0.33998049258026497,-0.7299924275135179,-1.6217400138778422,4.092910259485249,-1.3847030889252154,4.360572792065266,5.391525107486983,3.9343146454931164,-0.0932232142563787,-0.8809555423490902,0
-0.976642623683809,-3.8060545255655347,-1.8522643183160032,0.8548719919641694,-3.010232272424749,-0.22206920758948945,3.182951540092315,1.4354846324483006,-5.003475157335076,-2.115104567018307,0
-3.713265416565685,-0.38022551630585766,-4.334827220121612,2.705472373359405,-1.5479654055823093,1.2192222341692263,0.39439533854116404,0.4068618572344789,-2.4838892206845804,-2.500615736154544,0
5.011289598216569,-5.022299218507646,-2.7390562622355854,3.5163709239548373,3.4969258271338264,2.6353100232502764,0.36590763115783753,-3.048542299539964,2.4492535817815733,2.427484971152339,1
0.7843731223070942,-2.969096009175769,-4.4677396858770235,3.401201040511721,3.0349713294752645,0.42388251206792193,-0.949456340977344,-4.352915918529266,2.099111853440995,3.926434251414758,1
2.9136955653692715,-3.0423221677798478,-0.32466089264342335,0.973010588374436,1.268112223252182,0.7722893521563721,-2.398221806352682,-0.8363200256083259,4.6972309494997955,1.9418564311028497,1
0.3987100742688665,-1.101967725005451,-2.335112965138232,2.407162446682812,-0.8526440660410435,3.0212477621919107,2.8203148766817194,-1.3221246641296354,-3.4066521465060293,1.4188099212667344,0
-0.9759053893395229,-1.9692255757546988,-2.985127740493768,-2.240985969767772,-4.057909312575305,-1.6929200300053062,1.9330548746509133,1.156027377863583,-5.591877283518096,-2.3375178882170027,0
-0.44376718881479515,-0.8967465178226919,-1.7221282630390045,1.5725187809818617,2.8808539363170063,3.826517514635168,-5.218838888016699,-3.145090632716505,2.6557746456141538,4.209957637820288,1
1.3136984664967524,-2.99315874882139,-3.6421253221018226,2.7477120186251653,1.993863462082326,0.03717587936853173,-1.059581117378253,-5.050993699598238,0.8900930927065636,6.469051596021055,1
-1.4807456444646396,-1.894407092898957,1.0642782016545835,2.148052472511809,-0.13875195758446246,0.5750372648619788,3.5635422014356406,-0.08746095831723544,-1.8364412114909054,-1.0927046303762653,0
0.8788573825570829,0.7787970726406468,-3.750506056804655,-1.8266397853722185,-0.4464868250687526,0.9456772334720709,-3.3455337947901125,-1.3955935548630962,3.5938919722137936,2.328037967228844,1
2.07287639120956,0.022978802531418374,-0.9780277632161645,-0.753418773825322,3.369811493727851,4.7387352717213975,-4.256019132006857,-4.578312851003856,4.35562688834248,4.5636659397635295,1
0.0169816002493699,-5.309587339522267,-4.965671776426001,4.700452331910345,1.7350969030878927,-0.7089500816455967,-1.0540683830651425,-0.8738148685676688,2.819462825100261,-0.5879133090366659,1
0.45630088787944034,-3.834760663142535,-0.9438670664110789,2.3315244142284675,-3.0887576048213767,3.560628391119619,2.665116696330137,1.4186040272629812,-3.090966096717182,-1.8167827637587772,0
2.0171286505968204,-2.704714213636192,-0.11931782325888696,2.2360132706692504,4.702396280809467,2.011589282653977,-4.642351345502453,-1.9404254804073051,6.738290829375891,-0.05855627181566536,1
3.9497028380724677,-0.6217180708182315,-3.255972046676775,-0.18589764310842405,0.761536795494123,2.6846444249334738,-1.2762307436810618,-2.99163432416005,3.109571063755931,2.43535611456727,1
1.1442807092581604,-1.233206979594681,-1.0448261968979695,-0.0981666983187881,1.9055166317893149,1.0343518778468068,-4.906643108286077,-2.2573554429525218,4.862409211628455,2.0339585889120637,1
-2.2969037921817392,-0.26805454222434766,-3.0917519596091543,1.2026857790553196,-2.6711429247575738,-0.8718080732765512,-1.8440264772106518,-0.780868711527487,-2.292648628466028,-1.7155590828927294,0
1.6006793920837041,-1.3593337676204411,-1.5923008151357458,1.3945684513054162,2.4292437335427195,4.411987387541318,-2.721421203214203,-4.772029769037788,1.6621316156147707,4.8096451043707145,1
-0.43740762318128823,-1.498040154091428,-1.6756892762571958,-0.23908029783716112,1.120230376290051,3.0393111752924975,-3.7147864274829243,-0.9264006997773846,2.603685961307932,1.849863449650653,1
3.7167037448979414,-5.456736562039919,-0.9885302530048716,6.489746160323624,4.234193332256944,4.677626955665236,-0.029794652340426886,-1.7425789960220184,0.10554948785591223,-0.26358923532676304,1
-0.22474894535145018,-5.099328465216603,-1.7083143658426785,-0.09161575803140698,-4.83243164229442,4.044964301422338,4.9648378821535255,2.053607729421864,-6.402051110036241,-1.705343387745307,0
-1.5783055864407678,-2.848032758865237,-0.3416827396202049,6.045755055383943,2.4948296873731217,0.6150475850796016,-2.754058527503574,-0.9713203061119811,-0.9780045610800858,-0.2285227579070157,1
0.9540272455382663,-2.189537283136998,-3.5004433806098167,3.3359442412193934,2.7781539082237297,2.2145082307385615,-2.273183082004466,-2.6246969588714437,1.4737397612292147,1.2211816098342028,1
-2.5914179644387896,-3.2898293337814395,-0.3940851633314606,2.947138793218274,-3.2199625399427187,2.933005647130867,2.2333591985403696,3.8067719191325544,-1.290350899061978,-2.406884705880857,0
2.311214574638372,-2.5938465816702134,-2.182193374075674,2.7514662998070767,2.2451008322874957,0.890996978815678,0.10132697076307151,-1.6859387371030699,-1.080154662246152,3.259188641018408,0
3.398934933816011,-2.7024391789073774,-3.8376926115786607,0.7728248957227641,1.592911764692967,3.2215323992201217,-1.5621539233449955,-5.100025684205123,2.1002037678112186,6.154949872043292,1
-1.8421534068208276,-2.198583139197772,-2.0541492284361897,5.409003473748067,-2.234496176078502,5.719757550194874,4.590942580200957,7.338108141184102,0.9638110490612828,-2.942405836416585,0
0.6554945419141289,-1.0942816487209233,-3.816090602286569,1.074911583460645,3.369482057951345,0.5196511312295058,-2.9119651005853937,-5.912110419277127,3.5886343005875645,5.076941436806166,1
2.4757925586925054,-3.238254789180348,-3.657593050005273,2.1427318875444126,1.3694828685746707,0.8219375110340541,-0.18179014854941422,-1.086531368664375,2.5535032260892283,2.2784250178670633,1
1.4428224339076334,-0.5533141787187132,-0.11006850647628275,2.6276573223184285,-0.6476742598138667,2.3630308441706003,4.852260448600774,1.6580275933030033,-0.4144571924792593,0.2845549820435811,0
3.579563178531454,-4.0962851316501006,-2.856815200081903,2.088800139637276,1.5460832003114025,2.0002553625438546,-2.0017307327992793,-3.0127029816870143,3.758551937042788,3.0594760933139535,1
4.511815962158635,-1.7688330497122218,-2.208098103893913,0.08416143460800107,0.6176752885680883,2.066269933456654,-0.37650078142257515,0.4949717605868029,2.659437515387623,1.1814429746250816,1
-1.8604228960384392,-3.0132826306629528,-3.082413860323229,-0.14836044078695432,-5.081376342156998,2.7936305830595267,3.2506375998690364,5.877843479158617,-4.180183877169623,-2.6194992842238736,0
-1.2801529531413922,-0.20723956482314554,-1.5765297616237242,2.8266399681873615,0.5680073935453334,0.42897414679579504,-2.857160795149921,-1.2980595018236658,0.11913941507918291,2.681950473148547,1
-2.2526214882683626,-2.8127946407591256,-1.441101711641692,3.0202533264697147,-2.926292803012199,0.815013262579142,1.4012978733729198,0.41438096139414426,-4.388596690800055,-5.883483254344137,0
2.3385991470487233,-3.2764333076144414,-1.7639440376679503,5.469757366779165,2.2843709121506217,1.3331037914767472,-0.9825772617927577,-0.8950640567338426,0.6590897559871358,-0.18589148787583776,1
2.707977301464928,-1.6378684673126134,-2.452514028592808,0.2811895508223399,2.6588934094544086,3.2951070291890523,-1.5951769951779198,-2.013101201741199,3.0597584954599477,2.845667073290446,1
-2.3126445471804247,-3.1418786122088798,-2.0371653576658715,-0.22386297134078603,-2.465381180090539,1.670316280036303,3.3115134111134763,3.2520872941687142,-2.929241952025653,-1.0451012223348557,0
5.27430252410905,-3.4701498645236617,-1.9060358633943486,0.6046249910806907,2.8108629213525775,5.460872629162866,-1.7011744146839676,-1.1275576187808478,3.6726907765661614,1.646552101874609,1
0.8832056848511289,-2.6452323775748505,-0.6731085792763052,5.004328322322437,3.692839852332715,-1.5797919418794097,-0.5777252386899301,-2.9476353148797436,0.0769785807522878,0.7750388703436903,1
-2.013716491713973,-1.2213303372727684,-0.9757906934677443,1.53047637911576,-0.6299050934924593,0.35402215173125007,3.27327639551661,-0.35201293102402387,-3.562952879681556,-0.995165683338294,0
-1.9516928380511533,-2.7843223648321422,-4.4583728049302875,0.3842954549408306,-3.4606490123320466,2.542236717507865,4.0545790404620226,0.8072911695188618,-6.3687078310600045,-1.8609542471413696,0
3.5363918126788176,-4.240749624235761,-2.4518082295399983,4.706429792173146,3.920765461978707,2.0716705590921967,0.630351745553996,-2.1949634056071634,0.9732080830102301,1.0307407191264115,1
-0.606157904813281,-0.10119680323760871,-3.531916688826006,3.096382630416797,-0.771835314638877,2.897110664377842,4.807271881830244,3.0758142291519137,-1.7308502631583553,-0.7021250405515382,0
-1.3577975611905568,-2.3358293042206904,1.6277515114653758,-0.3034894593475319,-2.8923913979856146,-2.8247618994401202,0.35931714927351255,-1.1888446820644347,-2.444562348998987,-3.5330700033193576,0
-0.8521918485584228,-2.7227150930947905,-3.015681787955165,0.4162608854820662,-2.8687123294473844,1.3180579606168359,0.8872455374726564,0.7398611669829143,-4.232204696404363,-0.06858564224020847,0
-5.886337331874424,-3.051884565140287,-3.360693818529175,0.6529840373630114,-4.345594668998233,3.108916252618042,0.9921021052394179,2.9048992301947463,-3.39250528181951,-4.949354648466626,0
4.805980799957302,0.6524968827072404,-0.6146132226004739,-1.379189074764339,0.3240932110034622,3.1963856507287693,0.10636794017605089,-0.808796072210171,1.2568465699530549,2.5119986265926206,1
1.2620324118206838,-1.2309258386351534,-1.303840732147758,2.9406376764939237,-2.7422877696918144,4.2728268510411525,5.8966493760199326,5.2614133442872415,-0.9061646403518133,-0.4264095320447068,0
-4.969200362652633,-1.602347466434689,-4.083024921230901,4.785113669748409,-0.5078307961142987,4.856501928473525,4.82510601013095,2.9979148873790926,-2.1938543824242127,-2.47016073212958,0
3.4070100946297277,-2.8466234684357823,-2.804927221503868,0.9226512074207203,1.892698582693927,1.8561721589572553,-1.7815695936365996,-3.3708291570978997,2.8903805991568885,5.023404931670086,1
1.025722051050764,-0.32722880015353195,-1.8995680536528219,2.469031357448378,-2.2952597380046917,5.22585539589492,3.589473251247065,3.253630218060086,0.0734764083130699,-0.04322644986213309,0
-3.0612903066572263,-2.5296272022074238,-2.280587892042876,1.0536022261034481,-2.27504302082874,1.400874478003718,-0.8339946654567223,1.8744504921140261,-1.340242430017074,-2.3054242450508617,0
-2.526441694411102,-2.2772824025832272,-5.211156946195199,4.445426875818427,-1.0385713778020897,2.405875666123749,1.1071662876382495,-0.9678848095664927,-3.915032058759932,-2.8789695599385903,0
-7.368080033923684,-0.4148155962395681,-3.0798075863875924,3.1651999588961015,-2.4795761806543193,3.8254008609307535,-0.9912018105029134,2.2281887894791645,-0.16195203114764545,-3.2247121941203867,0
-2.928063559288116,-0.9974071064674319,-2.3114952871629257,4.269158054189952,-2.5623134958522744,7.6176017706363535,4.7119229173195745,7.129685189494671,1.3583725041238282,-1.0245708386686974,0
-0.8383810774028728,0.8720854389009118,-4.562007179828375,1.0738987694248205,-1.1240333483499474,-2.376720421175226,-0.8468602569101011,0.21833763727240973,-2.0355803863584585,-0.7379154380566406,0
2.34042117568055,-3.6318948917697416,-3.485261651690851,1.4555678485786139,2.7282205061530242,3.152975304526719,-2.3628250422265293,-2.1786455639387468,4.513043112143125,3.117627607508379,1
-2.9780353006885147,-2.6499758132935014,-2.2250561268078695,-2.3835041934259475,-4.509101635567473,-1.7544743215795036,0.30123471862449014,-0.5401030326150997,-4.9127017192182025,-4.470674973880687,0
-4.489817026478201,-3.06604077517728,-2.764559601872275,1.3273204391000826,-1.103045991937651,2.1817290432608543,0.15509406453777452,0.3614041172745728,-2.1412238014584593,-0.291830256314926,0
0.6328705555500789,-4.422458449755731,1.7086207751819509,2.3091504848395146,-2.7439806969617093,0.20268355370766944,2.6558715155330113,0.6813303402337307,-3.34396669595434,-3.2545640388600763,0
-0.5201437113419205,-1.1339395820501172,-2.991853569545842,1.6574444449520525,1.6693483355201655,2.7027362348875634,-2.3544953762220686,-2.2434215771001362,-0.6197505095521008,2.5950967584428577,1
0.5913430962709199,0.43243244319574403,-3.070907959095976,2.3931267905416225,-1.0109735720896005,-2.268604005594125,-1.5448670312359436,3.3487318510716477,1.2118897833121949,-0.8569126179634698,0
3.7162766289201645,-3.367018102983441,-0.059072038428956475,3.2304531860137464,4.508275652835096,3.053461322670649,-1.45881846941342,-4.15070208370981,2.5133065571044844,3.416160379187344,1
0.4958385660120168,-0.6830941446146324,-1.930760654224964,0.4267877859819904,-2.8354108943919663,2.424654895745422,2.520678745937787,1.5928309181125582,-2.9037038741704784,1.1924751012992139,0
1.6431351275843802,-0.7364154827289475,-1.6524165266653705,1.101565441965442,0.7310133358914461,2.473650863346901,-1.867010010608097,2.554959506615048,1.062193417182818,-1.0734550736921085,1
1.599468726600076,-1.8841562549259254,-1.0106757223294804,2.9497795159895945,-0.5521879739367683,3.1818302185999974,2.030704373451056,0.9790562455875964,-0.4975490956391,1.0324852424209885,0
-2.3888654272673215,-1.3786197685583539,-1.8938335955407593,-1.0740847971325005,-5.013504839393623,3.274575828051784,6.177117705878927,4.6032656111500785,-3.6869969564183416,-1.7090868393294842,0
2.983686646080811,-1.4388410675873085,-0.5708188597626631,2.8657533981707273,2.421251944896772,0.9034212493733504,-0.9951764759460955,-3.7682593199321204,1.1178721746622051,2.3408351254364965,1
-1.174835408140721,-1.7409653422302793,-4.249182524553595,3.222733273910637,-1.7151790311600579,4.556782390445853,2.2722614157805197,3.7719365512367977,-1.635579185190065,-1.7479559742126276,0
-4.703189441994441,-6.024479438937142,-0.9707725124278657,3.201903810674507,-3.5546486858443975,0.7509835915898606,-0.43173412674936174,1.7813506233779748,-3.569447119943973,-6.985661608846662,0
-0.6490392268724521,-0.045564999298074005,0.6164224835706396,4.949676271745167,3.1396001148672843,-0.33062812416954657,-4.106335524434057,-0.5420165984188587,0.9708346363160987,-2.802462056485692,1
1.0445943199493781,-2.9038490632094978,-2.1460736725489356,2.108428681433186,-0.42122052529803455,2.760878281289566,1.6512553099180383,1.5043236979208887,-1.3501154507498048,2.339421441877672,0
-4.3546104220615485,-2.4344398154585156,-2.6098854432592864,-0.5845270837920085,-2.634485606504127,2.2699049362982726,2.9765425471660056,0.9072385403482373,-3.835504121004437,-1.6205642914865297,0
0.35832949754248267,0.7151712083267285,-2.427766189134613,0.22508821411192081,-3.2659725709712344,2.4976948475709495,3.8441267307753084,2.975622619653603,-2.050568226703923,0.7886207779174441,0
2.2141636204738493,-3.824384932470152,-2.555154836747889,1.3292278156393391,4.486732175255498,3.4589800870718275,-2.6064313314372285,-5.340147784375585,3.7283483099361616,6.191694922860755,1
0.22130947619630392,-1.3065584070045368,-2.3422776136290966,1.3956173497612774,-2.080116097757247,2.375252806070276,3.6381364734793644,1.808843140557406,-2.7466708063163274,0.05948452197866061,0
2.317669401020704,-0.026221967845076577,-2.2561478868929523,-0.2270783599100561,1.2218822290270421,0.9223425707601618,-2.77903657659866,-2.3550839119509135,2.979441432606225,3.4540687450931133,1
1.619149172804759,-3.394898789584222,0.5838778191367107,3.181598441081092,4.214731449851369,4.267034488584358,-3.934248955561302,-3.066805419962524,1.968028498959846,3.8467496040984868,1
-3.559847190207777,-3.6477261021711103,-1.8656280174627466,0.42464992812710034,-2.1308236515086465,0.26643574121351854,2.508159667418747,-1.2523667354393218,-5.735456910107516,-2.8349179394083173,0
4.383596836201281,-2.9282733209210976,0.8532591619367142,1.7885730948530922,-1.9094997929629907,1.916809710090187,4.107050771925237,2.9087574293329164,-0.9407934589287485,0.7116315197180798,0
3.736183893944907,-3.883716389363223,-0.42075350882717033,-1.7410944948023968,-2.6012903977369186,-1.2060808857293144,4.920099872709493,-2.1377342128860333,-7.619100785902632,1.440935674264578,0
2.392121460977968,0.6392171584871984,-0.28024070653472677,-1.2924656296901262,1.5514768520787512,3.1768295448333976,-2.1772940590835033,-0.6121938763217707,2.667887622422119,2.1667674863610835,1
0.31703422254323543,-0.2458144542039915,0.8882248661890118,-0.10499602246711426,2.748994369970296,2.3961329881384565,-4.47575169066296,-0.3112658878976855,2.5347003923867395,0.6276793877136089,1
-3.0198665812750187,-3.8279966046847873,0.9649182548923516,0.18296684746603353,-2.8137488002101394,-1.166288422386677,-0.010318567158686509,-2.3838771254139823,-3.721772927406983,-3.9223883960625514,0
1.9564527501694482,-1.095270349925265,-3.393532297521764,-0.8387884091608147,1.1266920735331136,2.6063496023905,-1.046274624712579,-4.3460871923960065,2.057163173553449,5.621341755986272,1
1.684139372902969,-2.914300167582888,-1.3709891451587617,5.5189561105300236,4.710451569090063,1.4454889945411837,-1.4508679429158862,-5.17924267036076,0.45169747141000904,2.6002596772488284,1
1.0315591580199852,-2.0382978728387595,0.17414863929295832,2.167537450667091,3.2179330418562304,2.2036999153488424,-3.444372637713295,-0.5661476655863129,2.848755637870342,1.3029650747034554,1
3.5502301371576497,-1.5228961296250194,-1.3158447332125032,0.42837258929529787,0.9475954831439397,2.7979619291151145,-1.6086885486425035,0.6844094646264889,2.8430021680691797,1.5333797526494555,1
-3.1892319941599316,-1.9008780631748925,-3.384442592019484,2.204727003390992,-4.020894622441995,-0.07701784676923618,0.29809710922262367,1.2871263781542015,-4.339780427500997,-3.935464125997983,0
2.457314064133353,-3.3216880204903414,-0.4816163018054953,4.4219343535244064,1.853512843375158,0.1669177808213136,-1.7317009914249373,-2.9316277659926895,1.061194487968288,2.6692159872895735,1
0.9256334813490141,-2.4801413471708664,-2.0075736997505427,3.986701562467345,1.6448004392246733,1.2441445122732935,-1.1703624977702347,0.11155048594676131,0.4185375450759632,0.12944926270355817,1
2.085659807413157,-4.248524356691345,-2.0719340805638677,5.522508893423095,2.9442668904143687,1.1456460617065591,1.8722580491386385,-4.929225713389172,-2.4463345495840825,4.814757998812313,1
1.5355345397522413,-2.18683874637668,0.2279977826452022,0.3224628358586661,-3.189690818256385,1.2499554417326868,3.4849187422163457,2.9473583374291965,-1.395848932452667,-1.129341928549953,0
0.7715402332272021,0.6280874375272254,-1.4008765107258012,-0.6420679532740556,0.023693870340375955,-0.26106080287139033,-4.329554372842988,-1.3465692861334853,3.9469012597768103,0.5097090622361713,1
2.83021152662987,-2.560192444033804,0.12144018146359237,1.889928875767994,2.4562948776316254,4.3971342489897935,-2.850991750630737,-0.7044950761690845,1.346259195634989,1.1971339994528853,1
3.5198457506819834,-4.1424890024464665,-0.31502481865813237,2.3440580245084357,3.849178917043405,3.235742819283897,-1.531847311526674,-3.9007566362680075,2.8222182947989345,5.666634144373572,1
-3.7891864400856035,-2.4186649108608504,-2.6458962520561,2.97007960067966,-0.44116416864111296,3.872975033450907,2.4225877816590327,1.4091800478598882,-1.4317356851531233,-1.5197189134404554,0
-4.814664088513452,-3.053386328206863,-2.9156094369513843,0.6613700253303652,-2.0843904972053773,0.21346078729303097,-1.1538694460226724,-0.5135187331135169,-3.1311494420351798,-2.84059240428972,0
-2.8402665348191003,-2.4131675145611062,-0.8794161388920012,1.280739808342895,-1.7072315705584722,1.3210153964583942,3.473193549621435,3.0415127878342565,-2.0281476371904774,-4.048674743827837,0
-6.120465948377874,-1.641036496847608,-2.280633399632177,3.4405173492871484,-0.6508648368604923,-0.9436750945352554,-2.3988001448268594,0.4726423982571484,0.10331226660416526,-5.814815979236343,0
-3.2683112954013787,4.183378466554195,-4.1515946101093775,1.807707021529997,-1.2475101845637204,3.101280111672675,1.7782354897326973,1.8388525910129776,0.01337845985796271,0.9479496338086468,0
1.693892004232695,-4.725512957141698,1.6671695122154802,-0.29158615892481565,-2.1723836065258126,-0.3563190533873444,1.5079028102717789,-1.2186649833280137,-3.4823564064839196,-1.4308003664597688,0
3.76782750552037,-0.8801112866771523,-4.014343430247276,-3.381201454850265,-0.4740336240398215,6.220921287575231,-2.3648464767085997,1.0765094849338914,3.61426050284949,2.5188529068401113,1
-3.178413476580846,-4.026499038337948,-3.2478372677704006,0.7928471221929179,-2.088424630882442,0.6716825496372267,0.9747538605979025,0.38712865949323705,-5.151097820379137,-2.373135203218604,0
-2.8955405129463068,0.10713113711790268,-2.576553904774206,0.17821120866810802,-1.7291902702214583,1.2682622292574517,0.2377843582289243,2.167266019162501,-0.768330492489302,-1.7422460298589806,0
0.44234084499311077,-3.258624001726184,-3.350627833263858,5.837786535515132,0.4536922894921793,4.9974585274043495,2.956770743823486,3.255542694069537,-0.6694825378457474,0.20027773664386928,0
5.2048364632759565,-3.7579486247819487,-3.2504359276292814,4.935792141525613,2.8939847821669265,1.400041597548515,-0.13736965051032746,-4.535737230250724,1.6838323693310295,3.336070883471593,1
0.3995975425392051,-2.8434951288243795,-1.150596103379005,6.276102552295581,2.1247430968280616,-0.3229553461424093,-1.745213488943457,0.8218818591189687,-1.9755176810722137,-3.1826364395534794,1
-3.717525551592685,-2.8667878645207976,1.1746314882530675,-0.9899157980423454,-5.32982355599702,1.1461044591891612,1.9561900068594722,4.528628492890883,-1.721926987369592,-4.760251028568886,0
2.7679372727521745,-5.0578147643485485,-4.698022082574657,4.169234698330623,2.157013719683593,0.4994813441402881,-0.2174953567553315,-3.564622592477752,2.5108372170385884,2.0439347420397422,1
-3.238882914912815,-1.8004304743558313,-1.199402631081326,3.521038421097585,-2.468522506422062,2.6170564155979847,3.55826135999585,-0.15684673129233762,-2.648093724004643,-3.7408142005871117,0
1.281042176214201,-1.7206475833011536,-3.1776189627216063,1.5360521031272358,1.895412522042359,-0.3226597537078528,-1.076999436262412,-2.436579770329768,2.427445185447159,1.9892418482646088,1
-0.28598512225620265,-3.103908000628578,-2.412263280092239,2.0550348845837374,3.38121188031357,0.21197264132323124,-3.7968563713173635,-2.6003136760936165,4.317903464688948,2.047588330281865,1
2.8725779669001343,-3.194926866924058,-3.3986736986989325,1.717571859114419,0.9124051359441885,0.40353608752437875,-0.5242085285535356,-3.6370224892046474,2.905715510303448,5.520770243304909,1
-2.5621724704483047,0.7099291127120284,-2.3392031860196143,0.5131894216328259,-3.782832427244526,2.3010368469188998,2.8614901099287597,1.5033607603326866,-3.2497474611194446,-0.5339079028033313,0
-1.6451229017939417,-0.14145523829615092,-2.2291988911496152,-2.3102124540107294,-5.289176077288815,-0.03517915797041127,2.2262687387003064,0.944489314460047,-5.274753152842747,-2.5481689581143905,0
1.4500326397114958,1.2101462743013287,-0.4974122912553427,1.0721751860686008,1.4199125806172028,5.5288129943768825,-5.870947685124031,2.563804221445066,1.1567212453564626,-4.306659825443261,1
-1.6403802352180517,-1.5412481518171672,0.33992524751964526,1.7542879581111024,-0.8179557025592152,1.914608270943355,4.557956603941815,1.9977575300883785,-0.8990106418193016,-2.3091353995272623,0
-0.17073670278510455,-3.0585860157252984,-3.930671735435491,1.836384103653057,3.3886815696348807,3.96725128721153,-2.1395337206448395,-1.5043644118427615,1.9474887022959748,1.1724843770239002,1
2.0874870754258366,-2.190507801728309,-2.7193038544023738,4.342929217461496,2.325382439945479,0.8441595887718327,0.18779500850346542,-4.08063588419925,-0.48459783510991494,2.291567982741676,1
-3.0935580636930835,-1.1719789235153761,-2.9222152833734016,3.7975266257344664,-1.940158163614764,3.552152562746686,1.8828488845446378,5.767361858541337,0.2042090855303651,-1.631694748698521,0
-3.6568285419324216,0.7688579982628334,-2.7713566905078517,-0.2369593591010557,-2.6921335304455143,-1.9512662527164686,0.6981496613359488,-0.6228333407268729,-3.1376554908223335,-3.136271530649358,0
2.89185886531531,-2.6562151537197556,-0.6897444917657902,2.5757978178291094,0.9774840189759213,1.344795801076785,3.7567169209954185,1.4451354837855943,-1.3806048216749496,1.236184497772645,0
0.7426527888942089,-0.7243863730894775,-0.5981766181450643,1.276300800706856,3.410892922332615,3.2547162414944295,-3.0819359108301727,-2.1461873439058508,1.654693949984668,2.049288502967708,1
-1.5219461208209846,1.5834635470842473,-4.018853145393441,-1.9084375204385409,-4.584903095389957,-0.302149246686239,0.90991459614764,1.2709500527975972,-3.6688932002353636,-1.3182871050677227,0
-0.06261629838599925,0.11182611882004956,-0.33050211979601807,-2.819861197755146,-2.941224139913959,-0.295825730278362,2.3557977313942806,0.8852237689881963,-1.1323542957896409,-0.4130121340247903,0
1.0728383939909873,-1.258816345198786,-0.7096511153403302,3.2352364547190264,2.233115555663497,1.65747636740318,-0.46146860804395695,-1.2224082690273055,-1.8034495645490227,1.1693581446787604,1
3.326906611828588,-1.7401781633008897,-3.0792893531186776,-0.08295758395615538,-1.5197420370640577,1.1853240865064771,2.2091690587195547,0.5287044233631637,-2.9787793786958647,1.756784804366693,0
-2.460426030361921,-2.722777310866345,-2.485586393684482,1.378676307166224,-2.073473199101548,1.4173833126306086,2.4450550076844317,2.2246914280049324,-2.7431434782880926,-1.9414862437010079,0
1.631275356642964,-2.8716270258184267,-1.4949749788829803,3.7071525181151563,1.628820232078497,0.6422613926649323,-1.9920436840840248,0.5247457524240997,1.3917531178187947,0.8912892960104704,1
-3.4336635936869273,0.43451621648364913,-2.0319696416948982,1.6440344306906463,-2.0346535037809024,1.8971837138019352,1.5030476924905527,0.9575554890528459,-0.7339982196760217,-0.5688831847358067,0
-5.280207246168672,-1.9728909406405073,-2.8526701203260214,5.554221190929704,0.9189561281041398,2.9401032185388347,1.7137178727227493,0.15728410418990757,-1.3031115595047282,-2.1371411455931257,0
3.787136704077718,-0.9938550047798509,-2.1655259940751725,1.919182425789783,2.6183941301153406,2.9152076364796518,-1.8535573982029052,-3.336510090861922,2.333234707526578,2.6991606187557813,1
1.4747144930033824,-4.164405795178398,-3.2512040146804013,7.049367914861846,2.384125666907992,0.7769126435838982,0.8782097566331761,0.22279002623015742,-1.8713631275781504,-2.0556724198134884,1
-1.2155296402081475,-5.0059403005540855,-0.6927898821086524,0.21595254976776568,-2.7100518886810865,0.34620014586050973,3.223384406030612,0.921324814815113,-4.631393111022185,-3.5262910038904804,0
-1.0061371460265849,-4.195377959926513,-4.411830649000104,2.8537035866745772,3.1543278005282938,1.652802929023185,-3.0376040004846487,-1.6747524564619434,4.010782341465601,0.5464605309832242,1
-3.8078797023772113,-2.46280280402499,-0.1473672127777379,-0.13838577641869865,-2.498181609002429,0.9181035960131394,-0.1858688372288606,-1.0358131312430365,-2.5034581744179727,-1.2635456621445558,0
3.013638932764464,-3.2057420751783865,-3.6990492791150995,4.832749981386368,-0.2937817434719343,-2.358952274224256,0.5685712952561048,1.9753555826557005,0.40397277851961944,-1.7386240832822808,1
-2.1756838508962812,-1.2546331398452824,-1.4805239229132507,2.066395085395742,-1.6384490615724996,2.9162876153313073,1.9460642004885687,1.097635239030049,-1.5387250871798794,-0.8225221702444399,0
-3.1900786433422113,-0.5601486457957632,-3.918131205963914,2.849971469041517,-1.1231613391410162,1.5315785747384476,3.371037678102066,2.425783970828997,-2.17201410713491,-1.9094906054383805,0
3.704259153284034,-2.6400484994540907,0.5243334962715083,0.9974946177319315,3.1711453574214676,5.083349020917161,-3.2008157582258665,-1.8979946840887303,3.2172944600862436,4.114828065274793,1
-2.4901164422668765,-0.3992866961913035,0.05277788322822019,1.6383534217556168,-3.9204726287109413,3.975210987952045,4.020164962766085,1.792015471858437,-1.548742476084898,-2.722442697541591,0
1.0517467591152756,-3.309515535187783,-1.706615640796219,5.3813536931766865,2.53158421492741,1.9502640694285878,-0.3940049777575476,0.9467103491253468,-1.3284414513680352,-2.7236239008346015,1
-0.9948861989490332,0.5671077657202184,-5.541241865834885,4.083806241024869,-2.6991634910022926,5.177163573224471,2.5948912272336395,4.207994353218395,-0.9134953155485683,0.1906920403532495,0
1.6463577890986012,0.02250382151505992,-3.125282978986382,0.9383518416736902,-2.6528248764989573,0.6793560728780119,0.8984557780776312,3.0201707254263055,-1.4943719914903393,0.18186794717646526,0
2.652536143225439,-3.0413810250390716,-4.717791953764573,3.597205075771269,1.0053414790244197,-0.19500576909598433,0.08591281993532007,-1.7919756561094677,0.6459312287727139,1.8725509739732957,1
2.731111430416587,-3.4356459795274557,-0.6303266827961396,1.7970842108979472,-0.4453602187902588,2.539448863241082,4.35930104349719,4.080293550549374,-1.8741042294378896,0.717343259252802,0
0.21213563948244962,-1.9091903605094225,2.4509464710354276,3.36222755459096,2.431384747711848,-1.3268605317695874,-4.143754588219172,-2.03696126626881,1.8037104122508407,2.535414360848825,1
0.9022537658655101,-0.33634152734694656,-3.071744746641189,1.8179618955654926,0.43577330948228443,1.0570776519992036,2.0398478319489945,0.35598429488133854,-0.7303959863298906,-0.049084867570357016,0
4.481018489802503,-3.6159841607162377,-2.4877173302847284,4.061931145914273,1.8549547706497893,1.1837343707712753,1.0026188034052397,-0.5708248234280919,1.4896075041133041,-0.5724616574685921,1
0.39624430449372117,-3.917862460736222,-4.785340574276781,2.488218698132449,1.336997743999638,1.2188738580443654,-0.26163039815553524,-2.5091339704190068,0.8799943660939185,3.157377155068529,1
-2.287866785294339,-1.6577906217693115,-1.7536452643421567,2.3648580298033743,-3.484414179685959,4.653219356684,3.8572454788890096,1.4315464097424826,-3.5757976303462797,-0.6220864697438748,0
3.777363456174041,-3.7057068663436095,-4.175828716729446,3.8205751563570063,1.1833686168201694,-1.00102796906953,-2.022156242174145,-3.230559983423187,3.194259698259284,1.9545007059482757,1
2.2340561026891383,-1.1046410005191682,-1.661615214647863,1.5962549728254594,0.147421819932827,0.7807296566399007,-1.3474360739754285,-1.1755932778711067,0.48537569254230206,2.2425191183839304,1
-0.09701241738827227,-2.6889761070163503,-2.201715204568812,1.9955900021671433,3.6472651730283667,2.2111820742738777,-3.4408862404208556,-2.5069500939994427,3.1495476688516746,1.4316115408394352,1
-0.09549282002054027,-3.624932902687921,-2.306116710866507,-0.09245947476813798,-1.4195542885913501,2.9621757203473766,4.394931189615676,0.2925961400302066,-5.25735990240787,2.9703669544402516,0
-0.5900759660944832,-1.2858039214568264,0.9579990384151236,4.919439691437867,0.6321171166230886,-1.0418608286513225,1.7686174821191047,1.0497092779597605,1.1142730166051917,-4.299362490555788,0
-3.4663236903952033,-3.1219693898930565,0.3079408790317979,2.400307485974701,-1.2056484314327505,0.6393568532662695,1.5035719205270712,-1.1236091868114144,-2.3851169232882734,-1.8467041090821272,0
-1.2099359479735101,-0.3086557742069622,-4.080869567074352,0.29923977869567686,-2.413221909011454,-1.2116864308787632,-0.9424696597918887,-0.8195619901299329,-2.849722819081134,-1.1045471528461337,0
3.493617251397721,-4.248180974264809,-3.491594896770138,5.221266497733534,3.4314260657458027,3.7040313276933117,-0.8093745939077115,-2.8620012102004426,0.7256935890708553,-0.4520204163702637,1
1.095779420859566,-2.33863231693297,-3.1047032381819584,2.2137895403546852,2.819967365752789,0.2766838411484043,-3.111586651145627,-2.7582852046299378,3.705232751329906,3.3461189062648122,1
4.140952945588721,1.209096451938203,-1.040108761770497,-2.8301488333076117,0.9167769084991784,5.40200491384906,-3.051508962962474,-3.5542684765329957,4.659118053501171,4.261744640062082,1
2.77106526157334,-2.3424024179759186,-1.6778106568733928,3.1144093299735456,2.3791293649770124,0.25802302586076586,-1.4785700221699443,-3.152487284113897,1.868155258395981,2.797121753888861,1
-1.8168962769635502,-1.0495823030786493,-1.9503163167612634,4.035409979067321,-0.5886360055250539,4.196616269540493,4.850435364251775,4.0554802512926855,-0.02182544354493654,-0.4888276573093062,0
-4.752724869329398,-5.813788545965697,-1.1747927879047935,3.736242808947507,-1.5552733654889586,3.356963779082939,5.550852577144522,2.407676475146439,-3.878764290861872,-6.395188575604699,0
1.0954716606610213,-5.1733921568610794,1.0597850952439551,2.4181627614479924,-2.331314225818132,0.27158275712930346,4.576740915461897,2.6960069966730495,-3.7285571723622626,-2.868997983233662,0
0.051944336178220585,-3.062120013202234,1.3060115414722282,1.099698065354397,-1.1820415602145524,0.6935589804448772,2.9321243655498184,1.5192712891306819,-0.7215630354680784,-1.1951081132129837,0
3.389423885245998,-2.547728332810941,-3.4450270414431916,5.8621449931867105,0.47679173407974984,3.2846955756414022,1.4339181543751591,2.5145097235403435,-0.44387559723375936,0.04255857131079921,0
2.237944365888546,-1.4852282493880848,-0.5468154598708683,1.030753522370159,2.446671321106791,3.1961578645019264,-2.17590513012789,-1.6075517619439421,1.307548578035683,1.4185395004596453,1
-1.1766412874126417,-2.2169230151701433,-0.7547702305353492,1.722898753584805,-0.5749805381525135,0.7602455160830746,1.8382469093521348,1.0890473887607102,-0.20472690053145093,-0.8263558960693671,0
2.404958711179566,-2.2222863909754333,-3.4122742661123104,2.1162111623467377,1.914992727791828,1.9064818469270348,-1.4145642550114141,-2.0488556550271237,3.71465386708733,1.704428762174287,1
-8.090162228210485,-2.628987179185092,-2.364776490833206,4.56594676330092,-0.026593513288804882,3.462136912033685,-2.456782454173502,1.4458209073096349,1.129677414696392,-5.161787394140458,0
-3.7532898578603877,-0.9477901169845369,-2.699996796948535,1.4699923928932241,-3.328625407070333,0.6807733212682319,-0.1199938560610212,2.248229331974459,-0.9986366803192119,-3.489150321257345,0
-7.627748170424549,-6.320336355375652,-0.4149420523157794,6.9549543090863954,-1.6534019847822732,2.939412594090444,4.776187127863015,2.8777422698407316,-3.4482820516584622,-8.855591528360502,0
0.7864636116808343,-2.41815078422644,-1.2014218176655276,0.56775216023688,2.1058797136913303,1.7447676971505408,-3.311987064918582,-1.776741589576987,3.3704796819175287,3.508047668489583,1
-8.231828051958441,-1.234302845080757,-3.8856110387760503,2.0835911546429062,-4.267428806181416,3.627582667228017,1.0993394995808718,5.811080604204497,-0.6270605607063096,-6.428279918783241,0
-0.4950766990433717,-2.260288719509888,-3.9538271493887915,2.4778596929466965,3.761173486553482,0.5360636594259729,-2.2224328379632246,-2.7609527243598944,3.119361990832868,2.357097941389067,1
0.37694011546686124,-1.280918908101024,0.8124292353963334,-0.07348763185124074,2.4303165817018124,4.99355726512565,-4.661874239074998,-0.19037188008466854,3.1983122858162796,1.2930113026953993,1
0.501389574584461,-2.5031031278077274,-2.3303874512668115,5.41237236607901,1.451182249899117,0.01333491185852198,0.04376264764924409,-0.3998328696591975,-1.6696026726585496,-0.6440055389347874,1
-0.9702972136528989,0.40344083709798273,-4.207281087471825,2.0907775600884793,-0.6331348751581278,-0.6919826542025578,-0.018092651399843618,0.915637001484936,-1.377976688675373,-0.3065607364624834,0
2.096855411254613,-0.06427147510428743,2.6349950875765664,-0.6206371435591023,2.5683103063526667,4.047093688917422,-3.8927159197008123,-1.867338881974135,2.2688455035020554,3.652041322599066,1
-2.1103115612995436,-1.7876253195895968,-1.898399390736536,0.38918693985531316,-4.3831358960112325,0.039506884068029935,1.635453580272276,2.1514232608738393,-3.2255795469220954,-3.2054217709388038,0
-3.6069988785848426,0.35095815887334014,-4.254735960998376,5.483078349933689,0.09542714068781688,1.5221250939383615,-1.6044464563061167,2.781933931649475,1.571408806340672,-3.8957509334575384,0
1.3108180349567617,-1.0313442532991886,0.5228149832786202,1.8902761341326717,0.6979523366323337,1.9495712097523903,-3.687094187335265,0.8492795786690559,1.3045789013743425,-0.6047463775160562,1
-0.6579380488462274,-0.530837929457104,-2.4439458081833427,5.376821822038579,0.021164581129452298,5.021886359812417,3.3422912340797293,6.697541322720908,2.7096794284542636,0.629664866343647,0
0.1933568141506452,-4.008181608560803,-0.04240039761431458,5.738216199608768,4.474536603191661,0.5759975724311786,-5.112783428419348,-4.733219694210419,3.006053256134811,2.93395178944281,1
3.2046820569620076,-3.675236480139496,-3.461692407469977,-0.3000820500199026,4.106491168412941,2.540803572519171,-2.3915245852775753,-3.8258107898603892,7.755949084625525,3.7806556479718907,1
2.6568323009153225,-4.725389951973055,-4.345915944584243,3.6206601178103197,3.0966808572917177,0.4606432690217306,-1.8924587689105268,-4.782098686609781,5.092974537311058,3.647013446247043,1
-2.9628903665326503,0.9015949835197343,0.5367637574377402,3.0830673195253873,1.8189740244884554,-0.3802926481279343,-4.799099174715192,-1.21001007299208,-0.4578735334920436,-0.584102016388762,1
1.0134407558918461,-3.5376973135214547,-2.3440628553009724,4.672607352397073,3.6531104937704963,1.6863258741170852,-1.348240948766486,0.24779043447474747,0.9542113228328166,-2.080426796034507,1
2.1048460901270625,-2.1515929519342603,-3.7217452828590574,-1.4399028167578551,0.6116650258726959,1.3475526549559764,-1.128464003090571,-1.8462623212003344,4.358179978236873,4.727932812393078,1
-3.623126788770163,-1.662878829323672,-3.4177367580134526,1.7032310354356333,-2.526341004704131,1.8298452183130114,2.211336512347666,4.335125756477636,-1.9177853332726071,-2.8644285732260237,0
0.7733469865554414,-2.6988668480811353,-0.6935816151780005,3.771823536801371,-0.024592977040017727,3.1113098227729235,1.220133791630535,-1.3105801355069042,-1.5763867733786716,0.7687206928256773,0
2.15439796442545,-2.641276498178532,-1.7684286830824116,3.0308804636989786,3.9874983320239448,3.258062041785686,-0.6656848939877056,-3.3435602404213034,1.2579261952404144,2.1165014083666795,1
2.7558612521765458,-3.3468627046756945,-1.5053507473336032,2.2605188071158513,3.8746447515478053,5.239110499058761,-2.924674665850919,-2.3719631794055798,3.753756470060715,3.43184292283787,1
-2.862190976513781,2.5896376477078267,-1.7693955047962813,0.7894185576539141,-0.9022929965558386,0.3704643776221599,0.25612383730297905,-0.21608891979499534,0.4226886508661267,-1.890249794078113,0
-0.7886726945072715,-2.9914573619346574,-1.8776875702416305,-0.40315640884248705,-4.44771509775347,0.5362581903182346,0.642688447213217,0.5704692448995277,-4.08203855263042,-2.6469657434482263,0
3.987063675262747,-2.8079518404041615,-3.310524146633713,-0.6517941304604151,1.8950161296717976,4.533146579901242,-1.5963722321057063,-2.411989442799477,3.507505857656075,5.81446200531661,1
0.32122628770475536,-4.767352394072055,-5.370022162702657,4.696583174492275,3.2603886651158884,0.5699112168504816,-1.4818508637020533,-4.233349746356753,2.8585505521061423,2.967081624627939,1
-3.3090523115614046,-2.3357451051260414,-0.7499819254117348,4.67700761525966,-0.49718964327429105,3.449852674158846,2.6679209827066988,2.3030686597841927,0.4090964871557259,-2.6253908704409064,0
-3.460327993645818,-2.9029363441884852,-2.8242627359104793,1.6536557308035904,-3.718825941328812,3.221641316182901,2.8875712665816446,4.338785403346176,-2.6872805664643273,-2.030770792025799,0
3.1580720753983584,-5.7114006603094305,-3.7739297256374105,6.220181462930822,2.9154566196005223,-3.518398072746769,1.7951013272549434,-3.3555096480410476,1.8360259110990698,2.1339774227213546,1
2.4648286369205192,-2.584591593788682,0.6599877860889651,3.2610932045830907,3.543539152579169,3.907839451363718,-2.185648531765534,-2.3218991418338075,0.5497811611363421,2.6038699273284,1
-1.287631134965757,-6.047155672151341,0.19942083414938905,4.404573329167391,1.3623621081713577,2.1987405459589295,2.021392878095363,-0.07344534020050952,-1.3834424584368712,-2.7746727069263253,0
0.12377716801965222,-3.4598822406018974,-4.804832055889639,3.4119794106809938,1.59136398015545,0.19592279220534992,-1.7393269168988952,-2.5086777678669243,2.2636219435173746,2.340045155645882,1
-0.5643279746360474,-0.8517668153763802,0.16615148714973493,2.8485926915804347,-0.1605944321123487,3.22371228934769,2.8775538267668854,-0.7814744530470126,-0.816569513396604,-2.191797354124496,0
2.796022527358677,0.4000732703639702,-2.2222508761071924,-2.3257900992192404,1.1644508317752185,2.4198528552578438,-3.468056259633289,-1.0790637572734714,4.809833329952502,2.3835409348703798,1
-3.166505554066991,-4.1694150011876925,0.40308972346167726,0.3041244442482267,-2.228548653678896,0.9002027811432736,2.9733902534251815,2.5042604337965577,-2.3476264360971215,-3.598379218831626,0
-0.7881136142918832,-2.3277850954794816,-1.7533790173611346,3.918224940707751,3.5917905916922583,0.98617413266888,-2.061081012293565,-2.3538007448147615,0.3323792355724444,1.255174818601183,1
5.339900824674508,-0.590119608834476,2.4618369182910342,0.8258607585334079,2.167462011942132,5.0402277436566285,-1.4060929145662953,-0.3499523581918824,1.1475236536510682,0.7952505018863001,1
2.423802029362487,-2.5511722194393727,1.3247267162544998,3.0677722867537964,4.18360025864871,1.313271104911141,-3.149133999977526,-3.0991678741725015,3.3313520607974727,1.5285224766509597,1
3.099042359607875,-3.137410896326319,-3.8058483400370586,0.8382864889334669,1.755982222747871,5.301102447953525,-0.5610539724445089,-2.7448262019247145,0.14866939215506036,5.239272795968669,1
-0.5615812248601064,-1.2961988844466554,-2.4829261721680727,3.0708080211724087,2.696541107123926,2.807769895261244,-1.252174026911665,-0.7034211995322763,-0.49934484694510495,-0.9353933002017816,1
3.0528785482021727,-2.0636020949478056,-0.9244115705472362,2.339848944328701,3.388719684948324,2.1649993709810453,-2.8009796269802454,-1.6207049004799476,3.8807714906302873,0.4895970013186841,1
-1.6897585736369929,-2.8628512323542434,-6.539947797144311,5.373289923915628,-1.1133929666833335,4.7076101527391465,1.6446501211496127,6.66845975912997,-0.9271480641897367,-1.0162537294779783,0
-0.9570474720841267,0.09426822604155305,-2.080843292736621,-0.2866451160829038,-3.8995868371024223,1.856548071251996,2.1861450533685227,0.36663145177543277,-3.979432277642362,-0.700641215615843,0
-2.0787494802570783,-0.4208594323939947,-1.1476755016928417,0.581209876830679,-1.3950232137049494,2.073358301233044,3.8360032833801725,1.6647926626721874,-1.5899967967861142,0.8354220052490797,0
0.1779403841587457,-2.2545372893719517,-3.1335452968467363,7.155631119641926,1.3733035124281714,-2.408900260501431,-0.4105296767277047,-1.025812396632118,-1.3228435147840196,-1.5746560936791787,1
0.6802137221194753,-1.289088630758403,-2.995388387734536,2.9688311634822315,1.6170516700630648,0.13755343504632522,-2.161557929865078,-1.6115692147320964,1.7707674237856719,0.8490375277080957,1
0.03971425623792668,-0.12968551238066217,0.27918766225052183,2.99414712246317,1.5162665383388902,-2.388138023715112,-5.043127189317744,-1.1791734686702655,3.851211254284937,-1.2170908923363486,1
-4.914394487230974,-3.3792062522755453,-1.710450992474564,0.6386684614388325,-4.145377279127386,2.48267900474633,3.6198233568856533,2.941249867877996,-4.66725505735525,-3.9156807273090193,0
3.2158590595599406,-0.6442419792744405,-1.956604962963423,2.9239147235653684,2.556524834247753,1.9724548545119729,-1.9067206360874462,-2.358287978098003,1.744277061468739,0.11016505263459875,1
-0.8632455739347655,-1.9703453967416307,0.14378507829088027,-0.09799989434631451,-2.8658698554361965,1.5369198465097091,4.074841633410826,0.6421654137235908,-3.7069673460835464,-1.494794381414593,0
0.5411209181745276,-0.3995503060935146,-3.4360480012760704,-0.5559536751062035,1.259879914414979,3.9166177765392103,-4.243424676035916,-1.5007775998483672,2.382599497713121,3.384059867589853,1
0.599926503891717,-0.6745346261608736,-0.02500087601918488,0.6062222152118384,1.0144887143277332,2.135963718080873,-5.69448839762199,0.21167243507487177,3.1700758343881885,1.3816330825888081,1
3.1930000868766912,-3.6133477790589774,0.018254882124391525,1.0717918242443598,-2.432055499476872,1.7090966033790385,4.412544493859779,2.114283288463045,-2.9347120442482235,-0.24345638840303852,0
3.0748614684173656,-4.008084133212767,-3.3368138655275787,2.5071784389430003,0.8049786297988353,4.792986028889073,0.01044362132732779,-0.6409065913072958,0.018909031263240728,2.276647712283976,1
-5.929250365085344,-2.7559738120628587,-0.5567982636985891,1.7209688421463598,-3.348786694072743,4.812014953061262,2.701782849602776,3.7364460132185853,-1.561687725094592,-4.591176059539123,0
-3.924023350116837,-0.026185613336326963,-0.9896450104607268,1.3281586042189415,-2.6357413395076694,2.145083181328906,0.9258352311355049,2.5979481990104816,0.8617936472447534,-1.966077864535119,0
3.029924636600974,-3.1366511976951585,-3.283472845125644,-0.9557765795488975,2.061534986587476,3.1942240156197155,-2.5899695888995646,-1.9005389674513173,6.425780371234633,2.1981876486616505,1
1.61793701035963,-4.1396854815071595,-2.170472426178753,1.913277148007768,4.199431530263073,4.331531911135335,-3.0470476451412427,-2.8193872239789335,4.146362180019849,2.2999680796777326,1
-2.4588715312109675,-2.501685495730327,-1.0967960363349674,4.794011622219601,0.7034922148834806,3.7478800105175436,2.1853796348228514,3.8650713513865833,1.5257952337982292,-1.5601297443335924,0
-1.1302794099754534,-4.622141879366929,-1.048810157076363,1.1225970660890974,-4.705556289164828,2.4625092924088294,2.8786817145236907,1.9150145496542879,-5.147411424935909,-3.163221755955262,0
1.0336825324327177,0.31754370197574255,-1.8182847923771572,0.0852782717461622,1.4309886500955042,2.789192332132985,-2.3704690940500397,-2.1221503158052033,1.9699393688009939,1.3322879677219692,1
1.1051358946198158,-5.032645150764092,-1.6622349049025353,5.238239650180479,4.748394369454444,3.98165082265433,-1.3434514445432983,-2.5382483031394134,0.2508572861117191,2.952312488879057,1
2.740074587096408,-3.9214165058609325,-5.257363760850081,1.8216628642700627,1.1064016207294993,2.4542522373456648,0.4325401457761111,-1.9967259895760072,2.6563982909419144,2.829290263974072,1
-3.593205663559864,-3.996535988559735,-3.192062441331789,2.8352924976391076,-3.4561849597354772,5.527619906183219,3.9501471019313374,3.73928677381667,-4.2769624986610655,-3.6481237904796826,0
0.6444274760260593,-0.647596881537071,-1.4512356939879376,0.8402162157429629,-1.491285086024361,1.277382663578897,0.991453291258561,2.6734160821570354,0.478439566716073,0.9336683781270101,0
3.9609386470435988,-1.496406557700222,-1.020671517359815,1.9958547384139131,2.2731116221943735,5.517622330653779,-0.6953460942166818,-1.8854504063738744,-0.48621386020894386,1.972490721497733,1
0.7709680906818324,-1.22754296062161,-4.284645726842088,2.9926125930511525,0.8309603087080328,-0.18293754631460057,-0.322508539624514,-1.9845306112234058,-0.43708233681274855,3.013092056804757,1
0.7421567400045141,-2.222692537022519,-5.085331150044126,1.2300795205604453,1.408091386419526,1.1497606982928055,-3.531244809378173,-2.1881391685049074,4.803146400528277,1.8368977028231237,1
-1.188809220117086,-1.003501904233311,-1.4322661290309204,1.0648822817163992,2.539609108322468,1.304922581842188,-3.4527509840882384,-1.328921647657457,2.261601513823638,2.3614824535182906,1
-1.4293296660122095,-2.0432783849920964,-0.8789826446523157,0.1748721214792317,-1.4206277831575695,1.3852213136941778,2.073337508871873,0.2875800188090254,-2.418862642701527,-1.1967066196350897,0
-0.21290057384825167,2.6162456602172277,-1.845720025680552,2.700069167202545,0.34118291203834783,2.0090075115191905,1.8723870847059223,0.3149782645152084,0.8830132037509535,0.4262374658116692,0
-2.2539514130957636,-0.827907323941037,-1.260886530305425,0.16957183720590852,-1.3071884507067297,-2.646240008119145,2.106957868226878,0.26986117386412234,-3.458112143000485,-4.158613936153513,0
-5.775300298486184,-5.586820197037595,-1.050198019868077,1.6671121705347698,-2.957433387353376,4.12300673359657,3.7359557711040656,2.7193999384246452,-3.8367607207241488,-5.517990024676298,0
4.109271168248947,-3.2993713779533786,-1.31794853832531,1.6751087107127505,2.818748479190808,3.271721373128777,-3.8478709045050845,-3.4114604442754333,5.5433897095126365,4.0442570397547914,1
2.3256328278330614,-1.235425093560269,0.7067575235483314,0.08667012032024002,2.471903706671384,4.646776647417495,-3.5784294134262824,-0.8419665733172466,2.654774788459629,2.958207994668158,1
-4.797236390762639,-2.6198291788026205,-5.142221168852441,2.485087364801665,-1.826629549496025,0.6558492664560731,-1.6183112200395113,1.8115940024053279,-2.9525692642036594,-3.7719060340070083,0
0.893265013019954,0.006845177545008685,2.1916014847794383,2.494141483393252,-2.2306512159565344,3.442380432488729,3.6004429999048506,0.18775541374922033,-0.7180611873007559,-0.9483762839815935,0
2.283988080672478,-1.6575732819352238,-7.103799489466896,0.6004240267189462,0.6803089790185084,1.3391042687412378,0.0006926628603878271,-5.752574361777896,1.630695219192952,6.119550011224864,1
1.5562389863870019,0.9042457601915661,-1.2140533389522932,0.41839937827492246,0.15458956171215532,5.20679131015434,-1.4765320182586525,-0.18762231043299593,-2.2655346171574555,2.0165636157506714,1
-2.3705897324765512,-3.3094094408715353,-0.9359825314416863,2.192733268937597,-1.9312476438441362,1.631144445584842,2.8775642651994375,0.00600977546001058,-3.9621096825425575,-2.2419848610094393,0
1.4631228850554243,-2.276286630299445,-1.2022839752949332,0.156380992935103,2.1865493662408984,2.538205254131693,-3.9783302717714766,-1.1459251433863717,5.549097788724649,0.7178061756863878,1
3.100981164060581,-0.5478510963393661,-1.857363970116475,0.03329117518419955,0.9973806448447815,2.124798621946138,-2.1248027350705887,-3.066492575314358,2.516179786784355,2.6376741971966227,1
-1.194528314005275,-5.07305545328251,-1.4887061951986256,1.9357719229574748,-2.215227248628275,2.6306231934962114,1.1995850751793982,3.4946335334626517,-1.8228295006929827,-3.4715604023676145,0
0.923791585607016,-3.1068467679366196,-1.4499759266991634,1.6550160237463127,1.101525320797264,0.36797077682612755,-3.97144703307721,1.3410815014589565,5.313147590712332,-1.4750055643209259,1
3.480824764540572,-2.5978336216053544,-2.3535922139603627,1.095627555962699,4.028618311793993,5.201647276762257,-3.030069703313237,-3.1140608887373116,4.366885747841664,1.8632224825080663,1
-2.019061805993944,-0.9386085524711623,-2.95929034476798,3.1434515066665742,-1.7874975545847527,1.6560046273944833,0.5514349331074722,4.132106022750239,-0.1492125021829629,-2.3379012111437874,0
0.1644122003155455,-2.0807439977709934,-1.2883911368847403,3.3303516899029404,-0.4446703635311404,2.469646241435496,2.7540541405334826,1.9357838744373164,-1.1574341494837355,-2.149926957212632,0
-1.078712638757579,1.1435609468561907,-5.725933889445635,2.0044519135964682,-1.6655597748509525,3.497824996694739,1.687284159312055,4.789420278072754,-0.20229573353686048,2.132062069136711,0
-1.1749511369790255,-3.179129733762475,0.6595732784597383,0.131245523557586,-1.9673985020461369,-1.3494871548032035,3.2875134536899147,-0.1638568279302821,-3.5762616255895066,-3.8119007738556085,0
-2.145544091755346,-1.7402678833923693,-3.1471398279674876,3.023880670520075,-0.8328960414015556,0.25244123333737956,3.318432334942351,1.8998851446221132,-3.0845894563362344,-3.37358394201497,0
5.680255963539549,-0.7003454942514236,-1.2621572883657468,2.540422184775633,2.199013580713273,2.2691327133574686,-0.4093501855771826,-1.7245602185136943,1.6472835495420068,0.2961919070015857,1
-0.09946773541950349,-0.4977169639672623,-3.5850642533151253,0.13198446340627012,-3.3868094079537947,-0.7930016192348432,-1.3397375540756804,0.056486753113414334,-2.9871684208413165,-1.1440066605958266,0
0.7045994377393248,-0.06614702344990375,-2.389693598508993,-0.01584914430179163,0.6380138165012113,3.931842141849853,-2.0935005370764714,-0.6430932845719504,0.2137799644294629,2.272021121036044,1
-0.5803140478153139,-3.3132392660873053,-4.146428412586856,5.170900877154717,2.8979141884202937,-0.8589730889694196,-1.3420434196196016,-4.921897415250389,0.6755244285936421,3.1673697057614794,1
-1.9289363050283375,-3.4489383826126643,-4.600434714598753,1.142481693477482,-2.785451571456431,1.4063637846644026,-0.8701602037701393,4.150985770197277,-2.178968295316052,-1.5833981367004195,0
0.40012396743247836,-3.740731662994664,-3.122178167449471,5.014876112863956,0.41634255154159927,1.4540206197192949,-0.8775790513441528,1.6419052721364356,-0.8470094413536469,-1.201042651419059,0
2.8090827083452856,-0.29750269939052987,-1.224288379558768,-2.6526769893455553,0.9362948189348157,2.6008420693815864,-3.2311411903969027,-0.5570025367922988,5.4687736054484155,1.9731901835904455,1
2.970391102919953,-2.4474699844176353,-1.008982590695315,1.669822965939258,2.584743932729939,1.8220317691166863,-2.571872836738658,-2.6215363501994684,4.533768251378046,2.2747910513237706,1
2.3288573577885425,-4.0397178866778924,-3.2300298821083455,3.7629403644869432,3.735909884220482,0.28899717943041203,-0.896672541189834,-3.23211095265268,4.0921464685368925,0.9816125980460217,1
1.9283246350417298,-2.254966979809513,-4.35741221210059,0.8995127030824692,1.5784658485367111,-0.3874482984422838,-2.3532614903644355,-1.841396617704801,4.326102694628532,1.7143181850859164,1
1.3358996170072408,0.6698049770672627,0.7557074353806361,-0.2680749089125891,2.0756713671734257,4.188711997287989,-4.859105250776887,-0.24366860372165777,1.9707720560679365,0.957564391992527,1
2.5085203522678476,-2.7937722402664775,-3.326178369482327,2.7501803009888124,0.7292836177804507,2.201933183862715,-2.0855026530434317,-0.430459637406593,1.8145531243447162,0.20678186319950465,1
-1.474758958174912,-1.7009400812487767,-2.9403665034185935,2.6603356067936423,-1.539200708859306,3.917626659623158,2.829424315616656,3.8192191366169888,-0.8397487769031518,-1.6991324836216322,1
-0.6373984074782018,-4.043047705377197,0.1616215007720121,1.6942663320603832,-2.5077641047587393,0.6678604642123709,0.686748925909725,1.0391706503566365,-2.9757841286080984,-1.8363810549625732,0
-7.085571744866996,-2.1556629933571063,1.1383152470870619,1.1424633012731524,-2.9612575435404267,1.2645525045230874,1.9457378059072497,0.9349063716107282,-1.368773052308998,-5.650474284752065,0
-3.115424455834698,-2.1796414318151847,-3.587050720136955,4.2277365740213115,-0.13126210037169583,2.549729388969466,0.5337843804436289,0.8784514129056622,-1.6754456823333155,-1.657808698170964,0
2.081896656793483,-4.558955511744994,-0.3965796829485677,-0.09897234616498807,-2.719140139912564,0.9311881172670846,4.082271379748118,2.469406201356469,-4.249651972649319,0.2524219724350054,0
2.152627782604194,0.8740999581564051,-0.47148293116009365,0.20508115022412832,2.8763557949419214,3.4900960052755146,-2.8307627067705785,-0.9562304282382406,2.381517234433742,0.6568766123439678,1
-1.7136806449462312,-2.3391088659454775,-2.924372246432526,1.8918331081107338,3.0751800444881137,1.1729283163333508,-2.807965362583533,-1.2915174670324685,2.581307676647487,2.3647862075573145,1
2.120006804126708,1.1480158342458746,2.076605841361485,1.3841344836721472,0.8247792085313477,2.948488986387245,-4.113291196137584,-1.2835507242348112,0.6834277840773852,1.2474150152851942,1
-3.477550059564525,-3.7168359330805654,-1.8990830649349117,0.1330592957104071,-2.6821572890608,2.9415161231037796,3.7200619608208267,1.395737223066586,-4.073799284213065,-1.8326347539840464,0
-1.9269443783938613,-2.171167754902618,-1.738327489717733,1.5490095123590413,-2.0126447584846834,1.3642759856329452,3.0471620519333715,0.727414629444463,-2.2288156719021575,-1.7662711494189205,0
-3.690360984264481,3.4963165013999884,-5.470023919903765,3.093021827290401,-2.1204015789511623,4.62840223054779,0.39695819931524845,4.87801240418446,1.8176223073265492,-1.9275757960779405,0
1.250924341970829,-1.1669476769387164,-2.261230212895314,2.3202213329946835,-1.1376580624077612,3.8097189926816313,3.6287157275463677,3.7379247682510934,-0.8124745765367491,1.1596443437536088,0
-2.744506832878842,-1.405984124025021,-2.058832272011153,2.6576612921583274,-1.7443435182335918,4.279653846336043,3.9083602821609134,1.57883151183328,-1.8227679023306058,-1.9260362387551828,0
0.180499166548862,-3.240879771743282,-4.4725210314563455,2.2512361543786654,0.9662757780294504,0.9467635817241513,-1.0331553451258717,-1.2993070243464055,0.48244581110687657,2.6228528609150645,1
-3.60552146964959,-3.5795206381578453,-0.674218694177956,2.854061017235982,-2.251482355574062,0.26488964235777,-0.1670823170940272,-0.19724216242688186,-2.7651446108061712,-3.7722679931270946,0
0.2405465100487738,-0.3148730599609191,-1.87139675141343,0.5359863834137302,0.39031580084415274,4.913410103630632,-3.250703697936235,1.315091396756293,0.7836041000673852,-0.19026333031103526,1
-1.2637900118411625,-5.909847062358478,-0.16941631722749406,6.50587710274113,1.8207814708569554,2.0390127268686693,1.8725289344089016,5.060461541658695,0.7577357043262607,-3.8495661419230363,0
-3.4946363343528892,-3.459827175909166,-3.319849995425349,2.1493537210788607,-3.27956414666542,3.363240276194146,2.3951917604409863,2.773143716352336,-4.249666392525354,-1.5837313106915603,0
0.5488235392967094,-2.5855872681965666,-2.6515995344863805,-0.016987438901192142,0.0864872460769861,2.1124454194499833,-3.0021681277453847,0.9563184599320134,4.160254663519022,0.6595848509084392,1
2.0551554518072135,-1.8861169015594248,-1.3089818018892094,4.670718409564996,3.5159737716247523,2.19948078911534,-0.8086929550839079,-4.355047602714394,-0.2658970924313584,2.0791639551618593,1
0.05816023973205042,-0.5104566406929687,-0.6844375407581322,1.5737314775269742,2.322122014219383,2.7041016175281767,-3.3660802427256447,-1.5903950894561891,1.2611025498713322,1.6415966760961334,1
-3.2460546911641663,-1.9591212591701561,-1.5131807469224023,1.2612227667431544,-0.1332123225307411,-3.39870181212269,-2.0080687046630894,-1.793762287337409,-1.4492890936744391,-3.595141974310066,0
-2.0287504557423537,-2.6273974592057265,-2.1814558579856707,3.3716845343012034,-2.648340346861402,3.5772218977273056,2.609784625210329,2.8295986827069353,-2.641381031002301,-3.006572081712635,0
1.6084792922017466,-2.2378901596964624,-2.877054012567888,1.1955996759765752,2.9471813303835708,2.6058767022206792,-3.4634469481799597,-4.451409953432666,3.7627105139818084,4.500724109283946,1
-2.0007201052834924,-3.2637808887284585,-1.3778819151294792,5.026583843959845,-2.2760717175931844,3.0505102428649478,-0.037992617640969506,2.192121687531452,-0.6145865392350116,-3.851400022286275,0
0.44001668782525316,-3.6021055470551513,-1.252947519999743,-0.2509843650045842,-2.381162139226171,-0.09346366700293007,2.9014494279509693,0.5491356657559976,-5.467991235402302,-2.0437423007231263,0
-5.326359511663979,-4.423459941895161,1.0306779918911637,0.3885560450750736,-1.8514365594622464,-0.03194293070212195,-1.6096252297030258,-3.5829146361886473,-3.6684087299584003,-2.1616895897917536,0
-3.2289194034429074,-3.6092598428339953,-1.51831474905809,-0.5264901181034785,-2.955435507826271,-1.4582326346698515,0.7326214039255958,-0.6123010543550884,-5.3151318343385725,-4.625075978523001,0
1.7977460568579908,0.13241353091850128,-3.3599440862202528,2.15074312153372,-0.4302772749239161,3.4865891669618625,3.850472144206444,2.9921988250527436,-1.2441860320289995,1.6604999238320373,0
-0.04130783407335725,-1.9381136422904206,-1.3260953863407248,4.086674319044805,0.26794238019795014,3.963119612625859,3.0930113253418114,5.533313993102233,2.0471804224826347,0.6340823854347817,0
4.0550945200205,-2.8947255107576892,-4.012901515736896,1.9716535333965217,1.7224506489513216,2.367901179643771,-0.9663450842259025,-1.7684825411812755,3.0001782902945724,1.0922897296583467,1
-2.46745511761,-0.6957379153939356,-0.809524427213433,2.9461450535691496,-2.8600471178827966,5.818010995499783,3.7476399799109315,3.980246045070106,-0.8320938236235622,-1.121338363579025,0
-1.6637206270080942,-5.577234754875244,-1.4825724883624054,3.8075490883923617,-1.4448277535335112,-0.09273603498739513,3.4348594638780465,0.9593170896121666,-4.978725606448841,-5.876302355611338,0
0.38645203783349613,-0.6318445840362059,-3.3502714399598266,3.484572314642799,1.17717692242622,0.9636280284614738,0.23876981567189315,0.3781934998303744,-0.6994955839423689,1.1973568756934205,0
1.886183360569757,-3.2924479098836716,-1.3490803236975855,1.8096709683905368,-1.369871219849981,3.60615482059936,4.740787978442725,3.1164001176721396,-2.4714827008083557,1.1011315918742883,0
3.320686815664165,-4.432351309020104,-4.106210348867373,5.580280687912666,3.6280638837781165,1.9976544187449938,-0.4462202440306837,-3.585474324564343,1.456510614032727,1.8705038210788265,1
1.8502064051021447,0.4751396843034401,-0.41397467874644445,2.125526251745995,2.779608402697019,3.910594485751245,-1.9375129157433038,-0.6797952861964132,-0.42455813502435014,-1.2069322501128523,1
-0.29245298355430993,-2.3814335693268154,-3.7458977961765303,5.377315978587362,1.1221226931397017,-1.3474679988863212,-1.4190409278517366,-3.5713418921519637,-0.9795884248231754,2.8866913835272987,1
-4.305196675951402,-3.055381281091531,-4.307028196002452,2.7670590298445656,-2.6228832187857174,2.420585303677159,-0.3304850019761334,0.7466914984987028,-2.937190901579885,-3.8429396512568417,0
1.117594505442854,-0.5587157185446052,-1.5812414620796673,-0.3331450352066603,0.34979607881802455,2.440182272421193,-1.8293487667501387,-1.5023956307811275,0.8817839689194797,2.5694857604905676,1
3.2242732118233053,-1.6381521331780025,-1.432443040875767,0.35736912672842824,0.8129258170245179,5.719795738397446,-1.9962522864434413,-1.480702091847498,0.6752230456776995,3.2873773910889756,1
2.838134692436952,-2.768692657593868,-3.7888016804083273,1.7786589400916473,-0.06222229078856545,0.11729562525374315,-0.05405270107168714,-1.193318626379178,1.724747623388743,1.697657722308916,1
3.2198951947341685,0.4552197072199169,1.079359069000454,-0.7024097550391448,-0.7339139215193959,1.1708481146765928,5.602791656052013,2.8943478799547133,0.027463003879228065,2.085761907476604,0
1.1039893643847642,-2.0395810802798144,1.377355166876805,2.632944036458247,0.7904634461259241,2.69526297775882,-3.5397560475103567,3.5591402854011553,1.5637863206161469,-2.918501443879424,1
-6.388291282279452,-2.7053509169458367,-1.386317270003648,-1.3091361615729777,-2.3194664419229807,-2.057153400342875,-1.924815322006368,-3.2352546352630656,-3.930734543587243,-4.609715498707624,0
1.7006672729633572,-3.8895306601232322,-4.446301065425934,4.504951305050431,2.7309871236534415,2.4577307327535536,0.13591997429179425,-3.073169765938176,-0.6572133270479465,3.1807743499166117,1
0.8818251758468247,-2.7224327422064682,-0.4008788316478178,2.9068751651173406,1.3227190331929468,0.3517991161685041,2.436395053295227,3.0281421108808475,0.5454061500561331,-0.4945490251496749,0
0.16010257231687675,-0.8877474974228055,-0.8103615996704412,1.4057510683830419,-1.114918943672853,-0.18787021797946268,1.807396060158944,3.459037272278824,0.5457327170257895,-1.4915438390111988,0
2.2830765825583548,-1.1022632161202686,-1.0465486641551773,-0.21891829019189757,1.2963147680461504,5.948696798473561,-3.435748150493601,-0.5979193138203656,2.1243980963302365,2.9985748728375023,1
0.9653172339184732,-1.7332900070714787,-1.3418121380153956,2.3662066123138055,4.268677543029407,1.1379708047355068,-3.834080392128671,-6.290299403002754,3.2155811076339873,5.3259296544805546,1
-0.6242683008421821,-0.2755144704323178,-2.508523812795703,2.468757570436581,1.9226675068051462,2.668719921154467,-1.6015474498034994,-0.42664465011862607,-1.1095339983352552,0.4124754503536485,1
-0.150548552126629,-1.7778908116406253,-3.521923043154535,1.4331737507623203,-3.4900229399805007,1.5190974231900318,2.242779661677352,5.016693195852396,-1.9534505039489765,-2.1409472334838022,0
-6.36470948868881,-3.362194693255304,1.4506565244837009,7.8017383917921075,2.086315083081038,1.7949303172393392,1.1307770134060768,0.7903806752851845,1.9815103122985378,-6.1722018620339885,0
2.846957132395204,-1.559901386432371,-1.3885616919415544,0.009678299459119355,-0.371735950666789,-0.8305762707124558,2.0406982994014475,-0.28613330499067224,-2.05652973546679,1.986880322587607,0
1.7601964566920736,-1.2717921753737214,-3.164619590082456,2.7161544096758736,-0.19132129448779667,2.8923944618720285,3.1322577692799833,6.1288323815528605,1.3647435888609887,2.005728553480033,0
0.8625227164900076,0.2730276163970995,-5.340137127252818,2.4575940830954326,0.19418858608007383,4.341244583629226,6.340027007708967,4.875373976535979,-1.3668261409007174,3.4976348945415427,0
2.428439064656204,0.3433121091170639,-5.1146119686860505,5.170953515141004,2.6278237468813046,1.322763838724724,-1.5283573661888656,2.76304866351502,2.183582184984534,1.3084204164019777,0
2.1911353401368423,-4.666732201468549,0.3498686584187065,1.2845703987892798,-1.032795713253122,1.4130192091404912,4.002278489792634,1.4033259668790095,-3.5718131294433073,-0.17964325672871118,0
-1.7538281536851923,-1.4512842211866879,-4.685943052433911,1.8322902378004842,-1.3404600460907132,1.1980988175340164,0.4220269971067532,2.1739329212990492,-2.353192800615861,-0.36821077430112803,0
3.865954261682364,-1.1703465149966752,-2.1932794677776544,1.768040543982649,0.7745807116649799,1.5414437079812238,-3.209359395282081,-1.9063924021744012,2.8633094241679835,0.7707684765441913,1
1.2289943171464233,-2.2713395521667037,-1.261895585214664,0.9619434167063419,1.9826370107544211,2.6420153448881742,-3.042890812145304,1.3273901362806289,3.9460321533499423,-1.999184053866021,1
2.7829261096075006,-4.4449795037397575,-3.414744253896451,4.421553402414198,1.528877132734328,-0.3315927755786072,-0.186855686257821,-4.087523780236506,1.5819861260962989,4.537906673085097,1
-3.236355130569195,-2.4316027244682337,1.149820079917824,1.6223338610358171,-1.4703082620168622,1.5249678439225416,0.9472733717056345,-0.907743311590302,-0.36836579098702926,-2.6121132197502965,0
-0.06125975384880045,-3.456771240127954,-2.7473738833953636,2.6679439798474376,-3.7521383468928784,2.793683264639246,1.6952649895007066,5.466805449441759,-1.7235581466031948,-3.024510463856622,0
-1.473393300610882,-2.255145837008335,-2.624371591302019,2.487016300411984,-2.6317620863228863,6.0294283397584225,4.87584447716449,5.542547942581137,-1.7542730599050322,-2.7440048916355937,0
-1.3068168763141337,-0.8450635838149136,-2.6243399849395237,1.2063688614178372,-3.7345091308441405,1.3726414915384844,-0.5043745247169547,2.7412518943055977,-1.279145175547872,-1.591994400167592,0
1.0363703787770104,-1.8980099225104985,-2.2515801389307417,1.7291087482853214,0.2103655778259106,0.27003163884480164,2.0771160804016575,1.8578448734502615,-1.4374311663982002,-0.08473761247229539,0
-3.110177178512531,-2.3895408966191347,-0.9253814974704271,0.07425918445121793,-3.577194270494876,-2.1041697246586093,0.41075022819723284,-1.3479561220419032,-4.202416869412795,-4.512716648858897,0
-1.277460975932298,-0.8558400364737488,-0.579324419354369,3.301382855617754,-1.6843674119688834,5.114412743809478,5.20365676538418,2.7467041839287845,0.3319802535918823,-3.3959738003942874,0
-4.637199992936478,-3.189787272381211,-0.2644987568391519,1.8838063178204247,-3.7667511402314684,3.598130724518592,3.4658679684609974,4.175872595001451,-1.7403634653278135,-3.3158353938086034,0
1.5076086173476466,-0.446013818500677,-0.9838336838408628,-0.6488417554012629,-1.42863311658299,-1.217401865381024,2.7511206345773838,0.14609960543628842,-2.959946854256128,0.5906732658734883,0
2.9357139501167673,-1.2273307818871197,-0.7399601387407782,0.37690786790329645,0.27615265101212505,2.404485248417929,-2.8106164427077,-1.966864978071289,2.1832052284284273,2.287296003766848,1
-0.1723865887087297,-1.7290376730229262,-0.08063638509628457,1.6430802265902198,2.759574237774861,0.925205972799596,-2.8526289544591688,-1.2467133637047407,2.620408837772179,2.08567069807537,1
1.37870519920553,-1.6649917951796729,-1.9722289399104853,0.4409493347682085,-0.7577880246641135,1.9852879445235572,0.6109747176230391,2.763528685153324,-0.3269326995792641,1.7834577191980494,0
-2.2175943967623954,-0.5006462772206339,-3.5162650980208867,3.175255848888464,-0.44539187396369395,2.8235139263457305,2.3262504623215374,3.757009570060002,-0.03348024899583013,-1.186910885625784,0
-4.693238933652264,-1.6253764897918694,-2.822172931497118,2.5913352947142085,-1.4072843266760553,1.1889911594264262,1.6722434364412175,0.282337359208493,-3.1481345057786214,-4.1418036855582,0
-0.840110972085965,-3.3816650500362497,-2.595694905187932,1.3570320721000673,-1.058329346252702,2.5347313087782632,3.550380227311704,6.011156524382584,-0.5184952370658693,-0.6970707070494899,0
-3.1662101626121095,-2.38506392093334,-2.8932094802027306,3.6474268073407687,-1.4313144296370404,2.77288050088564,0.19352146126260683,2.898151954064752,-1.0779536545744184,-1.8874564684180388,0
-3.5952867581682266,-1.311721992831509,-2.689402208043356,3.446399515305291,0.3658322348612866,-1.0412595611025708,-1.0676961519985455,0.1575935159700559,-0.04935195841034146,-3.226726987353563,0
2.505268959158488,-3.295467494431157,1.024730128905626,6.035509817736432,4.0492246104866325,4.270250469640697,-2.042419669094777,-2.010113906111899,0.1778659749907987,-0.8537830620831812,1
1.0940982867897064,-4.052867946886262,-4.078292456164768,8.455023207899558,4.04173970802543,-2.5660808642530535,-0.3514529980646912,-4.204962779384813,0.65869303592756,0.2626631136502997,1
0.2123171097214771,-0.767368674926822,-2.7031558569200023,-1.7980352034983955,-0.9141773746880415,2.6375779726627724,-1.4455541661563625,0.8504997736432025,1.1153234129446208,2.878710886575377,1
-3.209229937543212,-2.885147564513864,-1.2971698359073307,-0.8058058784751538,-4.649280490584328,-0.3606434264076781,-0.6325248948637774,2.1002836628712727,-2.9283515636353834,-3.2942695945616127,0
-4.977369244130829,-1.755159268504568,-3.206066413460347,6.20097398358854,0.3990190517316128,3.6474902044052486,-0.889414438629827,3.605008480935966,2.253083483056863,-5.616469026001035,0
-6.044213266883864,-1.4535513828330435,-0.6567688310894304,4.646684752795688,0.953753349838455,0.5954315816015814,-1.1061252362778404,0.3878041885445638,1.9592607832964362,-3.628488621984494,0
-3.4746904278345476,-2.268106485627732,-3.92831548313497,-0.2372281786810202,-4.3323436497395225,-1.7186749544272875,-0.9435650371416471,-1.5681750174941969,-6.024721852049768,-3.99882195168459,0
-2.799385321381945,-3.1941612737424423,-0.5509534758780763,1.422391897842644,-2.0121631025240156,-0.1503752396535072,0.26513273094234546,1.3611005596355439,-2.4838633674128143,-1.367168002326439,0
-2.853956586658611,0.9949977912514822,-3.317024306634992,1.52695612244875,-2.0775420397060813,-0.08802359600272203,-0.13071972705597057,0.6098950069253959,-1.7758944872000484,-1.8184814513813998,0
-5.782559391984336,1.4442152747692036,-3.531043269664754,1.7312038315706002,-1.5881947047887623,6.243854163665432,2.123850073358355,2.9148723330101003,0.3423021399971833,-0.9892872074709067,0
4.491913269906144,-0.7994841615653336,-3.1303754495952383,-1.900279234421408,1.9142693690589343,5.806731227197727,-1.9779669102683661,-5.281484294563736,4.372584728618993,6.096367409480177,1
1.020839703807357,-3.630076929632379,-2.4947722067305254,2.691046910229172,-0.45183263564841214,2.6345018058314364,2.710169196645584,1.7273792042970697,-2.0181378823857328,1.300417540888617,0
-3.168657901091855,-4.320513644162148,0.5961282456620838,0.5088974240089312,-4.7185491088966796,3.25352777685589,5.9422223799133285,3.5207397275698975,-3.9993874804406584,-3.1202632201166436,0
1.6921162904499651,-2.2159834162315803,-2.4220016363439636,2.381273030330201,2.041780153688955,1.7086696131069319,-1.831362413279508,-2.9044932024788874,1.07032312612301,1.8229514666132423,1
0.5338999053652307,-1.5100904049448525,-2.305924099116623,3.7429257710683204,0.3808678940225394,0.4086327511268415,-1.1341978691424903,-2.8699034722825907,-1.4708175136349428,2.1275946472794596,1
7.6220966831125185,-2.5999999405823058,-2.0168352754950365,-3.4964769818615684,-4.642902680897247,1.0211657269789645,3.001535483293326,0.10740262726155314,-7.485422529862716,3.913322488589957,0
2.0255842025601587,-1.4934102365798236,-2.8111634996479617,-1.2232948412986047,0.49502876995804335,4.050987656032626,-1.353341476459468,1.2170118327444377,2.5598444885403726,0.8482091265458904,1
-3.126506363086865,-0.8459844091328452,-2.2469422032281727,3.3040637864274554,-3.008808569986617,2.608507474703436,0.8495856167494205,5.107561613299241,0.5273387074025067,-2.758770025698914,0
-0.013545451393891073,-3.122860568388856,-0.100690866421139,1.5498256365257501,-0.8263706615322843,0.016365083139019188,3.1097702024415885,2.0796747769636976,-1.8175577007514891,-1.775336924486196,0
-0.3251715611772801,-0.32457377255287234,-0.9674934643983903,1.5464351629453938,-2.0396057537870314,3.0756584447757946,3.382551912309459,6.0021240381097485,1.0679388441535624,-1.5481769313491007,0
4.2300037007541285,-1.7977490334681687,-2.1031904568075843,1.0231493978319692,2.7290799908026155,5.120856979709386,-1.8255708524681804,-2.9249610702552493,2.441878529278659,2.1149373637587208,1
-2.090988760754142,-0.9412670234256655,-2.2029270628490765,2.934085185802452,-1.6684168860147213,3.737983864796992,4.11327401852811,3.2679245463763964,-0.9542497274634512,-0.9744063156601885,0
1.8038828495756845,-3.5353223797536693,0.14169228054090865,1.408257544303364,2.440822867169221,4.202340977690639,-4.686553253387249,1.9197036984939349,5.074918869980811,-1.3803229479039483,1
0.8095371154601514,-2.785173071796715,-4.534918432581709,-0.632613034649645,-4.476028741733844,3.2276981166589698,2.9820216238568795,0.48795460335372876,-7.147323320017334,1.5832498139975755,0
0.025921884452133614,-0.16185032534942834,-1.7947691212878865,0.7882816096404968,0.795147569997305,0.3511358590310363,-3.5027729508790872,-4.424141390512722,2.463595607175528,3.657426687679126,1
-1.3903897768935365,-0.8606581557275024,-5.709109036765028,0.4043257188641747,1.2420536611997628,-0.4409859705998298,-3.1079329315120154,-1.8647420924107931,3.9363862498345212,1.5533500823138822,1
-0.7185150352149732,-3.067634633377545,-2.7146380423297813,5.48156052593567,2.803441469800382,0.7248125795093021,-0.4190806396820581,-3.2825744305328763,-0.8792846836767918,1.8704610650775648,1
1.848142088197107,-2.4991601655719173,-1.7789569408593817,0.7772340356757126,2.6568600122469315,1.8586835568184303,-2.7554155614510414,-1.668533680522968,3.707815624351043,3.218603621310468,1
-2.5770785484090437,1.9420648739157769,-6.245724461520327,0.7234508642398483,-4.796280577562179,3.6072477386426534,0.5427578061227301,2.661359146068839,-3.4069200966091353,-1.055745091107637,0
-1.2596953159495068,-2.8150330499992906,-4.209942614383451,4.711862082405574,1.1921476669063829,0.5615093489147114,0.08056283328704295,-0.4226773094804841,-2.966524317505306,-1.1121747500827128,0
1.3354181533090745,-1.3662754287454533,-2.276279036992182,3.3195976828908287,3.0679954895125383,0.46366081217483157,-3.822888088603701,-3.876580216563771,2.680815171397655,1.4199062409576957,1
1.3153897512464243,-0.3008089306425503,1.5272661418993239,2.698772495815244,3.7243905356445257,2.9817963415719833,-4.362155382409956,-2.643265703259092,1.417511317083556,2.5661073054539405,1
2.3245079156658335,-2.693975211685542,-2.28836601896127,3.8298686106342874,1.2535610679865163,0.5398168359412354,-0.031246396519787112,-1.5631528788157363,-0.07490432905556688,2.753471225074261,1
1.3860458808515816,-1.8677085082007387,-0.9455696117876538,-0.544096147987192,-2.9295373773526685,1.5783872739717795,4.506923756433789,1.3940282221794833,-3.39027499125845,-0.5284617834858074,0
-0.2474180546814111,-1.7366192275273786,-1.431190566007464,2.5519758573154125,-1.3965283710281708,1.5444610419996327,0.9112568640452301,4.642865565670997,0.9877935943001122,-2.7258317476966627,0
0.47748135756083254,0.7251375922243555,-5.125282303516981,1.4531626039282126,-1.0422484496573596,1.591267277279302,1.3675226823958442,5.255091314226343,0.6403952454121518,0.6395848798923844,0
-1.8413852893071225,-1.832451676167747,-2.2769463220689015,1.4049448629113575,-3.590497472976052,2.4835003697997493,3.3624057790433675,2.4668998335532804,-3.0803578606506212,-3.6579541553274844,0
-2.085883184898653,-2.044171852359365,-2.127363691640666,2.5941482909406703,-1.2711556959890804,2.890467414414056,0.8933550295058572,1.2652922740957906,-1.4534049433617295,-1.4330819844722216,0
1.3716810910904451,0.32374373596560746,-1.723675064149547,-0.12929358432570748,-0.769337726451488,-0.2691517366132752,-1.5399460036728299,0.39155648620938077,1.047818272190074,0.15532369575164928,1
4.354639212474814,-4.080701383370566,-4.816808233949112,-0.2188225407944504,1.4239095868365559,1.9009770159996233,-1.2905958315938069,-3.194994964454268,5.903716129073399,4.62961280662514,1
-0.39701092785028713,-0.28621077575599796,-3.605964932392442,-0.7503648812242054,-0.6360451727825254,0.23498649844176334,-1.5684819907876315,1.5893847407504604,2.848343085535283,0.1100760380265311,1
-0.5708895687964932,-0.6592997342096545,-1.6554440901060705,1.6790306883422232,-2.027792746210872,0.9407445413397661,2.7489117642683034,2.4004094975579617,-1.0153408505134633,-2.197321820702723,0
-0.14222213201257938,-0.2036622941850854,-0.8888835576499696,-0.05569362747684892,0.28216141183952326,3.792470962830566,-3.401581723816242,0.03480507719880199,1.041035698519054,0.9143587365477304,1
1.4797341814704503,-1.1237435497331916,-2.125716036788579,2.1544365797721348,1.2061153513598193,0.03637231333498914,-2.3241371495563805,-0.4395078076660437,2.146898152173822,-1.1504842800500152,1
-0.9493807672685328,0.23150108769150846,-0.8114776921678724,3.1166713693695405,2.1788963959710217,1.591711467299009,-4.442849021159204,-1.7885062515132033,0.3495511001815268,-0.44169975398939254,1
4.407123109698558,-4.16557501807914,-3.243695734634937,3.9684340842039307,2.111767965115605,1.0594462576495387,0.40983514024100076,-3.7264948990148445,1.3075796956874166,3.26451630858191,1
-0.90939540604867,-0.6289332960815077,-1.8476926284638973,4.60855570669977,-0.24591640374122647,1.6119454491445586,2.3683032246762963,1.495651712077112,-0.7124584894774966,-2.6972334418179624,0
-1.5790703850792085,-1.164516886181806,-4.9796113338795776,6.913100015758999,1.0682811626130455,2.6530139691437653,1.7635764921579298,6.052455648876422,1.3959900953932856,-1.1485467450955489,0
-1.9958919601590306,-0.4579893892838609,-2.0093263814858946,1.8283046161386318,-2.05496293172584,1.9974757666294274,2.260886354836409,2.75707470472471,-1.9320320767072894,-2.1968410420915867,0
-3.367661295829834,-0.7428275571998468,-5.501036994519292,2.4059275955182176,-2.4020189529285676,0.701539958680826,1.087900244441157,2.653655193942975,-3.7525315800494283,-3.0748347796113857,0
-0.38205955838697236,-2.127423865970738,-1.6304147732746692,-0.7228411919792226,-5.160194810802468,1.5611334309598104,0.9317441467133125,1.2820698893610083,-3.9008300738391144,-1.6245853515829878,0
-5.013872249873184,-1.2119163602242353,-2.895741917215409,1.9808069859401933,-4.281782938038231,4.42764616592185,2.4366650619419183,3.8035443165090568,-1.9002791023755465,-3.2357854628449063,0
0.8970334134822793,-0.7915782854524902,0.24655334405235907,2.4786221160503086,0.703996273254688,1.597347096953731,-0.9756130337697126,1.8808997407501278,-1.2831824115915853,-2.470225410496714,1
1.6798885926553826,-0.3611396292307263,-1.9583004988607453,1.223377171996335,0.4085496195553957,1.18671503654924,-1.3209527505569025,-2.718877808071508,0.5027172637780579,3.6699264248393035,1
-0.6475851358259077,-0.8120523429064261,-3.306080525259915,3.298692021873233,-1.6679100943157072,3.4365986206221764,5.434689763229626,2.771809843905051,-2.506205847051583,-1.2320612142269662,0
-0.008078293007857118,-1.35149988418436,-3.368383766346491,2.6339232013568665,0.5120826588494114,0.34783193227022413,1.4432713967100324,2.6468561248521514,-1.6549227882451243,1.6051828994864827,0
-1.4448244732999207,-2.003811546922289,-1.4337755955586418,3.96432099475273,1.8634254290884322,-0.9036416877126552,-4.950781727200523,-2.8728544468747863,2.4638554546350386,3.146597057167874,1
2.2918071641753768,-6.398511362329495,0.18929903998857922,2.462999780364313,-2.8989584837122457,0.7930361931987859,0.7541215126005782,1.459417367936032,-3.7034145149641153,-2.3981310873567403,0
-0.6787215490474636,-2.3347958787028475,1.4191047573097229,3.3563484691541134,-2.3129827654617454,5.300456877475973,3.40205744285586,3.8264638775797777,0.5410922034537498,-2.304622865643178,0
-1.2205303630058069,-1.5234569704696128,-0.28194162951975654,2.7704008731173286,2.1995205492738767,1.9149423452858372,-4.236000483338824,-0.07815433577212061,0.5750962621104079,1.2955698979220946,1
-1.6027455356624762,1.125288817615345,-4.72895417491363,-1.6317501649030044,-3.5935029681162414,0.6760577385783921,-0.0030056126416497797,3.1783162193748216,-1.3150314391563835,-0.5876378795400383,0
2.8860266909528747,-2.2342359907110856,-5.03535377603256,0.23192746438474132,2.765377690155728,3.9858825171929273,-4.315737545254269,-5.721398735860104,6.5166985314202455,3.425043322402284,1
-0.940432302034437,-1.4970657748448875,-2.8421427794198797,3.1095899256865644,-1.1812336915561081,1.4592419767896652,2.2739489858438073,1.2871622934624107,-2.346884372240428,-1.9949968426661961,0
-0.7376252287073013,-2.406497847450665,-3.5196806713539353,1.9838912219533633,-2.3462771935647284,3.077376572019974,4.703076844122885,2.140369580600461,-4.486193639044932,-0.7943246269444213,0
-1.089975974844628,0.19967583859795557,-1.3475530923240309,0.5593321370453483,-3.1632303050599457,-1.0951111480774114,1.2137771617776756,-0.8191995084665753,-2.957458848432422,-2.4113715052989315,0
1.2415005185156718,0.24669603948746488,-2.251058057042422,0.3023496791643594,0.6778718614977837,1.3984244673822646,-1.7771677180964032,-3.026508270350498,0.9599280847482343,3.098923801261484,1
3.5940625626105187,-3.6362639671696257,-3.9422565829969907,2.6316917735277343,1.448722476545167,1.4915707046398554,1.7866028418652395,-5.834391182779996,-1.1176062581295692,8.06748625943224,1
0.9171679319759698,-3.132073416128521,-1.653147388569933,2.2501236392417154,-2.6098812802523508,1.941245036544231,0.9807191663917638,2.8071302872867916,-1.9328756527370858,-1.0698815369201282,0
3.0360466926409213,-2.9733638342834934,-0.07841801434288875,-1.1192426533200508,1.3670712198451094,6.8057905676902255,-3.309766883312702,0.8962480745344799,3.7297904672463704,2.6378151353131174,1
-1.0347662572707539,-1.801452750877067,-3.815654659129506,2.210784038636752,-0.8063756908932529,1.5716105219570466,1.9641157045319546,2.1143584919207377,-2.3457362458462625,-1.9671721739107044,0
-3.6591408060024095,0.031128924271359715,-2.2547563473372443,3.1920413913782166,0.06178082030174581,3.237260842950792,2.49439159307853,2.801317207634332,0.5851165583444224,-1.1250657880138069,0
1.0670720488144523,-1.1418199878810784,-2.734301720190926,0.7369821653355135,0.648770532724835,1.7100331544036742,-0.9470276503070674,0.1353804370843945,0.25943499781277013,1.5499417848145416,1
1.2646809623987085,-1.8867820969860736,-3.451484979173995,2.37118305864092,1.410838355077637,0.957411211041554,-1.296365550459577,-3.973714515605902,1.4002258880570286,4.013647321581716,1
1.4340869927251845,-0.8054368504830904,-0.07633413362272568,2.8985625401124815,2.1494795337354295,1.0037728180267997,-2.873478152750439,-1.5020477471589606,1.3787458512745863,1.4586164433970463,1
4.958602145617782,-3.4442570967377506,1.155639021759253,1.135290290903952,3.959149918196591,4.351666602123118,-2.365590777197581,-1.2767153727952094,2.8626344806128587,2.8323808663450243,1
0.32128054393331684,-3.3273667320692653,-0.40059504037904503,-0.9293227887294209,-5.395681890858455,-0.42737722867307903,3.4599507123480784,0.19127571430390966,-5.986427198515674,-3.5545646893318317,0
0.29965352263119027,-1.114584107896357,0.2450922959322841,4.473193170721221,2.021959482566721,3.9008116293885235,-2.4762408871616373,1.357309739681566,-2.289452548818092,-2.1370117359753236,1
2.1861998040537904,-2.1443270775983216,-2.9927470847854987,1.7373099231238227,1.2201184583966436,3.9201570588606294,-0.36521260183539783,-0.1919793323136998,0.7705392695769009,0.7254847699770108,1
-6.209033486316083,-0.8101887877999334,-2.44199404666066,2.4332161499182887,-3.137637511611265,2.4470731998078272,0.28159702240024487,3.7359905009234273,-1.013078554817056,-4.426392517796717,0
-0.05600296440968888,-1.412629046841961,-3.223871112458395,1.132647402923543,-1.4332526046929788,1.7166522002210298,2.2364709351163965,3.727179833246681,-1.401044368830046,-0.7322698344245433,0
2.122533026351669,-2.3927253533072617,-1.2646400869562777,2.332700754598956,2.7481747712984346,1.79526191441696,-1.808273342871439,-3.2961176682345963,1.316213717930844,5.0378859471492605,1
-2.492905524953744,-3.4076995862475843,-1.8345400765634334,3.0058758053407413,-1.3783004261090626,4.703652292933913,3.990719530667308,3.1469132195911573,-1.749299430521701,-1.8612400835447984,0
2.265788750317921,-3.08316513059071,-2.374875696741943,3.364347193149169,1.6623658525094291,1.1189270531488154,-2.094362166740183,-1.6187026275486243,1.8082622077596535,2.4284045739649125,1
0.46282537858061534,-1.4571477415515297,0.6106853058098811,-0.3885817384048931,-2.2668122981542984,1.0354305714725962,2.0810346271501663,1.496852874002003,-1.2427856181996924,-1.3394184638428235,0
-2.37406538089171,-3.1775819507655934,-0.08027149948356116,4.401034472522028,2.8011377963606874,0.743636150631146,0.6463234195425283,-2.0022708723384977,-0.5322952435745574,-1.3066461702134804,0
-1.7571610100231707,-0.1457300202270171,-4.120014039277645,-3.3729694641625256,1.3893070308089732,3.0671815033951724,-5.109617699538769,-3.9380844174157152,4.977494173928681,6.024055676319812,1
-1.427872955383806,-2.6014366577139683,-3.6300923687951734,-1.7612525010061097,-5.437371555723319,1.484472023273008,3.062089764181676,4.85846728484904,-5.029435716868765,-1.8923678574679985,0
2.3876218096458506,-2.3304572177192098,-1.1883780248988864,3.2306719680821145,2.033108770616957,-0.815421351697363,-0.9241451377666303,-1.2705198946973897,1.8744007688240167,0.7490820298245766,1
3.6056573774509153,-1.4255436509827362,-0.536841789807118,3.4271473138915654,4.647012746471798,0.7148583607554488,-0.4241578302955735,-2.8162671290030312,1.8087201649739684,-0.12209966335613931,1
1.2796947864540247,-3.638090759243436,-2.0294247067746896,1.631682976539978,-1.7988467222870141,0.34215839563608896,3.4147066665412726,0.973883618398717,-4.454580276710789,-0.9883395134357593,0
1.8004067750418842,-0.9593542442318641,1.406401311807182,2.4685153222501843,0.5317147824448993,0.1876965116791558,-2.4067281188859626,2.236762327453091,1.3350109019360992,-2.2719059091374216,1
1.583948721274501,-1.4634441443454826,-1.5099116540320598,-0.30558614381099813,2.675655630026588,1.9301720027601785,-4.646394368619941,-3.0284513735129495,5.59591110745187,3.686908876804025,1
-4.958418107154797,-1.6455059472503846,-4.517432756430518,2.1991709542869513,-3.862082808402587,0.6530732768390828,-2.1111401056040213,1.3161877993698168,-3.1717948133663945,-3.4201073445730157,0
4.37946264564358,-1.876018963502882,-1.4459224556073709,1.9955604089935963,1.8313889553588703,3.524255694640191,-1.0566151178797076,-1.6080352278081524,0.649140554525443,0.3310161856413376,1
-3.6924139570603636,-0.029492952383060933,-1.3242855823358206,-1.856870034048212,-4.4207631676019385,-2.5595441796578653,0.40894175657400056,0.06672594018196465,-3.0307446932918074,-4.348666893643349,0
-2.523700409927421,-2.968044478110006,0.2744632604488926,3.3553909454158237,-0.7591172690183796,1.87245006782176,2.3279684318006693,2.6809874499293196,-0.02435098487094045,-3.2373885712348835,0
-2.510694935341414,-0.5159398057643192,-0.45747561324994535,3.2804310573227387,-1.733174176361388,1.5723032565541368,3.3345940946315205,-0.9089671473478025,-2.5740774528668275,-2.3966174274492844,0
-7.186144292145422,-0.40629830558635893,-0.8976838025692537,2.4633422676422407,-1.1365909607952673,2.2310102390989393,1.4207697638359553,-0.088776644984351,0.19044174024038663,-4.89810268292202,0
-4.768732351699292,-0.13976175927025625,-3.382007125951774,1.1832908755940554,-2.7754462483488602,3.0638677727066295,0.750421642887299,4.071045976529244,-0.0955623432113537,-1.3235216611877791,0
0.896962724902306,-3.6463394860114784,-3.8841729046374667,5.08521661576012,2.4258371926356332,-0.5965464246434715,-0.7095095775082769,-2.1924336672586455,1.4898112972951858,2.3007839681591573,1
-6.302720593669154,-1.1924835400625633,-4.100686353206942,5.036611641111155,-0.3024358623285355,2.067609904020589,-1.326049012290988,2.073003131214042,0.871289222997012,-3.5023882250795833,0
1.9149092171825346,-2.2782773824898843,-2.774895242747113,1.4284799477572343,1.3856925680914758,2.45537906847194,-0.8502217274368622,-2.251720676801117,0.9534467731007539,3.1700622397979807,1
0.8838704695337327,-2.041300307448839,-3.4875820292576636,2.5470642408583064,0.48920734538725985,0.9330148635233839,-2.5730159944358624,-1.0028048727125851,1.2456206587382685,0.8691801505248853,1
1.1441284569637267,0.7017675474377696,-0.9405195871515799,1.1185968535315187,0.43114464797255025,2.336946928925998,-3.7930639145770746,-0.6501223887377692,0.6695851576441838,1.2196419574326045,1
0.3960645263550626,-0.3804965441171393,-0.9454889680067613,5.328243908670286,0.7791887956389076,1.4740266166157454,2.0136892727446596,3.2128593623369497,1.7451760938092788,-2.189317154335195,0
-0.997886583768044,1.2451791699870873,-0.8458877995282417,0.4157483369359747,-2.9799716149065274,2.530013247317508,3.2635098687759063,3.540950982178087,-0.9301354681679626,-1.0438742173452975,0
-4.80702512053262,-3.775683595305927,-1.1196054457650126,5.487002280110648,-1.8081949787675788,1.6177524056475083,-0.23180079049026547,1.4381788595317284,-1.5765654015463477,-5.593902979899617,0
-3.4393307170683434,-2.7267596483309635,-2.972679141623488,0.5834433665065728,-3.97318203278268,2.4056161468809396,1.5802174251366612,1.1521558494363746,-4.347813597449958,-4.388534883662356,0
-0.9822066116376607,-1.807428185910607,-2.879020035267741,4.174111259785597,2.9663509932865666,0.9976571213914993,-2.211270767113869,-4.625989406329129,0.559330485154955,4.249997635373927,1
2.5062676567136903,-2.191015832422681,-4.010475885779915,4.132273285362878,2.419908727327943,1.0058192977732014,-1.6206437305475643,-3.2742454641372394,2.7705308676440383,1.1896830277793837,1
-1.6808767237473194,-3.626696540708674,-1.2902413165101096,3.5641173550892953,0.6599178471004263,1.649211281489499,2.4491370652324673,1.2323135721709364,-1.4367268691614714,-2.2716080107124452,0
4.281011543123725,-2.484842288681797,-2.1695068562000834,1.550488115631788,2.0912273841915683,1.0782328762818953,-0.4269484290265495,-3.234923957325739,2.789917877565199,4.281096503941538,1
-1.902126524619649,2.575868867625111,-5.543328434676049,2.6417171845168337,-0.6286737889022131,2.5717756956385767,0.059594808659489296,2.8631566110855617,0.11057807465334513,1.3447690438708801,0
-2.891646338525956,-3.0923900479526303,-1.5844337631838692,3.5623075523555188,-1.6503781860161053,1.9825774499796072,3.140709635555589,0.2635835217288016,-2.938302925891592,-3.74741967386372,0
1.4116386542484678,-0.7855472807950956,-1.4130592364739945,0.7156880455114478,-0.6990507682089961,1.1056609019339283,2.0829374077909852,-0.010929161205594173,-2.3294663476590705,0.7393259028229382,0
-3.285603048010961,1.3364040202046361,-3.2749587550996857,2.7797165847720144,-3.179695921113355,5.818607085948804,0.914518567274037,6.23721979271784,1.8073146365898127,-0.31540868914867737,0
-4.30067814697208,-2.630490709873618,-3.421898611261291,4.26510544450319,-2.295851867354933,4.944808017558676,0.7276791737234152,5.702622110096156,0.45049236545867144,-4.62162775962157,0
1.650543130251546,-0.8931513309677557,-0.9756131230123386,2.515841622768739,2.3283098217142237,-0.11587687885531262,-3.76663121475772,-3.2555837271677897,2.9189762791792124,0.8389797082800148,1
0.3730632053009204,0.010449235346102093,-1.3185689226156045,1.4057566053482227,3.244385706298458,2.104166550993924,-3.262644926760051,0.15616789015510513,3.1382184552837824,-1.9745711432411124,1
0.14440004073143498,-1.7036941646933799,-0.19408581228082578,2.7537617973772353,3.8326071567735296,-0.18362595488650824,-3.629298499472929,-2.0263741484367976,4.746886961624938,0.044758576550248064,1
-0.9267456439292063,-0.19619717357320976,-2.724293431364849,2.6113390759788104,-2.3513924851943693,2.3646521666885754,2.386273575048696,6.759093429938031,1.422927215967292,-2.14408386259101,0
-0.6600743157167992,-1.321285784406894,-0.3797768674958768,0.5758199666627262,2.1795053340670054,2.6013877244186343,-5.42026441217008,0.07327987182471851,3.344430313388934,2.8570826389146227,1
2.678446915157498,-2.9381069569181846,-3.6311945967193657,0.8877785453443827,1.9772021804141446,1.246211905896356,-0.6016122581075141,-4.490739713240031,3.0234786855784836,6.253746572817048,1
0.9613089609424421,-1.5487603116378656,-0.6936893365259118,4.2504817793651295,2.473106081910973,0.6734581216208757,-3.314927439926606,-3.2236108955896454,1.0421047902590437,1.667369149562722,1
0.6136446344458402,-1.424031116422737,-2.049875905050154,0.6841004917306981,1.673654242073069,0.16897919573789966,-3.485578856245194,-2.241488750070009,2.946464076751314,2.5138088661109705,1
-5.334280290606921,-0.8719599004405902,-1.263233351820467,0.4369175526793252,-3.327529172840147,-0.21580196052481604,0.3094239484705117,1.337429203658028,-1.8708455903845707,-5.1615569735123366,0
-1.003583502746194,-2.6496344820249345,-0.9345219155723239,3.890899803049356,-1.6034353611561376,3.0611515316029827,3.693841297268092,1.731287149699475,-1.9875823367654297,-2.5807523242460144,0
3.8530960773638308,-0.3306381675265939,-1.1400595895882157,-0.253913118402711,0.6786529572174864,3.1230016263874534,-3.037492468142079,-1.5888744025419956,2.867994004924942,0.6333966387544407,1
1.4925165341307953,-0.5577593602022033,-0.25083346627178615,-0.0032333958188086598,1.8855714275374234,3.4631434326820516,-3.2556308407144687,-3.157052153984253,1.9039715376647257,5.1559659907872195,1
-2.233359535696391,-5.347878462924495,-3.1029185076554953,1.256548107142622,-4.719073744886069,3.6100723604958587,3.3291658245348525,1.0022171116774574,-7.728334589657574,-4.075120840220686,0
-1.190944727579569,-0.781883609034806,0.7772952239917603,2.602466188409652,2.3425325244218156,3.4574046621638796,-4.244757821109756,1.238357299411394,0.01907533763583613,-1.0604800654077198,1
2.8570738402713216,1.1253526243150676,0.7371862515233865,-0.9376578785014913,-1.1727260319393173,2.6668009044235284,-3.1806076313219718,0.20308947956921086,0.8256520927076714,1.109286612198706,1
1.6199288386587078,-2.597095923715976,-5.581002905482537,0.045044856175547876,0.8786322330157827,1.5651884936463318,1.036004978996048,-1.9634292231577828,2.5549817340785195,3.9822071137745634,1
-0.459726130474464,-1.0818861078982502,-2.2578416315669854,0.4821042956523338,1.000517305307664,2.6198260448032755,-2.3874742007437115,-3.230630971274964,0.13416682601859065,3.648689868401095,1
5.801465030003335,-1.2548603952175799,-1.6598700191565703,1.4591150914704638,0.38724337299127876,1.0099754258500113,0.664565361915165,-0.14690629090851104,1.8390265327994029,-0.1216159929724232,1
-5.431367851585804,-3.457784243678502,-1.0806001183171663,5.09508995898776,-1.4487586267265256,5.108591397251359,3.5923699587414246,4.190305215519123,-0.8628240541311134,-5.215914593478834,0
-6.797817704974766,0.9233195253787034,-3.025261257102236,2.961320091874499,-2.1163202657238926,2.078470343765414,-0.09057007403054751,2.5300699787763206,1.0398907902167132,-5.121653983023373,0
-3.034112491403273,-2.052274195097576,-3.5263627418076045,3.409195571860907,-1.2689804770712318,4.809205596455172,4.25164479187905,4.180226528047385,-1.507033985996867,-1.2427555192639492,0
1.6394711292694795,-1.0627807341235807,-3.5709033117396487,-0.7542608179449952,2.054638006523169,1.9607432542081333,-2.4298002072749583,-4.158126874628474,4.250750301513166,6.155414693569568,1
4.761428705801659,-2.8246103955189694,-0.9104204920609136,2.459730395452641,2.8446238969407083,0.7242300566988966,-0.8320618247554787,-2.285273840765385,3.6797021477187677,1.9122050261518786,1
-0.9897799336576607,-3.9509785229822008,-1.8659489993134877,1.0014675076676585,-3.474244853029897,-1.1040908918755536,2.702898921513021,-0.3176177391729742,-5.787466324568665,-4.615678309729006,0
2.1217236976835383,-3.19267283296058,-4.547910846757539,1.8189659717839854,1.123603973289296,1.8014188419156918,0.25249389316327786,-3.2665928102592034,0.6432426488398229,3.8568882773491926,1
-1.6347522102952121,-4.7482444402312485,1.4357622819423015,0.013257368206319509,-3.3232931862561537,0.9578281699656392,2.078338042976974,-0.8276785110347658,-3.8594003090371185,-1.6482733438015815,0
0.5747968489525528,-0.8387004562629932,-0.07051524673978093,1.7054127171317752,-1.0277621879504815,-0.8146390404651376,0.915500129246335,1.635463185403135,-0.03291744699454302,-1.910089504518117,0
-0.11416098851020817,-4.459017828419919,-3.6785047032982936,3.785165911627449,0.27127216116881847,2.8415407373293498,1.3632243623154436,7.082324168421748,-0.4829248176558658,0.25406243380200877,0
0.5391560753075988,-1.4457813698809927,-1.3927821011503283,2.1966903289361843,0.8122986426606524,-1.2546797187821843,-2.093320603007151,1.556691320692539,2.157152145880959,-1.278118794911999,1
-6.32623689826062,-2.8922444705550863,-1.461047616387046,-2.4895063962025983,-7.0282204140193105,-1.0032241569876894,-0.3376312727846762,0.4695331365546007,-6.064149465968435,-6.649787667119549,0
0.5567965070388639,-3.1433424449013194,-0.015632708968631448,4.488822357958904,3.505262494682649,2.6814732876748457,-1.7694255138290302,-1.271089086599319,0.13513362475181445,-0.09214955026867644,1
4.1902696475163825,-3.8365627554643043,-3.516863733420003,4.403446591046027,4.538158643935981,1.8726687698043676,-0.6099690684177457,-6.367647796854384,2.536556859061289,4.29342091712048,1
-0.6289649952197953,-2.362685009746491,-2.437711571508211,0.14975666947697186,2.666266263151517,2.7267955526190386,-4.37584536017569,-4.435366533758271,3.8434155095536484,5.892652094293784,1
3.896771633010351,-3.02593847446723,-2.8284486094494423,4.146049737533252,2.4594282109577232,2.2732628454266446,-0.33179759361239514,-1.935936390291412,0.8523286708981848,0.9949935690130955,1
3.8375017903510535,-2.205457538275794,-2.3124093089175908,0.9585311738753977,2.5310262795721754,4.388151300558214,-0.19745612133450807,-3.190869652970103,0.5972443316434828,4.912870184907152,1
-4.677226641937014,-3.5725009518670707,-0.7996305515164874,2.79347712400117,-1.5436232696995127,1.7991262761273892,1.075955168261904,1.1542559450724723,-1.6400731694995025,-3.2878157652752162,0
-3.8122575832965113,-6.868415738785945,0.2879929806441748,1.1394704952648058,-3.1880967725427496,2.687710699769352,3.9762164332005954,2.8177894179489344,-4.082832838457686,-4.6672162503514265,0
-0.42664733233585084,-2.1135483923928544,-4.10523939559419,2.78151065307363,3.3804487189248604,0.3654363723543437,-3.9201012826899593,-3.5343526058346733,5.47198086578872,0.27774122941684576,1
-0.5599387803915583,-1.1565303413746115,-0.7826816369490757,2.3475210319870463,3.2703283949633812,1.3434236079950175,-5.381256186498356,-2.7105778724494307,3.0014004972047275,2.017919532420717,1
-5.026391611642296,-1.241484333928618,-2.784113580645158,5.191782675340832,0.018478658968084094,2.2671020384307887,-0.7214714014969776,2.7281677300420757,1.1407314225613132,-4.283328533005182,0
-0.258240150566007,-0.7335668496520209,-1.3183999770599661,3.53125586658614,1.4405955732518083,0.1098158871920043,-2.0480090541794125,-0.9114429854910462,-0.6245436354891525,-0.8120481418793157,1
3.0682475039508965,-1.8472936583367148,-1.3589702744710763,2.240372350047871,2.3100663857286827,0.168131398273339,-0.05844022987431163,-2.735842018026661,2.142825870827768,3.85760403128749,1
0.35576239569397283,-0.2429990237295654,-1.7819488311343967,-0.26351868587379323,-0.3754031584692319,1.99336593053091,-2.5890635722026447,0.5365741832700577,0.9586883509182702,2.406226363881248,1
1.149896704320517,-1.430766670270006,-2.4765848041637364,4.349546147921474,0.5816528295816255,0.211679246002193,-0.8361283536987403,-0.0827668442595757,-1.2266439337521873,-0.7325416619768714,1
3.138773608862693,-3.1483748722463627,-2.18631286214282,3.6976067547576905,1.1721751646226741,0.14160980941810197,0.8661435392021177,-2.4050369420203097,-0.9682790010331734,2.437929879718987,1
0.7052443496255121,-3.1322436644495686,-0.6072710122849727,0.5333713562141478,-1.1501577900361346,4.029821105686864,6.583769770300661,2.1237844810926374,-4.33994979911568,2.5201635837864806,0
3.3510682429811824,-2.2287924523498512,-2.4360547329124533,0.9511850850990664,0.6794446902982403,1.2919805157661244,-0.8373287125474942,-2.674701248443721,1.9919962601809023,3.770646785914714,1
-5.010431916278498,-2.8136005767330916,-1.779835735164707,4.149120672072409,-0.7175360578750019,1.5111300061833526,1.5284611975215026,-0.14106054016119485,-2.629642205121871,-2.7890506440625327,0
-1.6443318829017863,0.643254026625188,-4.042080601865186,2.37968945465648,-2.227888262812303,2.245295871641777,0.8233306404007188,2.9770964797621007,-0.11396866420811325,-1.4582297851420392,0
-1.4183192762984533,-3.7198671580836304,-0.9887762835325038,3.520784152618014,-0.3176042127297043,1.0829203864178738,2.000834690062022,0.1363390896984049,-2.2463097891257098,-2.303030124931756,0
2.3847719562156118,-4.080584631626047,-2.9023888495849732,4.352730387149302,1.8852335877867017,1.3934926446550637,-0.5508252063941648,-2.186356550385847,0.46618977209966994,1.8527808635611123,1
-1.7602269765093421,-2.567045653424874,-5.665704982508499,1.1855343754929015,-1.1691174883766071,0.25000392759110435,-0.490325845582118,1.2664580563285992,-3.1193099366590564,-2.929492045787542,0
-1.3857104848280613,1.4147257719271016,-6.633577382796312,3.0751823119336503,0.401168469069769,5.440951122219076,2.727138675687231,1.9912054652344269,-1.093834185548486,3.3774723088389615,0
-5.542176461488422,-1.7826133648685425,-4.732325474080406,3.6396644275159025,-0.42004547037132633,3.876613390213139,-0.26086979754315953,2.955742989795155,-0.3809868782045982,-2.14550307420765,0
-4.959399849170904,-0.7936963565142561,-1.8411503999142056,2.3273548895382015,-3.7744376498916683,4.476351385919468,3.627108521236347,4.788295053337756,-0.19739324010930903,-3.797070230379922,0
3.359685904433478,-3.071967916917486,-4.45856267440816,0.0392314396202067,2.0285943786692058,3.705452133948153,-0.941755402450893,-2.597741065707783,3.3578349006118176,3.3048551713636525,1
2.548648478579556,-3.201279403255591,-2.2021632157323787,3.651152341770926,2.5838804365229056,0.7094230507028547,-2.6396470213558425,-2.1220562190213723,2.7977995920269727,-0.20465755726492407,1
2.2141126750948694,-3.032012794660505,-2.834372134728884,3.701104222497078,1.3119983070048502,2.776231065145912,-0.5028624242505897,-1.8807786142342764,-0.9413315056450391,1.670568975968445,1
3.0840556382450117,0.709845394896393,-2.024168523139421,-1.8944546566471412,-0.9565077735167269,4.243136101111812,-1.0712785027159057,-0.5451658972556728,1.8267909812174705,1.8177596426783056,1
3.8144020749717846,-2.200597390133437,-2.8540729546713295,1.0144865016198208,1.0423144348216913,4.572771816854914,-0.7101277920670499,-0.9863464711309435,2.048755883160719,1.1443042579230605,1
-2.121810132245261,-1.2465813064007296,-1.6141031961913948,1.3267510852843358,1.602769883433182,-0.14364433134003063,-4.984899943587299,1.4990297821996972,2.6607651649384927,0.6107907938819721,1
0.6557413844940165,-1.8088494369222494,-4.10817966663209,4.5346650382457465,2.479507383354883,3.9250101085784097,-1.8224777695285233,-0.5379778457186795,0.15432693936652586,-0.44862492308236623,1
-0.6832013809694728,-4.644342807389573,0.1960993998889924,3.7367204958801405,0.38133493537231455,-0.5577130844640097,-0.7622475998838798,-0.10016069788872661,-0.6377809928070095,-2.835534525647489,0
1.864938047559545,0.4990828844793098,-1.2751920540008568,0.3028833583109807,1.8748987346564903,2.4804751488724714,-3.7460544705465084,-0.7146034218868762,3.094772150116506,-0.2470627019090288,1
4.433065467144575,-3.7062358157086663,-3.0559108636070427,1.0180437007729144,1.8667544782590821,3.1308790877055444,-1.9266859638660732,-1.7487153883036197,4.053264890708396,1.356414366766522,1
-1.7892115127946595,-1.3775722122216938,-4.523506821593018,4.011633796944135,-1.9889468659383895,2.118601710061509,1.382608183668054,3.4857002201376304,-2.328473127187663,-3.3277214772109183,0
-1.4918659501469103,-2.5638578927889304,-1.992625533463265,3.5710529881353046,-1.4091486218428155,3.1000474664633435,1.226954224382422,5.434594393892798,0.8095955233305503,-3.262888832733462,0
2.2587126463484095,-1.3068821291550978,-1.3202931017980992,2.245511567251282,-1.1138639456197372,4.9599068173732235,3.3957952746747573,2.976613193724105,-0.5470328541076039,2.133326331066028,0
-2.1099090668584433,-2.10108549694477,-3.131515811035493,2.9638575388364075,0.3366239105140951,3.265307041165209,0.7634732501445236,0.860037196023623,-0.8477170644839231,-1.71840450454805,0
1.321229822662517,-2.0990332407091357,-1.1592320852417382,5.43529966108013,2.5049943462086803,-1.7115443014223621,-1.6460886411918838,-1.5146094030736905,2.1290603263098165,-1.4834824070428185,1
2.48977329266466,-3.5509898391113746,-5.378643562780153,5.379034196240714,2.632736815340629,1.528805275015273,0.7589723311200491,-4.358413978224181,-1.1549943892386874,1.776527997118313,1
-2.1153939378479425,-2.347439534210689,-2.284785606112518,-1.0789558976070377,-1.0159165933459433,-2.25698151454122,-0.06627830664156065,-3.09293602496206,-4.545480211751638,-1.7464524543998945,0
6.360857453065658,-2.981993484943301,-2.1397927169280972,1.8247725310722487,3.4225840779544052,2.2855801214086493,0.06233333653828543,-7.030564605880791,3.141514230060489,6.82728599294293,1
3.0652663615043414,-3.1191146713543914,-4.0293017253678665,4.242825552667882,0.7820365403121254,-2.539130970095144,-0.15755137608109937,-3.0533868608800203,2.1608821367679383,1.558094380156421,1
-1.4095555592741575,-3.642212978176709,-3.2004726825703704,1.252358156740957,-3.351685203049509,2.1729250806743576,1.5749171250502605,3.319662602977141,-2.966709568207499,-4.123186691549385,0
3.689864080753567,-2.872930573131095,-3.0449185843883164,1.3816864698976805,1.439265010255654,2.2921383751159796,-0.7715175532286753,-3.9809426834285153,2.064242717713191,6.463559350661774,1
2.647379469413228,-4.732385191484662,-4.309321785246727,4.954449611946428,4.9094378473820965,3.5495544734114666,1.644348861121263,-2.7830796882089115,-0.061541253709781696,1.9266020569186524,1
-3.19774664353051,-1.8572321148230462,-1.9969312007184512,2.007378141389708,-0.8388707893231113,1.1880974543669591,3.2350630029172383,1.4078685328121012,-2.5105547668292783,-1.734679680417475,0
-0.0059672020987677765,-5.279545230574099,1.7116980977592728,1.007333230899776,-2.3184013600438553,3.2111859097793687,4.3107731276904975,3.276553282674384,-0.9531608847816244,-2.4906111330022966,0
3.280068161700533,-0.7367664913473684,-2.5405183405193457,2.923831832495347,1.461571822600702,2.154275950933167,-0.9409304245056638,0.3154218697057609,1.2582035844824446,-1.513334946224171,1
1.6352311587675203,0.17142420218928667,-1.4114640047645808,-3.7449226588626594,1.665348223789725,4.984293480820141,-3.322923770952878,-2.178296823913592,3.964947568072298,4.992837313805571,1
2.2278933150418605,-4.221942058210601,-4.327210909820111,2.996291783983885,1.5580943044550952,2.1150001262829314,-0.26252188502308393,-2.3571945909230694,0.1844645280647781,3.7296956751027412,1
2.5936136330720196,-2.513623493843745,-2.802954789653948,2.1174032505963654,2.0916866299904595,4.86474305205564,-1.0564827673470218,-3.100622021562107,-0.6896637678423319,5.5647633352157175,1
2.2863888077433803,-0.6161777434096167,-0.5980987678330247,-0.39310036771618373,0.13844191838040265,4.463891174880989,-2.396597555225625,2.002735488510959,0.7471541768164067,-0.9704899348502773,1
2.5843228442296904,-0.32423580579561695,-1.2984960384928244,0.7965524607862633,2.299119990894938,3.7747730685912853,-0.5240063001404147,-0.8278439743113497,0.1299741395742413,1.5124715532889184,1
-0.6562307928244939,-0.7951107404810178,-5.375394641525613,3.0213447198424177,-2.413858339832373,5.718009108166996,3.73670744184414,9.193283515745268,0.8288675617516628,0.10373479815737507,0
-5.257618240446478,-5.168159953543121,0.6730491530080931,0.32275647212542746,-3.481799334273822,-4.19543271365902,-2.4622171167301676,-0.8292147398077812,-2.948928131438708,-8.300351190728808,0
-0.9100346226068441,-4.2601238963362835,-1.49813876528904,3.7063320281660292,-0.4189181276559424,1.472082194004293,1.2551090461286356,2.311726279135565,-2.2013575415587976,-2.5302254881239645,0
2.607209773440885,-3.8095960241023334,-2.4922543469490304,3.7656531056580564,4.130985303659497,3.256528224616149,-1.9261122222595701,-3.375335378950321,2.569137617514876,4.005551868516102,1
0.7083175395156269,-0.8162998348269261,-0.09486077005691862,-1.0962375154782853,-3.372944997736862,1.8972951029149119,3.083162341345121,2.828486250219504,-2.2222249202550497,0.21022524377875973,0
0.6591594719077625,-0.484716987279338,-0.23029951485574074,0.38516510775888446,-2.4080647857540747,3.1604546546842647,5.183239230289032,2.4291676925106844,-1.8904228931746163,0.05065614964308818,0
1.3665527936946482,-0.4955538750694948,-1.7573637755208542,-1.3712309837939136,-0.12967520332286941,3.5997487290623202,-3.4669419231711514,-3.3957571461654,2.276323229841863,5.0700651274323425,1
-1.543766189145534,-3.7481786869937466,-0.39014280083274655,-3.0374062122777135,-4.351892369370779,-2.6670248754451737,0.22288286606934626,-2.6796375797301835,-6.2673619631892805,-2.0607961822701664,0
0.8809840883084004,-4.891716249398526,-0.5410821863949453,3.0957018998214334,-1.5385023008593046,0.5776308304571158,4.091344683732478,2.5061947294026203,-4.21274513617286,-2.9872585469025177,0
-1.2278820090763434,-4.814177939645328,-1.7274395584321778,1.6079257017504922,-2.193457524772972,3.6739666245116087,2.7814706975307053,3.2824396477724607,-2.579232872098501,-2.7559635997789282,0
4.285293422961141,-2.8449185217861106,-5.2540345846193794,3.149695427685132,2.6077387425078773,0.39371338979863624,-0.22961016239170373,-4.756339655651479,3.067666594168367,2.7569398465208246,1
2.936670493405687,-0.6419677834372732,-1.96753930453038,0.5906465423506646,1.2577386111293611,-0.7132949541078473,-2.180901298917749,-0.08077479064957127,4.58116194159657,1.5667948733044952,1
1.5274044052522848,0.21468744106671922,-4.318959734157298,1.584149659565406,-1.7577737537750358,3.69888829285252,4.566372071212365,3.858176442217059,-1.3682504210883517,2.061392516392668,0
0.10798679144979983,-0.008801931594028645,-3.470992519339517,0.1607260287169141,1.4746246391375206,0.07084875944414781,-1.8814855672332191,-2.816209766162914,1.905514122690306,2.7896048491969307,1
1.6446301629042728,-2.9210688669731937,-4.17915942839005,5.536781737788356,1.5987987617169885,1.5196873652499885,0.28191246004178616,-0.9815758607364731,-2.119858510798065,1.261454722274962,1
1.6668763970100846,-1.1660037360284468,-0.30199566671499745,0.611606742795263,1.1961903848403064,1.5941616213167866,-2.6484102488897583,-3.978199080237202,1.1200799291486148,6.4143551911781715,1
-1.5643078260665109,-2.2976446353321913,-0.8856524471847447,-1.3945872481424164,-4.005532345262931,2.551259034716959,4.233925801521019,3.302700038916855,-3.098074097285482,-0.42790283376963334,0
-2.036209745900425,1.4538830396159348,-4.098193839079796,2.449291404135971,-0.6228800437822968,3.401585256536078,0.17302100098868745,2.5970530534895606,0.7414058018600569,0.7780115439727506,0
3.7347615477483886,-2.3058276595653653,-3.591694986362068,1.4658149840338939,0.6242765137341795,1.0903963485038979,-0.1702010564051617,-1.5984032465569906,1.8094003864703916,2.373423839822821,1
4.331165241844573,-3.817404148712442,-2.6657131471498685,-0.3914254822060057,3.2078631544590603,5.780877797768106,-1.5475330579855067,-2.147856832844601,4.8905790498576565,3.3108093699157406,1
3.590409825284033,-1.6535935616659752,1.6633969213449453,-0.1242018999873502,2.4349121309185993,2.59678088897618,-2.846918914171754,-3.188852811257042,3.5626504165063926,3.496534934595246,1
-2.1473212974136784,-0.3998166502597751,-1.113559093220327,4.23847992280875,-2.1318513879139753,3.9206342238734377,3.69730532768774,5.511712023345308,0.2331462528938424,-1.4151936494219692,0
0.5230516762816666,-0.43423359424323427,-2.3184221370847973,0.37185525485844373,2.955365811017213,4.5794351882906295,-2.002728498236989,-1.0333362204661463,0.9890505467081327,1.594391066223299,1
-1.3980302085779739,0.7906665924123515,-1.3409346647643627,1.6336601764085539,2.520001138154787,0.8037778931425585,-5.574825700335878,-2.8995234987696064,1.8762387957897027,2.0095134944624222,1
1.3564878026992597,-0.8569337866114777,-3.3683752319372573,1.1053244296280742,2.4236679203820835,2.2139809978144886,-0.6698891028977334,-3.867664834858443,0.9791274796158231,3.5996942819626385,1
-1.3966289128673572,0.08928331604564033,-1.7475486062417394,-0.6892744095020484,-2.9450300790490087,-1.8003572513413197,0.27019897262132875,1.8106528082961575,-1.8398657417195043,-3.1545803394573806,0
-1.9565313641573094,-2.3125190285648998,0.7172677206002671,0.6300898842346649,-1.7202050930494348,0.13334278375498143,2.084157034733093,0.6174296691891936,-1.5011903193772944,-2.5647935858156314,0
2.2105476734892364,0.3583411457585086,-0.7909814183664516,2.5392090482693437,2.1846355387676306,0.14381024212803606,-2.6203911048611057,-1.0655942118828037,1.9823192533829717,-0.28903088233028207,1
-1.7932768303567013,-1.3759591678771192,-2.5660002948824254,0.8178409203069532,-2.9848582384071634,-1.6742821254501319,0.012220775140713291,1.5038884040243121,-2.283282850977162,-4.032314715555033,0
1.489258034397313,-1.6888465811026474,-0.04242375091219075,0.8957206887444105,1.6003326502816737,0.6897787835939726,-2.840477096674395,-0.7735550652706773,1.6624042638761303,2.0867022713027223,1
1.3832178883172586,2.014071498851962,-1.9545977933171181,0.11706404126843073,-0.06043487586452523,3.869954654094551,-3.1757369098613104,-0.022259782373159398,0.16668220013541823,-0.14269477439271805,1
3.8394990094188537,-2.3730878941072895,-3.6801980864651522,0.5267729082066044,3.625674991641938,2.2680036811298665,-0.7143077500154966,-3.7066129614049013,3.848894887998126,3.7432943896132893,1
-3.8585105455150135,-1.780093565506232,-3.324328343855388,2.5066402086364468,-3.5712130960809927,6.432205140099434,2.6413446984545113,3.4978238562022,-2.7685963913302003,-2.9788624938457207,0
-0.07468679935332068,-1.4559819830402412,-2.23958652501232,1.7990086514606882,-1.702082314437806,2.938503300805588,1.3368032889725465,-1.4952273227352904,-3.3283284125597827,-1.5218774315988737,0
-1.5187492327047867,-7.794271340700149,3.0348510908438824,1.345021530328866,-1.146074444259653,2.174476803197679,5.771126967273293,2.0365034980110797,-4.016664739073737,-2.7371682698454083,0
-2.9153217859668707,-1.975800912286817,-0.34636056712154284,2.7269704094279392,-0.6048220233030392,4.0762525943059575,3.349481815644955,0.19480762006344365,-1.3566268589155572,0.032903416488153425,0
4.476861484971524,-3.2631238171978483,-0.32714439938461926,-0.279312598343306,2.7428610459184197,2.475352933921527,-2.601562773377998,-1.5739370459340654,6.903916707273623,2.6062083180711864,1
0.9711198025254686,-1.372344532711058,1.9026470132399043,1.223025867815001,3.4585799879342867,0.9007363070961778,-3.7340695498855783,-1.6118891411667962,3.5259727930771683,2.6468352701602305,1
0.25739184974160123,-0.7440253097835163,-3.4871827619974303,2.0079190848767112,0.14500750270691642,0.8919724145501742,-1.7962654224291135,0.6753923593755098,0.9263840712847065,-2.9056266954243757,1
1.6935530670609822,-2.6671282038958433,0.858175854495423,3.8896539548438875,4.474708821463137,2.6433024786000625,-2.7745887441892334,-1.7020712823296553,1.115172392503744,0.5857651197437641,1
-4.437989588974444,-1.1392724718578158,-0.16920953863294508,-0.046740651044056225,-3.6804967871169354,0.0745838589223955,0.5461898511290362,-1.4421295140433843,-3.1813000274924805,-3.1223024733897744,0
-2.12691511485867,0.9283638509302201,-3.264014890756507,-0.061260058032319264,-3.3706083956639583,0.09061715229152911,-0.36229724233156313,-1.5788233244328218,-3.272959603004567,-2.384540321519774,0
-4.46439810645428,-2.397461343686376,-2.06628307736987,2.3623552520515543,-0.6351339026207556,2.2451424732121166,2.4683382403340883,0.47051170102217355,-3.1624270783352673,-2.12563044978868,0
3.8107055123161073,-5.32110824292112,-0.6958336023740617,4.955150269486139,5.201020363296685,5.276813869728374,-1.945021618374757,-4.153471255781366,2.6358863319610535,2.2219155075431583,1
-3.3373233683749044,-4.629639480517908,1.0918994915440399,2.998419858414079,-0.6540626394563342,2.8540822402444985,1.938477682817513,0.8459870739332158,-0.14803059740385138,-2.3743950621275776,0
-1.9068633934338572,-0.8448378608325255,-4.955453946128868,3.845229925158695,0.17620713309075242,2.7876123269070923,0.4670647065235578,1.870207392208568,-1.0736214607221763,-1.325587338251641,0
1.925611051779328,-1.9792995386914842,-1.4296418391762558,3.620692532487972,2.425689214561676,2.036443694244115,-0.6794821667222344,-1.8896518137397078,-0.9949691449746698,1.6872610921199451,1
3.0417304606716518,0.30985045074583795,-1.9353696830551206,-1.73236492828542,1.8994719740299812,3.6964182289576373,-3.301701753393239,-1.8123510201904631,4.901472556419643,1.4401241568599537,1
-0.780976159144346,0.5196878401859069,-0.9860372438537688,-0.9790244194320827,0.3184405788556477,3.0141769919294616,-3.45992210901007,-0.3723322542012504,-0.7252659892614886,3.30950101106475,1
0.31190931698345103,-3.07446905001317,-0.5430080893140727,2.3616522156725503,3.82514527639655,1.5881659478289798,-3.485109256020851,-1.6094341605073312,3.9397369741990227,1.8028654601142182,1
0.34832109725670457,-1.2409416590476297,-2.8745543259267876,2.964692601337234,1.9200762131548992,-2.536371009143295,-1.8754416544854073,-3.2861421215582016,1.82688221980906,3.072021634211497,1
-2.758384491169968,-1.2668986002566531,-3.1442306889151617,-1.1258493936076106,-3.895386949308543,-0.7911350277181111,1.6873030349061873,1.0854493108203702,-4.879859203342929,-2.5765428096643928,0
-5.963590997112496,0.1749067392146797,-2.232850802569173,0.7166586111645639,-3.292916821145307,0.027324644508057938,-1.9960480441862685,0.709701658060585,-0.7904729006534519,-3.431286934157987,0
-5.872900457671266,-3.8962918367466846,-0.6112807344724569,6.982270959956949,-1.1711395297962166,4.648993815556061,0.09099605647978937,3.8876102932322967,1.3465378282154021,-4.8689196595385935,0
2.68730256391243,-4.158918141145163,-2.5844058867451176,3.7466620417452967,3.661992800456291,3.6794306504439356,-0.175067408917851,-4.263331377045056,1.524538182948304,5.223969730268248,1
1.6049507897919737,-2.12588985865696,-2.668225573691779,2.7508281201145888,0.29119026252377167,1.119828201277412,-0.7317083329904741,-2.07673191725901,1.3170471302577962,0.5899046625599029,1
-2.4048680810966916,-3.0388169307436153,0.2018444835323887,0.2915539706098067,-4.845988065794346,3.141056485723208,3.907288172738117,-0.0790928951545653,-5.116302984778391,-2.8124651304335937,0
3.1190519261581295,-2.3163778706271723,-2.596974322310455,0.8628724015623161,0.7524746700473834,1.9762465642465037,-1.6503831893066765,-0.8262838318081753,2.781014882027689,1.9771066342645345,1
-2.3217028726334283,-3.055376252750371,-2.3718725355450117,3.237895880814481,-3.664770556734235,4.859015573541706,3.4621153416540533,4.8116021047700475,-2.7089300579137987,-4.142625450370021,0
-0.1897380237951547,0.8209892062480297,0.4640321667906995,1.0162152374871285,-1.6473557164298356,3.6931768895638806,2.556329915759779,1.9680045036696283,0.9074383755566995,1.2792754922400613,0
2.3545947959659275,-1.50886587411045,-1.1045196831666169,1.9631023396071143,1.3477434066662402,0.7035738295105343,-1.1960451046610845,-0.07979572490649978,2.7504138550987944,-0.6031110463545866,1
-1.3829949947353468,-1.6451612585109632,-1.8463302682193574,4.226084977089746,1.2079889814500135,-0.2135220145147234,-0.8898251964883586,2.298646128353558,2.12017982807098,-1.4293716440752604,0
3.2520967902714664,-3.6215685032119582,-2.392075983975253,1.5096365235038376,2.230669717859052,7.97221094340929,-0.9992877164850622,-1.8669148107008808,-0.08749702269455462,4.403123319590682,1
6.455943184953407,-3.1181819864442337,-3.4214131794206377,2.8654095518095364,2.2486380568245337,2.1491236626455237,1.5464420993746364,-3.712500203576516,1.9286476074013732,1.619925046409199,1
-4.747092692989609,-2.3612365141162868,0.245187194269187,3.020289627172756,-4.223604831186375,1.0899641903561652,4.242206755901222,2.770711968061345,-3.64943248747053,-6.450030285392152,0
2.2095090418530905,-2.8347111723611986,-3.6646651875144824,-1.7177195857256913,-3.7633294412747125,3.0465485653676163,5.177977409014055,5.233154188956266,-5.303199235750238,1.6067283503454228,0
3.174366081754296,-4.7112774742276855,-5.408465422120621,2.8310430269313995,1.2938738482208791,2.3760343273063085,2.557593109838482,0.6573862966730855,-0.5972935335504115,0.29053950535141704,1
4.793518530624792,-3.289240865100076,-3.234221165627588,2.8259608612141593,0.8852776628021759,0.41759249173431234,1.6433587707093023,-1.199105202793439,0.8916938175866442,2.3558707257611853,1
-2.257083335631729,-0.9102792496279202,-3.7212149044551204,1.4463671376593736,-2.0662891183915333,2.2320021055571697,0.7427741695676788,0.49060700261545787,-2.1233343612537516,-2.837784622344598,0
2.689741794463669,-1.147512041782123,-1.2455149419271814,2.947608207272573,1.4064561595778808,1.4664282930840407,0.6160683639692248,-1.707330298565991,-1.8194126108294375,1.0857725609285576,1
0.6262276214581284,-3.547406240941295,-3.437363128500199,2.6420784563263773,3.335794844640434,3.2624462693860026,-1.7977575220405853,-4.792302029679731,1.2810320803291826,6.609217731402715,1
0.11629075358980057,-1.600128074686734,-3.4696025671112007,0.9321106221073114,-1.6829465617991928,1.24281212929717,2.33667696879127,2.911293153029271,-1.7210854246605236,0.9835451832931943,0
0.37008757390960056,-2.2413241069814007,-0.4750125111984882,3.7765750373229707,3.625976433427974,4.281128162570353,-5.128592785398716,-3.2014335657443835,-0.02835172734509417,4.855976308668046,1
-1.0557264979878063,-3.0743385694267644,1.0453078240726543,-0.7939884520702054,-5.360069709072159,2.247175224964532,3.8855765488649388,4.319975548162856,-2.715481765844555,-3.053290885153772,0
-0.03909877860721811,-1.4190279843734679,-1.7236176821913878,0.09764695843188798,-1.2434839796872534,-2.662455707880035,0.8210883234980835,-1.859979304879667,-3.729505034368278,-1.895396847488971,0
3.429123676591629,-2.6965529161687654,-0.7426001998456544,2.959659690574429,1.6020798965764165,1.8266273407413116,0.10968898174667929,1.4646654248570559,0.7519542559757275,-1.19240031263513,1
2.043468326644547,-2.6138962248892876,0.9073257202965772,3.8737283727167213,4.589278886389948,4.323439296482481,-2.5482602218062484,-2.2272789458464817,1.0034712248012012,1.8449832321902004,1
-0.7828493270765386,-2.2579142642203975,-3.3395381372244923,2.032730575560217,-1.8480669548777915,-0.7788576946991017,0.12606114582107253,-0.35849636768889415,-4.8147490469981715,-2.933539101578001,0
-4.581919745656301,-2.827070431122097,-1.9197542671661325,0.27269938157338824,-4.447061867499892,1.8653996241818647,1.895649699955776,2.7946926365256672,-3.6021965685236927,-3.9658481510233217,0
2.5048134899855174,-1.0801884984086612,-0.7572190916742394,1.454813316035925,2.7353235257839903,0.9788295296594851,-2.8114414386978765,-3.4570927104684994,3.51666708587228,2.148577510736519,1
1.968604887425935,-0.9890532611236562,-1.9723188518884827,0.805867367741333,-0.54376043753538,0.0061379484108383675,1.3317551310534925,2.0201976683482883,-1.026852648272075,0.580769286934407,0
-3.176245522353729,-2.6963498935333137,-2.495156853431433,1.5756967670549715,-3.9533253462548057,1.0134391469848434,3.1560198898582814,2.170345498686876,-4.199237526371288,-3.9717005415068622,0
-2.4113868697952947,-2.118470804574357,-3.721180779804403,4.213028104289438,-0.9172364031909599,2.6425787693176592,0.5127721757988362,3.7049180343584065,-0.5662050676930783,-0.5098570321954898,0
1.6733335076075364,-2.702796875493477,-0.06539017409124503,1.1296736887362586,-1.3257123994364124,2.2844602958314217,0.8920167341583094,0.16054393931716304,-1.1506815950153726,0.6844989918126045,0
0.4981053386644476,-1.900566918088747,-1.1693252894540378,2.716704653802112,3.0272665889513135,-1.353528206307049,-2.36967186869862,-3.619811034920044,3.2989760687782486,2.694465224105805,1
0.8238819975276006,1.1447373383026296,0.6046179830135454,-0.6965262826885366,1.972357471734312,3.9004183815092217,-3.7316838175051013,-0.4346597911202992,2.392185514733942,1.3076674838820537,1
-1.7407495365946377,-0.1505412379214155,-5.2204659447012105,1.951444858884182,-2.429960741413376,4.018737196702659,0.7359963806817429,5.053340143314014,-0.14412531454615585,0.7993821369087333,0
-2.8637174105228187,-0.893152785541288,-0.19507463984945117,2.269480289137624,-0.7951071813654811,1.7825250612830807,0.8663766541066369,1.7518830534702137,0.9277789904105438,0.2774536327802477,0
2.3546198934833247,-2.7995743769261576,-2.2796223588779916,0.07792101048104794,3.6139207688324277,4.039155607807787,-4.131619542363493,-2.855496279731434,5.144516880842646,5.111601254609494,1
2.1103400228662443,-2.3672862001096124,1.422726542443102,0.02419866872819698,0.6108367008022466,1.1245066221125524,-2.0730069736063172,0.06732738191126275,2.655088333454025,2.7817453230666835,1
-4.373007082054935,-1.2754815593085356,-2.4591614328598457,4.407584715920345,-2.7314920768539546,4.01420405558232,2.357833583161877,5.414127659234451,0.2248572915988274,-6.18486805550927,0
2.858447846408481,-2.8520699976006716,-4.327039535462021,0.5772609896505225,1.6468851772263904,0.8670757466291106,-2.8624776716212152,-3.9685580241082357,4.407461036880365,4.146653787523216,1
-5.237941036134583,-4.193047584156526,-3.3420352270764613,0.6872936521584649,-4.772487884733151,3.6908033530122477,1.1117736976887502,1.5820202452341072,-5.582565397076475,-3.109542140316706,0
1.4521452215355253,-0.20893340024252738,-1.7247825729327997,-0.5829109426951726,0.36180015201759463,2.0732936889183593,-2.3999955729203024,-2.144905992357566,1.8605016068234481,3.013515006749633,1
-2.351990712076231,-1.2907872308716841,-0.8790061411746479,5.4621558759419,-1.1778178035199103,4.434134340253879,3.9904292663928,4.322300569653944,0.599981927936371,-4.36632541392124,0
2.6055916146397777,-2.1781997849707198,-1.2884293648776177,1.95714797237894,1.8253691394330376,4.566638625250415,-1.1294400690228747,-1.1101071731391792,-0.3486386134118171,1.4956460368659479,1
2.8928436534198996,-2.8411411898126397,-2.8732589234066856,1.347898142932514,0.7376941610854506,2.039950831338305,1.1610306309196403,-1.259777475684555,-0.5835847651928665,3.333337326920068,1
-3.9923423333103703,-1.9025740358896577,-2.978749154231554,5.052793229333792,-1.569371545934352,3.399862163791996,2.522279219484227,4.519202953819523,-0.32108800845688057,-2.834812984081079,0
0.6932388704128982,-3.00976741678985,-0.4890558001479455,2.0997673021751955,-2.1057840336885567,2.518555845662251,2.6075534107873817,2.3769578692533724,-2.115739498228064,0.16610721275158769,0
-3.037812743764187,-1.8999281357484066,-0.8774896396267047,5.086922549892588,-2.678665942844341,7.65868503334934,3.2001505853304053,6.004971210656582,1.4859182844482,-3.356907945902214,0
1.3025698349017294,-3.594962406215347,-4.397794109369434,1.4192262555733746,2.965370680893981,-0.14381740255059938,-1.1050286470654402,-4.252229044465198,4.3413120754952494,4.607986233627657,1
0.6125527715308399,-1.3523754192671802,-1.1608808667335646,0.5829397919560237,2.4738608143033853,3.1371302093842113,-4.282526957654976,-4.12781707202989,3.4961657009826164,4.031550997857402,1
0.46892164137945347,-4.158652699598984,-2.375083514732834,6.538690942048473,4.182677809261849,0.17510206790253724,-1.1480809433143278,-7.204176821512772,-0.759161286007251,5.312911532931702,1
-1.87561792095474,-3.1787103734986286,0.41976129593257605,4.078984334930151,-0.28124344881472707,2.9564413563581726,4.030495503818483,4.022778301835547,-0.012796812217574116,-2.4351747537071113,0
-2.630268993522117,-2.862695494180752,-1.1968807898261757,-1.0815719557463677,-4.2999024557599235,1.3452419366292347,1.7718603194134157,0.43157205416957667,-4.628628490244502,-1.8359908213898537,0
0.8408155213613564,-1.6892419201013398,0.23864420280227083,3.0373359389786083,3.903359125224115,4.26892928200936,-4.016073601993899,-2.093054111493279,1.18102526259062,2.607785791061806,1
0.03274218184330002,-3.059651080785772,-2.183555878248347,5.63207646008054,2.1972894032338823,0.822392790710029,-2.4792233732956803,-1.9105934262863655,-0.9990268383289331,-0.6775229424992673,1
-2.87374728651906,-1.1114689427065283,-2.111920895892417,3.1096687210459137,-0.5887185096630245,0.7965545442274045,-0.6291128928343652,-0.12449472786399207,-1.7409763625942634,-1.6067816110827478,0
-5.008968808489928,-1.783609852089932,-2.278064731011327,1.0151628334578633,-3.2038106120253413,4.955645646265721,1.3195786166411376,4.171139052206584,-0.44099688109347834,-1.6627595858460984,0
0.4932567138088959,-5.302902985734072,-2.430562059445143,9.610685829898179,4.387439139600019,2.1139927556536673,-0.22888173928896305,-1.791560516346985,-3.2721279491774737,-1.187765610516374,1
3.1745068559939167,0.3394499763398944,-3.0062219409847777,0.003193756395024394,-2.3078651114150546,0.22154017558431738,0.15919354415992837,-0.1345104288234531,-0.506136110107696,2.5529027694538904,1
-6.6114452674813124,-1.456655733639551,-2.297750976093229,-1.0852363259989422,-4.780704509122337,2.6127395179471447,3.6462485181318254,0.8261514280450832,-4.974105451001986,-2.0026900459707617,0
0.1190531845655145,-4.470513249043281,-1.8845129769491764,0.867762928497873,-1.9307909056836796,0.36800682708341936,1.4416036152852088,3.2967392411533254,-2.3129753527468524,-2.599255703080683,0
-1.3148673125490546,-3.046714682072397,-1.6510770729398911,6.398465150613875,2.448322090996741,-0.1949064963099678,-0.877081695629385,-0.12197954657336774,-1.6896582442599843,-1.4096770690522273,1
0.3206730574229333,-2.8304375083965843,1.2246056912170205,3.1766831887816496,-0.26240542055328464,3.5029788683373217,3.138625011049355,2.8049805557941503,1.2114706686964412,-0.4554689176657991,0
3.0934206855368562,-2.76127621850934,-0.6772521423656834,1.8817358942035367,3.0214547513191867,1.5238363831639399,-2.8598208634805617,-3.5209458469455726,3.1819364832414,3.954439582179452,1
-0.36247804838511133,-2.3879248127837114,-1.144053627879737,4.840189792218409,2.6806944801755828,0.6215669080638686,-2.2768135793257684,-2.626715564670519,0.1553710606751828,1.8567716267404184,1
3.6735341738806553,-1.0975041805393109,-4.708633514849489,-2.545094451840612,-0.0049967009588502975,3.1689767265372195,-2.1357485655686186,-1.559564239335777,5.847915636672418,3.5682638820118995,1
-4.740145654886035,-1.728736943343844,-5.195061649948764,5.023644875282891,-2.512097846404072,5.780875522599226,2.9486444521872923,6.150104304943884,-0.470326952944633,-2.755600554935845,0
0.9796748012512977,-0.6076121452975913,0.5806284257604384,0.5106882559430319,1.8223293478740188,0.0669886942780098,-2.7868435147043815,-2.3150650618396105,3.2060914301855563,1.2281030669610384,1
-1.7805667085579209,-2.2170476945406694,-3.4960825145877643,0.6476624029091818,-3.907074475676407,3.0955942255092834,4.062716703470718,1.5751661270680115,-5.337504354509736,-0.3896533311956727,0
-1.137672381441389,-1.4543647401924162,-1.3035782624683132,-0.06972835357021578,-3.0543504526547247,0.5453354835866706,-0.6131883907775584,-0.22078834831147232,-3.0195690639401596,-1.1827488462383204,0
-1.2545239724796131,-0.980679313185363,-2.8352230282238633,3.4620984287819656,0.7325641951755806,3.2204779981046445,1.3312812906187343,2.728386547596341,0.7447848955357186,0.7948517167803297,0
-0.1739247646824591,-2.4899111245658396,-3.212892573203966,3.3379590763727087,0.3512097576593949,1.2191365433519903,-3.8398248401025983,0.4024433980644506,1.23760245256626,0.7021668541607762,1
2.94779062912007,0.5800560653097562,-1.9955006663980261,-0.2878452457036871,-2.7648084547211216,0.6763764000595622,2.3472533650685032,2.1884303060930406,-2.413086103588038,1.241275520218955,0
-2.498083918643874,-1.9010746177188431,-1.7130256728826918,2.574411468567142,-1.3034273915925907,0.3156288877266644,-0.8618125027429713,0.9208083491617407,-0.0018068596603288967,-1.5258804126198826,0
3.2113757351682386,-2.135377616591212,0.4328672584147135,2.0813224478927483,0.979805256824777,3.5956836333653257,-2.4221768906597205,-3.7702186206473707,-0.39217005584406506,5.562503030716821,1
2.8320612669671053,-3.9101939412418014,-2.401441593169504,1.3857990722825257,2.716252722218391,0.27225088739959324,-0.4782377026743492,-4.796078180903671,4.741623430162408,4.463121448103617,1
-3.475788452901333,-3.693083158412626,-2.4725302857323537,4.60129554223551,-0.10158839758897487,1.9768793545802246,0.31239744218793875,2.21766459236218,-0.6351331842251959,-3.9333488462272435,0
0.32727826795126025,-0.5444175807654001,2.2113986391173706,2.273156643198434,1.926160320441875,1.6682030340602902,-5.987609209100494,0.0984449696165921,2.8306439703924062,-2.7942722361724304,1
-5.572393538874946,-1.505390996629844,-3.1971341101816706,5.673122839379161,-0.5587276381102448,1.8906289136030874,-0.6486383330428218,0.16400205101774645,-1.8731673865503116,-4.7676144494795505,0
-3.7149547516353305,-4.7229309217856,0.4284126905687824,0.8221495113929296,-4.0610428055879755,3.7352687416805246,4.064468210164114,-0.24520633518158252,-5.648332520268978,-4.549789252768914,0
4.112561408952126,-3.1557973794586935,-3.353511088026707,1.3288444316646544,0.3038923525430548,3.981385457374972,-1.2217201170858305,-1.6303709442556809,2.4603309691788935,3.719910657252507,1
0.44645373370624775,0.08901928297411521,1.9535815247849606,2.967981333332567,3.711873720301768,1.247940864900279,-3.641610130710025,-1.3003085111704245,1.324014269729259,0.7194948688200788,1
-1.9183356504193938,-2.130470434915298,-4.385929572906004,3.766037770499092,-1.3253119431007594,2.739907359085996,0.369835464972458,4.8911738741202555,-0.20045491399381077,-1.3169672927333975,0
-0.6205602667717864,1.7148163503931855,-3.6883766094132504,-0.16747044486033014,-1.3184903614761119,1.3828656257889833,1.2436803555130937,1.2021493541063752,-1.0008303063878263,0.6448203059638109,0
1.717745519386868,-1.868963658205598,-0.9311559556556877,0.8177523908202007,-2.8224976412887868,2.347492375665845,3.025986715629303,4.5324447364353935,-0.9206504549916947,0.07341885714363139,0
-1.8549528803911866,-1.3721223862570877,0.6025211816897125,4.166440731539201,3.677420907390169,1.6509338734546937,-5.114621464415957,0.8617503997258815,1.7104782989369332,-1.916360375773782,1
1.8179913013095872,-1.9663016003478415,-2.864223035174139,0.13380493501935642,1.7900883649899926,3.4279343611474866,-0.9052952440837734,-0.9428907614491056,1.6164463383652174,1.67176575347181,1
-1.0913175327619933,-0.9060094502395712,-3.9261990428799303,0.6779287677756243,-3.849298690096405,-0.1318545414822152,0.39395347796339375,1.3382606102744807,-3.3827387734980157,-1.9142443468159933,0
4.680442811199275,-1.5816357572130912,-6.156753946714302,1.098136128410863,0.07227429562418175,1.8135290462344136,2.7329689841489433,-2.8787485664046475,-0.4674440467012517,3.2871472445267997,1
4.225805012960485,-1.1725897716244715,-3.159341772697614,0.851502708969547,-0.21757187028049074,1.7052826696677452,-0.5556864421315435,-4.255389913999002,1.1805096564969628,4.696511388619626,1
-6.271254284164463,0.716024931376408,-2.0245454233513933,1.274911425581422,-2.732728158222945,0.9548190010496982,0.6273457501323494,0.45353610885201046,-0.6180766593445843,-4.06491557447106,0
-4.302899934854368,-0.3642471371972118,-5.229803377913848,3.118589233476418,-1.7726358610086328,2.301211314018496,1.8494881376158891,3.6798695299238453,-1.1957361749558606,-2.5431110550663663,0
2.8100222062580835,-0.0017802081705136086,-0.08784601142336612,-0.1580202945804805,1.820796079333524,3.5242491919570145,-1.1697949421426155,-3.3398563524773532,0.13658136149039102,3.7990435469821433,1
-1.2356376653009327,-2.861690581305531,-4.237235390227389,0.10723652844965836,-6.060914284471541,2.0476353316887583,1.4870676560412903,3.7350907896258114,-5.260983660824031,-2.770575781233937,0
0.45394711836488333,-3.6579887449414983,-2.963539684925711,3.214544396426503,0.9805500350229526,-0.97951899111573,0.07665086763142615,-1.5063550218328903,0.8582312098200224,1.5793259695114592,1
4.055858960858146,-4.904620558516133,-4.295731542437504,4.240297857197017,2.487232834970662,1.4879251465909866,-0.0409224371985899,-0.03522976554456991,1.764203296915892,-0.20256060044020874,1
0.5205716481741787,-0.09294268708743081,-2.4221302854833486,3.3589936794413027,-0.0639357264846534,4.138062884856565,3.7789499294810276,2.549792852998576,-0.16540488582496704,2.0441675231615966,0
-1.252614643177392,-4.468012042849101,-3.5363287364699625,3.4501782308001534,-0.4208982347177259,3.703637985578892,1.9679668781058068,4.010030532549095,-1.4622153918133558,-1.2522276382148334,0
-2.228621133254822,-0.10370776674556925,-0.22916815717562766,4.9153019948819106,2.1416947338339014,-0.7100351310384085,-1.740245265815404,-0.18452368839920363,-2.685541894838681,-1.895446035271291,1
1.2720544661936513,-2.143370569535485,-2.7351739483493414,2.5911850399543495,2.978976651671646,0.5987940665123044,-1.2116836233543324,-3.7634918321973014,1.5563538812653535,3.5401089391231473,1
-0.8202720464446731,-3.9908279290444257,-0.5476216966519172,3.1162254242237752,-1.1158388826137233,1.6116560859326794,3.4012397926886924,0.8827617843042554,-2.717205235681128,-2.532163802396327,0
0.39592723526867,-1.8295750476845054,-3.5979419952937275,0.6874847835577673,3.9327805087830336,3.743451317417194,-0.571243032053109,-4.691612777168412,1.5817222571632241,5.910663929777859,1
-2.155609183184896,-1.2583562455255595,-3.534634669160612,1.2369494643359933,-1.8837046494510454,0.5196083692989042,2.0800025202255132,-1.5527983444390387,-4.207329048814448,-0.9904558882065277,0
-1.1377568222126142,0.6101384092536679,-3.0902797622318166,0.754936626256544,-3.6074167251297005,3.5121117339444856,5.293105057809141,7.910870031355507,-0.27691936564974173,-1.288660719386089,0
-0.20925136890032148,-5.2774188906219734,-0.8668990394097886,0.2329733548610189,-3.2539659010223594,4.038649331159357,5.008045589289814,0.9179042324991467,-5.223553581328556,-0.275998801468309,0
0.34556628612569584,-1.2166377738159442,-0.371890084637567,3.1545981274818615,2.76525735946794,2.6055284130885528,-3.7538466517607594,-0.971829753002142,1.114253968112692,0.33574307684140114,1
0.7443898544659935,-3.091780427643835,-2.4567956003836624,3.6951803143600053,1.5050490757851755,1.275386313794768,-1.7924914625374921,-0.07957174071290685,0.8728625713447045,0.6855384647544822,1
-0.3995054188709901,-1.9088593439825927,-0.5180339872507611,1.6180994100363641,-2.462755263107807,-1.2873436496152557,2.2840785988499825,0.16152996633883965,-4.313507326827979,-2.389582266720314,0
-0.8271205735925977,-4.827607803655283,-2.0206560017207877,6.476031858281611,-0.8747543138014793,5.700973640068647,3.5737370804369704,5.273852007351011,-0.08188468057929477,-2.8161681102877116,0
-3.597800638790156,0.5564956593616315,-0.659955287555456,1.7205020166163703,-0.13562579785242224,-0.15943226437499725,2.7700800505972865,0.4102784983677399,-0.6167494424510986,-2.0276524893469374,0
2.117151749895123,-3.615806797078239,-6.695973173419133,2.4283459798983764,0.6269896204164906,4.7592700294464265,-0.4984979675274266,-0.20367384332230332,1.2768785914163345,-1.1332527931533778,1
-4.70102718118503,-2.4820132728306477,-0.6211700088316836,1.2326307345198013,-3.622526996885429,1.1581806214963337,3.534407919666399,3.1562305015034333,-2.485279509375941,-5.603689466136403,0
3.1838303315364813,-4.788984542323133,-4.141485306921097,2.209111446399662,2.630674072551123,1.7887646044573824,-1.054255573433907,-3.127994157318259,3.6635102620753415,2.829667789049915,1
1.3220828075176765,-0.6446033032758349,-2.0940504207901527,2.9133356651318056,1.79497381950116,1.6063807982053753,-2.8308680234010755,-1.1092682252934896,1.183556610648441,-1.1365950725680647,1
2.325166621591336,-2.034460267329076,0.21759495572479892,1.7442483890162825,-1.9291890044286633,2.740002776880313,3.1734967970678496,4.141763926089421,-1.491271402176908,0.2767198049874473,0
-2.0247052687577263,-3.717735652633266,-0.82120305432183,-0.5373274603800353,-4.226454564156031,1.4959941157711238,1.937766382442257,-2.5810891759418917,-6.278615320014075,-1.429097691627649,0
-2.6704800701302664,-3.8651507760430492,-1.234923534022795,2.782096002265949,-2.4026026577274937,2.9950611279129014,2.0368766125362017,3.256228065504393,-1.343846019294905,-3.6239859790391282,0
-2.852962248548293,-1.9106196184317168,-1.3719097071083493,3.9790247257694658,0.07552459356056973,1.144526578312296,2.0016370348683408,1.42711836014929,-0.7168219157266376,-1.9563589688330303,0
-3.86724097691532,1.8093002579203117,-4.747613700430409,3.286646623048665,-0.14268672202959154,1.7106397804127451,-0.20699408562056965,1.0595214690338635,0.6270431855744265,-1.2791132922324975,0
-1.9318196964778573,-2.5976570004890385,1.218207728818577,0.9696300808916223,-4.332865659762181,3.3942409279746517,5.016610086534985,2.1567258544999146,-2.704908557565048,-3.3835047752418275,0
-2.365794380628551,-1.3611515374979233,-1.5169303015311686,1.644721062278129,-4.574953602553665,2.0954385370994504,3.0320775629050565,3.468218678390348,-2.825233681698208,-3.4783131774238116,0
-2.0000822309814676,-1.2804768337627899,-1.490388869091262,3.0731469610359388,-1.506721186816037,2.0318446060197295,2.1255537567977454,2.370780645743648,-0.7514624693075975,-2.7277688047325177,0
1.1063889952205588,-0.790226462212432,-2.5714027336878105,0.7289234396435489,0.8576974442487946,2.94793396984496,-3.146403917573851,0.48510674778690577,3.093256100547843,-0.637286357453184,1
-2.7344825558983525,-1.184530855687742,-1.3433868541840357,3.3541498907877987,-0.6227914359487945,1.2575600416644575,1.4464357533434486,4.2289270104932,0.6810238857973836,-2.8137619792769044,0
1.0162340190439236,-1.0322226326357462,-3.3614449635609693,2.2965687132004944,0.19594185766208394,2.4004733331031276,1.9356075904792531,1.2228330013054192,-1.3617413233397417,0.19957697647012074,0
-0.29910502996109223,0.24991233882578223,-3.84445825851956,0.6176160508245816,-2.4495449855738514,-0.9414632112569215,-0.5234380949588586,2.538800895105819,-1.4243880775397688,-1.131893901929546,1
0.9177081889441132,-4.800993203797981,-2.34137109633701,5.70472610435116,2.6545457394526375,1.8434008612208017,-0.5150733846925204,0.5129865154375359,-0.1661810618311237,-1.8507389707880186,1
1.4808218820006194,-2.4943442596162786,-5.381315648394156,1.8021424343333283,-0.64812863946955,2.2414567588902687,0.8046229510841234,2.933423514588065,-2.657630792362815,1.5965524681942518,0
-0.7455377557369738,-3.3229753629942125,0.679657091627059,2.112510279019054,-2.717077960626394,3.6611765358854145,2.5649954479309143,-0.42385171555958356,-3.085033529741124,-3.0459167885361564,0
2.0939472999631272,-3.4456010485095843,-3.139081089654036,1.6890752426100684,-2.4146882437203407,1.719942575463514,1.1906819115693024,2.6002306813089713,-2.9600234864244475,-0.5920832110721501,0
-4.9382856522444305,-0.39505919117740995,-1.3259346773366958,2.2460164345250315,-1.3296607642600562,3.7063248720585436,2.5226003651265487,2.0671103421171266,-0.1413619481638022,-1.9896769750537804,0
0.6672497351615192,-4.602224993375203,-0.7572617363375942,1.3356180154167032,-2.2115890442853146,0.31651600703795224,2.5805208893249496,4.455537898550748,-2.2894302498975407,-3.2521928063960717,0
1.2180681129543975,-2.0446269003014454,-2.480210495967373,3.3374332985866433,-0.8176332771165127,1.4861555148496124,1.3244678075178498,2.3397192648225777,-1.0824640301912083,-1.3370958244273996,0
-3.9826689599128295,-0.10033646520230888,-0.7299771313227315,2.287392442337985,-2.268703025754104,2.578345118082548,0.6356870870820508,3.1284418521234194,0.7468410352653265,-0.727824145564496,0
0.821186693749687,-0.22898965189399445,0.6311389023544058,2.94991847140929,1.3315676399042111,1.8063433557879298,-4.380439121113289,0.1465468126027316,1.4489747258466297,-2.0749509376812094,1
0.8889974646261207,-2.075846679403849,-3.492979692164152,4.064230764618422,2.561589893660262,-2.4509011383983417,-1.8308491863980787,-3.2788613512744442,2.6755092273292425,0.6571821075106008,1
0.193739708343994,-3.776055145521975,-2.405139175190648,4.16506768494326,2.0781056597163654,0.18285086932527372,-1.525408773971283,-2.0591176153103246,0.955682688093304,1.2094548816177453,1
-2.4466383262555147,-1.6007476146958028,-3.9286416093135,6.61507005357982,-0.14853717898192298,4.125363531114981,1.0332883215662356,5.712752548581179,1.6044317588468546,-2.139418911536446,0
-1.5326124469907554,-4.488214103738107,-1.3674061597301028,4.747342915691573,-0.791667536144407,2.1780411863905096,3.1375957336486535,3.36054395887531,-1.9103136446512703,-2.250150485093384,0
-0.9814017373716184,-0.5075272158387341,-2.3590513697475175,-1.4455648648122912,-2.760044365449528,-0.44992790748126454,0.08653743383051671,-1.5698011880721339,-3.718034955791416,-1.4321315672948411,0
-1.088482671738771,-0.6809344519990519,-2.2243191751865155,1.6065790108501885,-4.077147805500271,3.5878301869745863,2.5973413614728877,2.802045694718961,-2.569515686041747,-1.0220205373315177,0
1.998377321520936,-2.3423448375159857,-0.5743510329787096,2.4260000573881713,1.5615332803156283,2.538591745214434,-2.3524542931172765,0.6680467812901401,2.0476350119224214,-2.1870334158813014,1
3.3586432212503086,-2.217553827536717,-2.0738381729627386,1.2080150636476739,1.856338998310226,0.7016374887623644,-1.9045475437253467,-3.157685567687839,4.178472311783777,1.9988479813642575,1
0.029232036751149604,-0.33764038898886906,-1.3103357082604754,0.6223831041855841,2.5125435205486086,1.009807263970214,-5.945877874658244,-1.2807823036436963,6.0770307565176545,1.1280616099572596,1
3.1473981862012925,-2.224772489681172,-1.6882674014138703,3.504045569633906,-1.6319214235209554,3.8423721304184157,3.409436829395058,3.2987977319721398,-1.3608401420955576,-0.05312312960140142,0
-0.5147252014943189,-0.5527491876316346,2.1737925050959888,2.7652003311171107,1.8260755033518248,3.4675886655097243,-4.460467874832944,0.12688903543651264,-0.2689293514980453,1.0872695978119316,1
4.007442834034739,-3.406246111449436,-1.8320916133428193,3.377730393911598,3.3224992084694334,3.3146736920339626,-1.8197947453906578,-4.708549867335616,2.28789022970134,4.294318756495329,1
1.4714404774268015,-2.1567102911787654,-0.6893517590353344,0.5931845721931788,-5.634126319511265,3.791232605689423,5.098537861684161,2.696594289035301,-5.188068543251365,-1.4815504161248425,0
-0.8051007974587869,-2.04933252390113,-3.547315720086421,4.3487158392399525,-0.8800000962593444,3.4805585451521837,0.08227648529696308,2.2589120692541957,-0.7197471503832393,-1.068480878243131,0
-6.732647301738253,0.15403266102192514,-4.960418668658812,1.9571665883594962,-3.4789242793892647,2.5347906346078983,1.0115026976691235,2.4378984168867333,-2.363586714723787,-2.1878230285165436,0
-3.713486291958577,-2.368063601590225,-2.3600258546036215,0.9256531953147227,-5.655019620354901,1.521695498443549,2.751349848716929,3.2171472938751275,-3.8229425852998182,-5.083338731270635,0
3.749227306083065,-1.8815158866217332,-4.011025320237486,1.6171941543040633,2.519436650875341,1.9866048081660976,-1.5630885866332351,-4.389382761301893,2.897885699568765,3.4040368988713428,1
5.465243182869591,-5.483146735831177,-3.193596323915428,4.400210073143914,3.635805944333438,2.132990157812308,0.17619486113834526,-5.662527563244888,2.8855045617579913,4.732554433550277,1
4.97534492005679,-0.9306065190403912,-1.8427032141273685,0.5469124838141339,2.2070606565040154,4.304304396031702,-0.37278536252447125,-3.083517210055474,0.8916801451228262,3.4121487678783105,1
4.0820568550518646,-2.8665733108393305,-1.0822876612106018,2.47747782137798,2.5056828774433355,1.64992458917927,-0.16394837129788153,-2.568977816810969,2.3096474884284985,3.8097257120694445,1
3.872432631251587,-3.5228956391302098,-4.605145063911724,1.0586674264422524,2.7374725130906628,3.5772750177570476,-2.0458594348436443,-3.9999373338989384,4.631036843572746,5.8949165040394105,1
-0.4095230731342956,-3.550531631292851,-0.5034932596780941,4.3375278195402664,3.258494611138702,0.7848032978457349,-4.322086321289656,-2.158448503221797,3.0981206294725547,1.4707045462832373,1
3.7565787332716094,-0.37155018659989913,-3.8735240964944264,-1.6976529206463638,0.5877108757518652,0.20645855813048186,-1.3367995728001554,-5.433529184381689,3.543761598999419,7.639793759813283,1
-2.170889626769953,-2.493845704613571,-0.9805373207410186,2.1893563121397723,-2.1175868460143623,-0.13921749592842358,1.9678065371382216,2.677404901191023,-1.4100770873064787,-4.497567710456623,0
-5.679107552292443,-2.7190688922272597,-3.7321324084865823,-0.12454224830670624,-4.194822915502337,1.8913932099871837,0.5831828910774746,2.3218962137134636,-3.7131371087940894,-3.2664738525611985,0
4.4308241398098795,-2.972136133284853,-2.8135979914223386,0.8803287015456092,2.8511548535013107,3.419962316144506,-2.2032411817532345,-2.703586002175208,5.051715361794859,1.8653947317715345,1
-1.1241790417820314,-6.199680174055862,-2.120442687050011,3.6172512141942885,-3.469073153011511,0.009023311270502266,2.2628935588218533,3.110332268870243,-4.764981856039167,-5.131133421976785,0
-2.0362657949333665,-2.3990457509269048,-2.5423045352160853,-0.590031081196047,-3.6267444013657704,1.4121522853025905,2.6266846779424076,0.12459247648161442,-5.347077697712034,-1.993001215810171,0
4.925412410241755,0.23999933419195418,-2.389683797722011,-3.846239479308961,0.44043317810261295,2.3875226522432684,-2.645457889108089,-2.565850314560521,6.737128888556451,3.530322229582495,1
-2.8779117981185145,3.0743043755715593,-3.324530416781922,2.830746771863155,-4.189900646103401,3.0618674077544923,1.0851505047175776,4.163773077654328,0.6113027375685869,-2.848085749399677,0
-7.699002001244154,-2.7852707143073374,-4.027388757111673,3.3885173098306476,-3.309504614311073,2.2911288191731938,1.3615505289633123,3.679659832526822,-2.9888141157791535,-4.591317929864339,0
-4.740120799582254,-0.805167845328143,-2.9594257324921465,-0.17744180800801734,-5.5914425859436285,3.514111416516143,3.409389172446393,2.2555410982177886,-4.2225166280381075,-5.294633034817428,0
-2.666715125868959,-2.833009211498611,-1.338934090675715,2.067454170043547,-2.0523344104055647,4.228792833024798,2.369520550855636,1.1989265341278128,-2.753196293811574,-1.3262166593408002,0
1.0567117988370933,-0.8348355468031179,-3.224532309768337,-0.08183057721362763,1.620870067377667,1.985435044204846,-1.6429617308372304,-2.0571059810362264,3.5730105579749543,1.7050937513548838,1
0.6776881953271474,0.10340761711196178,-1.3401804302979377,-2.6907328843181073,-0.16804304553157223,3.7442572436653623,-4.2134101093813285,-0.38273502329972553,3.25823408911157,4.802366314590609,1
4.664354003635532,0.5077173205975787,0.8876830621395624,1.1198318043537414,1.1418785746321396,2.699960500746687,-1.758941426793033,0.23046314185699002,0.9294278036630386,1.031189183200247,1
2.512768663166275,-0.7492119536585267,-1.3415480439714504,2.9336888102690017,2.811744959260258,1.8304874937954307,-1.1752401353375228,-2.2652925887875828,1.3458150036673857,1.5127055560954012,1
-2.0325947327382,0.0064063846539133,-5.5722952380751885,2.2162405878193394,-2.000480734145869,4.790552661333573,1.0051708960130843,3.8007303535256316,-0.4492860491622377,0.23221261879069965,0
-0.18227324651107368,-2.080547350040543,-0.8471916348056843,4.880699925481,2.343733969181991,-0.25261324621140524,-3.165992065560363,-2.0291596363572806,1.342392306518632,-0.8095250460644259,1
-2.7696566625102395,1.2450224048212544,-5.053098184004905,3.680471792374093,-1.6148328513141135,2.378642241850232,-1.399309118105287,3.1271634862915687,0.9262190096716392,-1.2024479160106851,0
0.2710281767525724,-0.7591749526546874,-1.9945502209710462,0.009407760432861068,-3.6099384656503535,-0.051618843007562365,3.8583591911664152,-0.6377196052423804,-5.363256715581162,-3.220395184529845,0
4.239887034785161,-2.7303904641684626,-4.706121197981085,2.088765109139053,1.0607150047932916,-0.47935042107381554,1.7720383855745543,-3.1615364551717766,1.629081514261637,3.5565919024550374,1
-3.038683802202458,1.9153245152493903,-1.3084495616492466,2.231245991941751,-1.9411161836495157,2.5060884051921812,1.4585030454830437,0.10909923462809035,-0.4968192806823204,-0.27952590734977,0
-4.423925629823641,-0.3351246595212727,-0.6867398590245406,4.392182023517712,-2.1454689011000387,5.2795667802178485,1.6533214217360184,4.0143551562000805,2.15472291527038,-3.4359406287757754,0
-0.6094947788427705,0.3430390400479828,-2.997272076716535,5.446029848944381,-0.685426027256844,5.310564203243422,2.307349208550612,6.7141017704898385,2.8225469158891423,-0.6814299392420631,0
0.9166207588159423,-1.6420396522621794,-0.36682282591449833,3.472377269845764,1.7914055930761668,1.6118087925276645,-2.345008197580949,1.891762565350176,0.7609553098190869,-0.9771833290706011,1
0.7651794840099375,-2.0758193830621585,-0.6864331844887905,4.040523415396951,3.429149076198959,2.6453352252077864,-2.958045234450526,-1.7088372904644893,0.9289026147416684,-0.29118704820682995,1
-2.1421772790590734,-1.3991426896307781,-3.55803785674148,2.646255529240977,-1.600378904725601,4.344254963713215,0.8341572453620789,2.737490612017761,-0.5238783613305891,0.31225753745274076,0
-5.667224074294593,-0.35634184676158087,-2.9082798062357016,1.8333200364088134,-2.5258013482793964,0.8517659621838587,0.25478752104261293,1.1050798664625834,-1.742012117253663,-4.95117241866361,0
0.6458885309582427,-1.6987079965784389,-3.210604047207126,2.3901278581561187,1.669075564951217,-1.047780250433215,-0.8787455483587503,-5.536411573697698,0.497543185025735,5.350792263613107,1
-0.7522646264718642,-0.49445260263524937,-2.1684249865713485,-0.336961411236397,-1.6972587877010588,-1.1392021196867668,0.09311817396004107,0.2557548898230404,-1.0654388610364043,-0.20251357604324705,0
0.06335516675672048,-0.94201383404248,-3.4425815496526617,2.2545247845531184,1.6870482305619927,0.5145141744922659,-1.764099645316823,-3.050687764339383,0.920287761247359,2.6635157081081067,1
-0.8008816174231979,0.31682282847306453,-5.0611183047256265,2.9344269905560836,-0.6030443570268633,1.2975528536620047,3.3291817927923324,4.721546210430495,-0.3552041232919869,-0.43428028969587484,0
-0.014140361559534576,-2.920959385806677,-0.5147573762511624,2.342605134433763,-3.778848199699396,0.6541858049880176,2.916215420085705,1.369469154312203,-3.2374297201646485,-4.455286967154778,0
1.3955628472617545,-3.3216696758687174,-3.153057217722589,5.401895759785273,2.8896424032582426,1.749632250578263,-0.244689738489257,-3.2025176448146815,-0.18103248275147577,2.1068703780479336,1
4.478350611926732,-4.088046405489543,-1.487020372561077,2.334419246104354,1.6869804958289913,5.637180466177783,-1.453552672352183,0.6476969569768491,1.9175030333433445,-0.02560246118282139,1
-1.9536137353793384,-6.510885018509945,-1.1639265108172232,3.7698811130018632,-1.1045036675368844,2.7123751854745772,0.09537268674070298,1.8693059738637912,-1.7673968907426338,-3.3826127290654417,0
-0.00019294882855591666,-1.5286268573803523,-1.4883532088447327,0.2844225843278221,3.2539448786630683,1.840743678548944,-5.50361523619247,-3.070785631685361,4.703714602314436,3.4236848934677564,1
1.2324547135806945,-4.095083141589482,-1.2846161531908633,6.475010286409966,3.8720353088696844,1.020330076806386,-1.8510498892252776,-2.284536352501625,0.8167507806927512,0.6235477914891938,1
-3.36349185010379,-3.259452424263192,-2.9955291278433753,0.09198055152256623,-4.852290290635747,4.052039921218276,3.8626733578609618,3.202105706766303,-5.082518294539147,-2.4265709873949346,0
0.6652278149986777,-0.41745713801825146,-2.5824403179386746,1.2119273399626451,1.6229868043782623,3.732204552016877,-3.862328333518147,-2.7315937344596755,1.534665305286406,3.150363023590916,1
2.1864287551211388,-2.175000559858004,-2.3739426188430843,0.4634171906947284,1.4747488137069786,3.413360599373024,-2.9054333125547798,-1.984033689519684,2.5786672060259392,3.3142011534719282,1
5.713486107220927,-1.6717802341254666,-2.723733699392062,-1.9006660080676232,0.7627550401972598,2.9923148801839683,-1.667668831618032,-2.235184411402559,5.829768102062564,4.961348136054801,1
-2.181872339118259,-0.7877740623919214,-2.475220728509377,-1.512660301284439,-3.7841136027604265,0.9607388342490233,0.044028037095866335,0.13818759825030735,-3.1547870737622494,-1.0396035527592622,0
-1.0670297669084878,-2.525437928447082,-1.1189527101778416,0.06709228229484343,-2.7266458495069,1.0625901564289624,1.5729651439871246,0.18237843553358135,-3.3029045374666617,-0.7021280409506003,0
4.178880970829466,-4.13715299129133,-6.319499520587274,2.825137957414185,0.31374446564313097,2.797589461884529,0.5265563966054767,-1.580086902967202,1.348084009771352,1.5882461261741796,1
-3.1370620799738513,-2.0515259438985907,-4.941712827819638,1.1942111209890665,-1.7683487014497417,3.105439445208517,3.660500833779806,1.3996913723143913,-5.2408133644487265,-2.3519355946595484,0
-2.5237219358783154,-1.3970460149941146,-0.9940159965558064,3.8395495994940925,-1.7395768731885224,3.610340330949724,1.0439811507530554,1.9059014751516898,-0.339054947899984,-3.1583861006820535,0
-0.6134860005224569,1.978587763216599,-3.5653061735120533,3.6721451174947486,-1.0385503851442184,4.000206900387995,2.316926197893457,4.051203002126698,1.0414518094680423,1.090884701607786,0
3.449683324994463,-0.3283692157031479,-2.57575969196584,0.9677532170171816,0.38392629643586473,-0.24173899679920252,-1.1783247500916467,-2.717366215688271,1.7304882191794928,2.1869746937659134,1
-2.5684067002664417,2.3048765546427346,-4.658905048082648,0.9406468009879518,-2.823126642385481,3.425905367479893,1.2291648765522938,3.0855341707117923,-0.952085523896721,-1.6592823006304696,0
1.1339221231675551,-0.04446882145662845,-1.9555969095626682,0.32403265811542803,1.0269351969065366,2.5555014692027713,-3.5924167749786706,-2.102250320090209,1.6880920382987243,1.7304836843062819,1
2.2838178371435234,0.14561559686069447,0.3819525790699836,1.8569096643312621,2.247167290168716,1.9922674734079135,-1.3833449000516242,0.019138345234211762,0.17291858597205256,0.3798236428152155,1
1.0176900970966232,-1.3731658909479045,-3.7273809803533275,3.466463675198482,1.7569091101775496,-1.6755035794823452,-1.5696739637034232,-2.770663147942896,1.0398660755907803,0.499985728472528,1
-5.206045764201052,-0.826602206791939,-1.7077796796185214,1.7181813908817896,-2.1500005925420207,2.462002539956123,2.962050430383605,1.2617708066041835,-1.7597978468536088,-4.047057419351585,0
2.9585146328527516,-4.432881221386718,-1.0412292178445188,1.8510839076325964,-1.6958867187295912,3.6086487003985477,5.319082580164791,6.242464044305642,-1.995134041304287,-0.9058500802035163,0
0.32598303414444674,-0.8957941281746069,-0.95478177250511,-0.2955171461324766,2.7668018596752084,3.275783083215413,-3.0129011664671577,-2.1226161036452624,2.168826509320543,3.387480399654166,1
2.142901577857501,-1.590086197373416,-4.191251411644501,3.089396029829845,2.1879426856298405,3.329621669717614,0.043993307533809034,1.6145710931140944,1.0540084658831752,-3.4849283767860912,1
1.4597601828290898,-2.6488308010981534,-3.0732990174557404,5.216589327354459,1.6048540484130527,0.5159879546882375,0.020250418824384386,-0.41442343355754696,-1.0418352784396623,-0.7085039152896058,1
-0.4056534586103855,0.49564781604313524,-2.195119503909515,-0.9259593297199369,-1.5703929239667862,0.7801761582512345,0.4211396339242439,-0.48196950862460186,-2.2083969423381227,0.8990558290264827,0
-5.451907052883392,-1.8498040689329625,-3.3002475118431724,4.810732187305771,-1.6193179090281333,1.4690820156023865,-0.05696144326870023,2.849871441632255,-0.6104180249993518,-6.236832776963616,0
-5.883220558380593,-1.8890134807250587,-3.5759472788916575,0.974720481241933,-4.2843566896308385,1.008197536518979,-1.4415528714077115,0.050477559976928044,-3.597033059748166,-5.288796460787782,0
1.7352856231784923,-2.662783005188826,-1.895963339098699,3.815572273181176,2.37292598347486,0.0005241687425965313,-3.5085103469304277,-3.9182967921142797,2.1207741705020347,1.8078412952746752,1
1.971539591188682,0.25654945840097065,-1.9784988906402046,0.4748345389983073,-0.05106788112747829,0.3808521410361789,0.28523766119758576,-0.10629420652615273,0.09881367182827594,1.5110802817644142,0
1.28336061428922,1.062635459857498,-0.98882057162229,1.0344484269074887,1.443768424309441,1.7482817810731617,-1.7549532913145518,-2.8161498079885283,0.1991237776980288,2.5151333306536325,1
-1.5693336709881933,-3.7189667823438546,-0.6236162844130331,1.3210833867698444,-1.3456854537628726,1.0531418728966635,4.136850982701153,1.1930975994106032,-3.6056997009990472,-3.033650300406519,0
3.1218665284596305,-2.8482558804713443,-1.2658289812325003,1.2365655075099946,0.5821846550629293,3.332037732137567,-1.0728247786960647,0.3282851045312176,1.733524699286777,2.439107286668347,1
0.22561052057963416,-2.018461646645092,0.6552900706195746,1.4246637075820632,-1.7969542837521848,1.6654202428776874,3.9446496787642005,4.614908328568962,-0.22980089889475774,-0.10946557946895497,0
2.9632505450817304,-2.266601015428453,-2.0410579957273707,0.513981101415391,2.7342304689515045,4.750683267435546,-1.6901016797478363,-3.580402631874181,1.3337870953721678,6.213156374950282,1
1.9032711557529205,-1.568347570211392,0.648104500938159,-0.7067408281784657,-1.5987158590680508,1.3138899706066778,3.119392104909722,1.0199009656516709,-1.9670882633428093,1.2306253699994314,0
1.7387826571130873,-4.704109015865424,-5.867763916275214,2.5083300169157106,3.5961906841982376,4.762694505809677,-1.6892097188805082,-4.877129891776157,3.1209453964833296,6.224271787716367,1
-2.0525034350078295,-3.685395307419398,-2.126688063572874,1.146536373123336,-3.586114022361983,0.8713350687378054,0.7182366938317299,1.7596720967394461,-3.96308906970732,-3.3040159654911117,0
-2.568526769439041,-3.2423999216137824,-2.167042861744449,2.00944595146695,-3.7116571613277296,4.033355550522327,2.32083763886662,6.388923399377193,-1.1660762310897983,-5.2003766361100965,0
-0.856228349225878,-3.8482150997751163,2.125185728016347,0.1821728913865115,-2.804060067100296,0.6713377892142796,1.4732648546738152,-0.21885078141274183,-2.488145458413022,-3.0032935940266077,0
-0.2408776167099056,1.631036208105872,-4.947637999164156,-1.9097125779037407,-2.180160440251763,0.9036976688956793,0.22515039333012954,0.5207163262398555,-2.13738721658409,3.821446178389669,0
-6.819157510663042,0.605252793860704,-5.248963734584789,0.40684394066970775,-4.989098421509999,4.791189228255009,1.4818445996434686,4.355666997161251,-2.3172733755538077,-3.3874530684446227,0
1.4771915553858284,-1.392286937366861,-2.7093352600456315,3.9488046584767176,2.6838309807019525,3.417183168578937,-1.3972463943519113,-5.324231763592104,-1.4997731608126093,3.7417722730097416,1
-3.5969284635711234,2.362608704236295,-4.540107405813413,1.4584892391356228,-0.5815755293889673,1.5143649345461365,-1.926460638717872,2.3855533136943943,2.4409379863288487,-0.694998479897236,0
-1.0790536933104793,0.7378608270397335,-0.8297649585887104,2.805638885948617,-0.07758002587825641,3.5468957691827927,3.972472838259803,3.8019480905764356,1.0391426092138172,1.3570265266488675,0
1.7780703185803113,-1.2880210872176665,-0.3700436752297531,3.6709336010395264,1.8160805791827204,0.7432024777207342,-1.5261630139435722,-1.482688711821432,-0.28450923179131227,0.6293503993873646,1
-0.10663966902727662,-2.2261157031299366,-2.1194713941687136,3.884850471544471,2.8150637521753823,2.712243676934639,-3.5655166250905976,-0.6830408870733786,0.9074693032094139,0.596170396591466,1
-2.4429326045342807,-0.7226561684947608,-2.9233352092223726,3.1197234757477617,-0.34185756068369977,2.5220917431666203,1.0192985789955484,2.001893460201126,-0.19509548645558294,0.12496993619342289,0
0.6565144889975025,-2.828410255764589,-1.6225495242349124,4.717735962882449,0.9508555253019013,1.651202117215447,-1.3382685165370523,3.484229593804643,0.1470372995602427,-4.786242867632068,1
-1.1900936331814318,-1.3820133378938309,-2.013163456561984,3.1673978846390196,-1.016312874850816,3.5120041806235895,4.429689592738465,4.409834105666147,0.14996560969067696,-1.6866982017345125,0
-3.7953910312117958,-0.6780123652875789,-3.977699572014025,5.295627127211836,-1.1432886926365997,1.9790117162430738,0.9325560522168017,0.3309094476541994,-1.739335080041053,-3.758096593639638,0
-0.32192403702958283,-2.0036206636123253,-3.5387968476962834,0.9225718719878473,-3.0137535541947864,2.2567107927802623,1.9978352561474533,1.6674262251759213,-4.452338418486871,-1.0650506222579328,0
2.348886032837413,-1.7843922857580736,1.777021832436804,3.2786993053064792,2.9783116033250367,3.5051077612469173,-0.6917515966979504,-1.1560359594325638,-1.2499179246629315,0.23968488965451962,1
5.9138152740967,-2.234544066624318,-5.870945242708419,-0.6718794646986059,0.023037486084686698,4.504663599164328,1.1072602069292161,-3.5872437759796574,1.4718537013861244,7.104031672851175,1
1.0451595861288152,-0.22883163913931637,0.8833972773547178,-1.1425060995878744,2.139118219241394,2.021532318175188,-5.357913688906721,-1.069278448339086,5.288043172328008,2.522565862741945,1
3.861126203339583,-0.5728614514399115,-4.060656653921473,-0.7248064060358539,0.33330606602606117,4.154291849659307,-0.3565214693883847,-0.024190860968627215,2.6416006374962113,-0.3367595120575708,1
-0.5419512505060529,-1.7810829440713756,-0.05468296236787151,4.637930845862956,2.843966342132311,0.3064483715529187,-2.1198800979778345,-0.7543517753928051,0.4097942520625819,-0.38724419641303776,1
-1.1606158764208432,-2.272973409796253,0.509981370801528,0.37749598754184155,-1.016591230532458,-1.216128232872912,0.6682010581720867,-4.109378566709342,-4.207336291845049,-1.8536906397713588,0
1.523511949679978,-2.0003716981279474,-0.6031465539555461,3.1924766193684992,2.5611178582294816,2.9571501128951097,-2.941379836632255,0.4031709726702801,1.980162278630125,-0.047172124907871815,1
4.2330170587128535,-5.360536550227699,-0.07231730565535077,5.290507335027186,3.401229328754087,3.1841983640207037,-1.7918780258353508,-0.3881901515385082,1.7817027077791745,-0.10275629436820966,1
-1.3307255809298533,-0.963479355486347,-1.1509837687689488,1.8937529063903633,-0.19621866364780782,2.3341537484887316,5.247094502439273,4.535793320229774,-0.09686510949805549,-0.35670259814948224,0
4.115576868853173,-2.2003785980704635,-0.5718317045959258,1.8675392663134631,2.4583539254059477,2.9626697893167737,-2.317832029484858,-2.895978879553784,3.714813777072232,2.7615052284893906,1
-0.8018666853373446,-0.06945761504908643,-4.333949227875179,2.7329571186152064,-2.6267325921541365,5.738830053248195,4.455139356981592,5.976007922698528,-1.2763653642021449,-0.43097737874796294,0
-3.0235194592809957,1.7373117376987652,-1.9583298701641172,1.3376937631519292,-1.0338237279823095,2.398921287410335,1.256583262851506,0.7764975647018393,0.43810736699051045,-0.4807749376517665,0
4.071428888991079,-1.416599475991596,-3.618852423597607,2.076782066073391,1.3001377120145343,1.3508992508235373,-0.8556292793170068,-3.8936369850831443,2.152552627364979,2.231380788205504,1
0.15087252834351172,-2.1618590781757088,-4.279203388175018,3.0813946266049057,1.7042688827231196,0.6334983444904276,-2.7747788128460713,-2.7323992578375984,2.4673442102896748,2.9338207813438357,1
-3.6602282043917307,-3.9537265669567243,-1.2255138394456826,1.7840970230461708,-3.7585381338382495,1.8137212467846087,1.7047702587383855,2.5175251594161066,-3.8165841921056805,-4.990442566889344,0
2.0599263204710234,-4.316129754405129,-7.029783520129575,5.772793364339354,1.9081236411895484,0.2868911717372056,0.969782966935461,-3.913229916648785,0.3836782531336902,3.5429314742493707,1
-2.9567238851267823,-1.2836579971661894,-2.7363581070822414,-0.15902406081117704,-4.091407797494021,1.7237669711548176,1.5248578305919382,2.304142153306458,-2.7207563484804855,-2.5396377154262804,0
-6.4120730898631475,-5.698781535723004,1.202989989451869,2.299972781765013,-1.7746685705039165,0.4143358600542255,1.5891768922115082,-0.782683914971027,-3.2031346952741013,-6.349271381081166,0
2.7034267070533033,-0.2547426534677495,-1.0791047052339606,-1.1522943152973442,0.8330679906961755,2.4175970320436746,-2.9696376633684536,-2.0161341501084755,3.139142419800138,2.4184761537843045,1
-0.13590502731041942,-3.570705621128986,2.9304823936244153,-0.7519343662474842,-4.010092613924144,-1.2176990324253816,1.9422064580205185,-0.5817617622098763,-4.122547794164761,-2.5085477885243854,0
-0.8245127198451456,-2.9021550315281504,-2.610735193055124,4.956157666653839,2.4545358724221904,0.07535799173412339,-2.1069719236534192,-3.4920430256874724,-1.1925921733365028,2.4977271911693455,1
1.9726486505282625,-3.3709192339911347,-1.4386907355745078,4.6115662492064295,3.308794268421167,2.27127515255778,-1.445469478554395,-2.6228484805110264,0.9853306454773181,2.4807745375627706,1
1.5796832426104002,-1.0095489329530405,0.26064741762732124,2.2179055250854005,3.538857492106274,0.967827337712871,-3.498342819691767,-2.6234921103273168,3.353267827152389,1.906355005914282,1
4.269037816736949,-0.3804889938699534,-1.2397292471274006,-1.464357142429967,1.3428264956032452,3.5787378792346356,-0.6716042504130502,-1.3031270286773595,2.815995097853262,2.431039177602234,1
-1.9026110930184332,-1.4230621890492388,-1.7816354455107506,0.46450832646765905,-4.6075605788532155,3.1998914102670923,2.355429388099206,2.1137850728514036,-3.077010194462665,-2.648381808927347,0
1.8347257248642437,-2.5359600967419516,-3.2372226977619762,0.8410877798992622,2.0005376739044145,1.015009675031273,-3.0956944201360197,-2.7310513707470383,6.240979187068479,2.094070950570718,1
-4.0371963863877625,-0.6366742827252201,-1.7471596249238561,2.4568812316509936,-2.3952255735516133,2.0355605823703207,2.1408499038623967,1.8384147463131228,-1.9577417922178233,-5.049059173351067,0
0.34740867724704527,-1.0608519836199573,-2.372335942988269,4.117412512874564,1.5290332952587842,-1.7418284333853418,0.5015554925906738,0.3076066294874278,-0.10866526016537614,-0.21577540974527998,0
-0.9547650869049384,-2.238312214971152,-1.2256464021151112,3.578826992711228,3.305993572933024,-0.47457125233998276,-5.563860048791266,-0.06632021486784057,4.240531297988381,-1.3041294052400927,1
-0.19377054095899382,0.034397435499283535,-5.851217713221324,5.984644868382617,0.40299854761557796,3.6373497817911664,0.14332135679193758,5.716420421342093,2.03706152897929,1.1342728629116032,0
-0.9789578016212643,-1.8966509996574306,0.3963803116864244,3.3383061275216797,0.9360338796326637,0.8307797157181824,0.2722793612125767,2.4050159607269537,2.164741852433508,-1.1660997449312962,0
0.19841302997280996,-1.7141761109821796,-1.0555963341078676,3.556666264759496,3.0003383204077565,2.2244944299220677,-5.553182123708167,-1.5034114260054752,2.6084306632035075,0.10880181219842755,1
0.9701334357210385,-1.2096884111123558,-2.0626157895212827,3.0557052168713112,0.8143471816889813,-0.33516529217610325,-1.5017761178864402,0.6678952302211325,0.4101764683764153,-0.8249950065771108,0
-0.12707677887811308,-2.2078925294207044,-1.5554031992602126,2.876840500729435,0.15965703011710097,1.2806347112137928,2.923822773831616,1.8041727493191972,-1.5436492526817491,-0.6595250815171587,0
-4.85364669423166,-1.700703166026356,-3.5401246010304224,-0.43376985650445654,-4.801979363244909,0.9547092528272907,0.6428073835026642,2.141733805413823,-4.148108002172799,-3.239625079934168,0
-2.7653902551285907,-2.3851336217397465,-3.708113654162654,0.9895408202586793,-4.765214358981233,3.4149578271912406,2.8257815256305934,2.891875833997548,-4.354569457967585,-2.235978549805356,0
1.4071150140599682,-1.7349893607743587,-2.60462574853992,-0.24876840499259156,0.33851403220667997,1.1560746755328677,-3.4239915423762164,0.445457333493986,3.970391662908167,1.1207734630045993,1
-0.7030844043719169,1.199382083322368,-2.7155604979086334,2.7349886462394126,-0.36027705110381425,2.1544989791894116,2.8384935678086824,2.728067405793962,0.5016961885683742,-0.6697077237584987,0
-0.3470219739099645,-4.909305686435099,-0.6306503034243331,3.807351038722577,-1.974029874961238,2.941264920590413,5.385806337288867,5.881111480173374,-1.5243613307407784,-4.417812783562219,0
1.7582891369975857,-3.722278170542215,-3.3090493491271165,4.594529083411043,2.6861611622779096,1.6371747968799226,-0.43897007813641165,-2.6661329104978164,0.6450014139760518,0.9672492779421371,1
-3.339838219132475,-0.33883388770795664,-2.978986061301951,0.4113944112127892,-3.0549757142405687,-1.128336086187229,-0.30969152752157747,0.18774935064581233,-2.6449498612714035,-3.426318420009889,0
-3.155447006821881,-4.96798582103695,-1.6342501411432884,5.2301850589534435,-1.9743330671962807,4.614358671757271,2.929568663155291,3.406873432353171,-2.2146824554693048,-3.9700835215437165,0
-1.030602252278996,-1.6965859847980893,-1.904128060848431,1.523962614378772,-2.579143387440171,1.1892262013536676,2.9785906068800245,2.499488121389333,-2.0097923323226143,-1.65367568622425,0
-2.222577961384692,-4.426589999912421,-0.9992041267275249,1.5288498131460053,-2.323117245245886,-0.04333018655861576,0.4286292568286505,1.6068975062401603,-1.9033683741919887,-3.636827189611753,0
2.816145096011792,-1.4311100945850663,-3.5328428033626222,1.9902347114572132,-0.01780985916574407,-0.22866976564874708,-0.3076363947071732,-3.5174054232989183,0.6416222570728254,4.821491509134809,1
2.4095417251389715,-2.640854382805751,-2.266136722728088,3.0690699559224432,2.746144002000053,-2.991654888157126,-1.278537946488162,-4.793773681152086,4.648874258988993,3.9151551133293987,1
-1.6011767829514048,2.741026339313504,-3.8075265468486394,-2.264303224543375,-5.822591230094855,5.834910485134365,2.7912686883144766,5.943418941976649,-1.2417631238841658,0.7546441051165722,0
3.389016250811138,-1.061095048953212,1.3337595191434346,1.2723177845916844,3.3414524676590043,2.2440162982297576,-4.1008758067806,-0.6091647662546011,4.6971588904924175,-0.4620771062985094,1
3.176195956967617,-1.3233355203792403,-3.131415373286112,-0.8584376972174153,0.6590558322017339,2.5287797505611516,-2.140261624413726,-1.6325730533668956,2.74158539129848,3.911526208501432,1
-3.780380711303269,-1.7995363125160384,-1.1541318751310623,-0.8138048658043204,-4.679398573967,2.0067458963025278,1.1156124539399783,0.8357659780778872,-3.1939310851955462,-4.5520909471685185,0
0.7473750376550992,-3.455500826454697,-0.5866938447177188,5.243302374517041,2.1379050464280165,0.3727103473081226,-1.4684569480346465,-2.3569837879152598,-0.8644553818503775,1.8753547305672065,1
0.9014999032382724,-1.5743079069389256,-0.5755377905242975,5.2355124303938325,3.1555349854423205,2.131621623494472,-4.032036232447491,-0.7837199416668408,0.08495123420738371,-2.9350942812918204,1
1.5237252224203883,-1.3742248184157773,-2.3955825575250604,0.6453472882613638,2.6522960634479005,3.880514120055969,-2.95555323592675,-4.062035362558909,3.2115194763668606,4.610349444207263,1
0.6226826479450431,-4.552544050243002,-0.10798877690662168,3.02430662993567,-2.4848327708696023,3.2032545873304716,1.5351060735880349,3.3916595228178235,-1.3910546120645146,-2.7542747071274687,0
-6.195491808136136,-4.283938501637425,-4.554797283761885,1.8063719366013942,-4.495777795033211,5.227476337497057,4.020831558936409,6.176444630137678,-3.6747890812035013,-5.743548358297899,0
-0.1692701754946786,-1.0787895706231823,-4.811399881494577,3.062549317592322,-2.067991016961421,3.982644033841755,3.0257441239326353,4.626270999743639,-1.6432590632399748,-0.5036534138695565,0
-0.8131112796703159,-0.745233060309908,-1.8873765685979882,2.96381044888452,1.6146614544816569,0.937244005994835,-3.0775654814759172,-2.5481787138433845,-1.208559041674913,3.1976835083389763,1
-1.022846325220781,-1.8968339302980335,-3.261384268359783,0.6585984775118165,-2.747201625649323,2.8635946364306992,1.7196816092925375,0.8624669015508184,-4.11476523319674,-0.5830655175164745,0
-0.30347982621941316,-2.502784156227256,-3.1289575180068656,3.3555493304281034,2.7100519233368603,0.33160029616417086,-2.5692268274101657,-2.046787209740619,1.8265862417058076,2.5341573444396674,1
3.9432987511234945,-4.923002277359396,-3.331541526297468,3.1980286188932654,4.106694824679111,3.5757572027964515,0.7886141138085336,-2.425443356241141,1.6533470209346288,2.547568910766533,1
1.8060187628100834,-1.3649006544571638,0.3934079377023374,6.122214219176007,3.9361801069865203,-0.2166871859542039,-0.4439794981923555,-3.7728206758569582,-2.0117828462307,1.541997842067519,1
0.9822017217839782,-2.8175661095706586,-3.1244007160211877,3.319982961082946,2.8057751404244686,1.1349881804387167,-1.9719750399815248,-3.011274786498922,2.1816880197013226,2.5682709764449982,1
1.3147238378521848,0.14686308604112464,-1.6927138991775883,0.6401384233617748,0.5220248108206893,1.472743912963952,-2.26334379059254,-1.0317157134070998,1.7477725887751878,0.6311868681130914,1
-0.6936096972340113,0.054546309153825856,-2.338730847761249,0.0014271934117715546,0.7594674312299279,2.4715056731097365,-3.0305162381879516,-1.0195559183226846,0.4689631283742184,2.627306006981111,1
-2.705713051549191,-5.515742791663483,0.5343439498834339,0.9799714472755134,-2.4285130412829328,2.7255441289932265,2.7839355453953156,0.18594952650206054,-4.192885456203384,-2.019166333904084,0
1.5649168073294741,0.053560077335694345,-1.5444675252289835,1.3116198764061733,1.3465884871808125,2.4972364003648386,-2.1455196792437436,-0.5910837259378856,1.1271141859361586,0.12213069601568494,1
0.8815291803351211,-2.9337527589284167,-4.527915073119294,2.200546754106761,2.1391992629555983,0.4312130177582776,-1.5590704995847373,-3.3537253960565896,2.741626614447487,2.8421268371221307,1
-2.4267615357799306,-2.0192685065592735,-1.3825817281232735,1.647505424965459,-2.5355958759598978,2.2744947711617547,0.4755287526165337,-0.9752279846150169,-3.4579189255694693,-1.8922714511914869,0
0.11344700338900782,-0.0020656709424990982,-3.987853158832092,-0.9340870815335802,-1.8427411430178853,1.704308616192463,-2.9649518935195367,-1.045921430789491,1.61870308723219,3.8776281010547287,1
-1.9469858794522288,0.012053871817824913,-1.5304894317095497,0.6385055738001433,-1.163588567812146,-1.6500375739857862,-1.8902113150097364,-4.433611789663561,-2.1221877084326897,-0.7806349402476751,0
2.29242223009278,-1.6027304732866061,-3.7710461111225175,0.21999755259872145,0.9923201127531984,2.190017260302557,-0.9329655689870899,-3.5491772864767324,1.8524299045608104,4.408187490647217,1
-4.28216767230019,-1.6715305030970091,-0.9692647477801217,1.343478938233429,-2.0347464307006176,0.9387228384799804,0.9394247219047023,2.40894184325869,-0.44139205941865023,-3.4182292858169765,0
-1.269133387883509,-4.393490889231856,-1.7200888998119983,1.8482180175619625,-0.5657813047989431,1.2043023645961388,0.8164694810227695,-1.19648027841366,-4.401088129274492,-1.875610184020816,0
-2.3883669593572505,-3.108251834334652,-3.902187633588955,4.798454234512588,-2.9198999798290632,5.733203381527165,4.197622050282533,5.3181681782817805,-2.5740796172455074,-2.571333490393075,0
-1.0634357281150346,0.9595032102150052,-1.200465829411016,-0.5388263656097378,1.1450690519676787,3.8858330308457045,-5.481573851735586,0.11883321311710171,1.5771216329312936,0.7968578973057003,1
-4.068538091566426,1.5613011599924524,-1.9716557454515906,0.8521591861351123,-0.829744597571709,2.754885392971438,1.269341510116637,3.848270703287563,1.9420235122764464,-0.9371699805717268,0
3.306316812294636,-3.4132700408858168,0.7079291572898745,4.956745861928682,4.012287337806554,2.4466896209435145,-2.42926022233499,-0.8597987771809914,3.207641228398714,-1.2105655605713577,1
-3.617901272381689,-0.8938676171827591,0.3256312374996688,-0.11759485912350165,-4.480383782358865,1.0963255407229633,2.872663645466723,2.127916288586598,-1.6679602427405191,-3.8328738515320215,0
2.410255215649169,-2.194800114752318,-2.477646361976542,0.5386437021357915,1.0241040442400013,2.857041161373444,-2.6766098238237084,-0.2731404866618117,3.2654332196352436,0.17241688387063525,1
4.337386946145768,-5.497937304054317,0.059165696589590144,7.369119429439629,5.045542943015121,2.129075328132974,1.076411683384301,-4.924169580944042,-1.3289361104479167,3.467302085009897,1
-1.1265382447207082,-3.657290153029966,-0.4697774471550087,1.2650010614238982,-0.92953897219619,-0.9022771577705218,1.551647901194849,0.7411301400422048,-1.8110525100775614,-2.1538487622205884,0
0.5034102146272663,-3.4662613300014318,-0.5051092171679499,3.8721497289564066,1.318028554421966,4.501683418031359,3.9701904889383433,3.8069735528631794,0.5802034110594967,2.7806731288637874,0
-2.2561388199323527,-3.1117557423401667,0.3035549643291948,0.9989717600102312,-3.7996940162501347,4.610781769711627,1.265241031199765,3.1726671580912273,-0.9916534594053685,-2.5389783976215146,0
2.387352194406803,-2.1743226632567576,-2.0277935667796445,0.4273171599565775,2.56040498089006,3.551335101646478,-2.902057554844589,-2.695123309175641,2.8706017990598105,1.9856549739270912,1
2.4089069538304297,-2.2598359931243133,-1.9540711855346302,1.735792108385583,2.1392384066369443,3.9395109696521367,-0.48974904405971476,-2.003428989951646,0.1978220529659167,1.697703217548841,1
-1.4883886392819918,-3.327052253465543,1.3365786313956791,-0.7952066150859389,-0.64372802673117,-2.304442244076818,0.15314106106346181,-2.1649378992340527,-1.962487002987959,-1.1713239609599055,0
1.4677263229652386,0.01621652297159848,-0.38886852991011245,1.3469333970804365,2.1093375358283692,1.8037907989194053,-3.365934249297153,-1.6473289128821318,2.1914200066860103,2.2686067742865856,1
-1.8057700063495592,-0.3592488940539633,-1.9969123502332773,2.4481122993679034,-2.8447662243432443,5.5909525100464865,4.254543354479901,4.760799799731773,-0.7559760131486608,-1.065962303700144,0
-1.2703959839548649,-4.2969110317781425,0.22579701861740054,1.3193032492006256,-0.7164246208779701,1.2516582972651373,4.173277063246541,-0.2449334878502114,-2.718527400323114,-2.4088768238998055,0
-0.26969590897496065,-3.590240803921988,0.9931885156001661,3.9316061402396745,-1.7394529889405033,3.3948854654503506,4.282624250661946,0.8618013132855407,-2.2171976700420677,-2.5036128712774954,0
2.7298014983548984,-4.208186975816382,-3.4944383994192902,2.828540285589212,1.8909314606333412,1.3124934456836255,-1.2480910061325374,0.4880454635419271,2.7326301857522095,-1.8970878609089685,1
-2.0388251037240965,-4.2200879459136935,-3.6789404761895157,3.7265903447305155,-3.8867615219917386,1.200535462910639,-0.7515971573032028,3.1886564909115975,-3.0795262069740703,-3.9555452138459986,0
2.8312495820615937,-1.8895512555131218,-6.14955910724285,-2.0292394147987167,-0.6062306254375924,2.6242034419615026,-1.7560040778000807,-1.1721386858258933,2.939856883039041,2.7360268918504937,1
1.7130500833900402,-2.387733319552971,-0.15875092747426534,2.862673311339888,3.527920859894042,1.6810623126697162,-3.1600508957546616,-3.1999775436533735,2.930926600046642,1.2602998129435772,1
-4.675580535502384,-1.6412549754435015,-1.9281261260327751,2.2612234503017503,-3.5159470074844856,1.3117219377769116,-0.15578692291743534,0.82127790542494,-2.718795758026363,-3.369348549600899,0
2.0385132700404878,-1.3346543589780075,-0.4969574152769789,-0.3533178610380716,-3.3472350190271696,0.7239262617519158,-0.023593657666213463,2.0092159678492956,-0.8846200899499661,0.16548435590217858,0
2.6523937835999636,-2.4031926223525133,-1.418628155010279,1.5469976525582698,2.3727233967044783,2.2941630405172484,-3.0779453984887004,-2.8933443310637945,4.132044134179745,2.3042352379851487,1
-1.03298054881996,0.45542714371786097,-5.177033114203213,1.9236804957683984,-1.1491390334741918,-0.43732219355209967,-0.5830855400167345,-1.6836153147397863,-3.4989903767988224,0.30776385492212244,0
-0.7843118384590597,-0.17852662727846114,-1.6059410215816106,2.139386580869494,-0.19645966841338147,0.7489104606276842,-2.547747755790196,2.236139567068088,-0.9303771491095039,-2.2874924808675274,1
-4.290393645211761,-1.848629078579914,-3.8192923770521165,-1.9335962842802799,-2.259687840783692,-1.7825749321367845,-0.20939075645522687,0.5648083717203847,-3.818544602831461,-2.602810692813124,0
1.4871045321794738,-2.504308588726364,-1.8779985132307717,2.6794025154739183,0.15905445876125146,0.6944728283816237,0.1835363155885863,-0.7258648858922001,-1.2248027550330685,1.3208435170852555,0
-0.9096590874866619,-3.505480994332081,-1.1801894063388185,-0.125799488995185,-3.612184564928959,-2.9783719090640233,1.2583701503376896,2.0192668655395867,-3.540825963587783,-5.505109970207403,0
-2.219199129968021,-0.4651451846181567,-2.249997637559089,0.9204146106789153,-1.116234469583942,0.3847035502953813,0.968385573772589,-0.4719769325918364,-2.3086787854670994,-1.204886643215412,0
-0.3471420240237366,-1.864990425154473,-1.4679540077562006,1.9514746370888174,3.675415460559446,2.7090644283427396,-5.2345606248708,-1.798523685177303,4.64984410038327,0.7189147559088858,1
1.866985142770802,-3.8557934406973136,0.49811996895899124,4.303876490113069,3.799726549422621,2.1143028278407625,-1.7987544892092664,0.18053929184019601,2.228605296029139,-1.3212118949836067,1
-0.8366678108305434,-2.0904542552778036,-2.929517834234701,0.15142359702067187,-3.2319929615063536,1.4466546999911856,2.616488980268413,2.9559415797394726,-2.652813413066559,-1.2861919577858854,0
1.5928845204123312,-3.140867796131787,0.34149024716375864,2.0604463366285546,3.410014904058165,3.5603540170095167,-3.7745007150008507,-0.35324435649073527,2.4846865828348434,1.813312118573071,0
4.328839550942378,-6.187482683111075,-2.102228801821284,5.142129966766603,4.949164082892738,1.523677570121992,-0.9855994759440718,-3.259176810304957,4.429273594122824,2.6562367774013174,1
-0.017609360949050856,-4.172109736883299,0.6425491059948341,1.9848808856227442,0.15701090678465235,-0.46443394853097963,1.1299597727039237,-1.2263182041358056,-2.04682684032869,-1.2140407707424012,0
0.6025663247082496,-2.817746987715437,-3.6881173581511146,-1.4204493506453257,-4.0936193473628375,-0.8158409325272209,1.1834265775721666,1.154274949439317,-5.847589265036497,-1.3363260510339816,0
-6.1326253180969,-1.0112275495076295,-3.0173231774649607,2.898211008806,-4.9984269717354515,5.114300697096319,1.3174776479740566,4.292882263169947,-2.231960999973104,-4.907105600711446,0
0.7881215523221168,1.4324544573251927,-2.0050233806950737,0.967542099502082,-2.6542548714480785,0.9888228071428302,2.230987671167542,4.144861679364672,-0.5165128681080509,0.07415187349332042,0
-2.9227776557951026,0.47195492447892295,-4.5923797622119595,7.441368120536744,2.462048561272061,3.251132496098001,0.7047290793116352,2.9702130712375756,2.18672579120041,0.0575942960074487,0
3.1687622156241524,-2.989639629997882,-1.729562142297658,3.715495298629687,3.166874085183042,5.14393057430439,-1.6226498965606913,-0.5837156986465855,0.8371220937926647,0.8385280710247531,1
0.41701239514198085,-2.952598602405044,0.08029942725906203,4.36184772560469,3.7547842400034592,1.302471291852477,-2.2458794187461573,-1.615364159240834,0.15290931316377154,2.937131032056593,1
0.722912101277696,-2.128568185413567,-4.99245457253859,5.107601124519329,-0.6280052384809718,4.485885602453639,2.0106144775129207,6.372663114984543,0.16758315790636136,-0.29772127741656895,0
-3.0657827079019153,-2.9596807242267578,-2.291832117908908,2.243662497676861,-2.289192860575862,1.4084000612585221,1.771998195017316,0.2961905117243624,-3.1642025735845296,-1.0656524926437212,0
0.11678980350505186,-0.1991180680293505,-0.38938033768184166,3.5666800202066264,1.1035074382120804,-1.2902594540261179,-2.7904037432291027,0.22305008544952187,-0.24702492092260675,-0.8735156421827948,1
0.6058668273255574,0.3110531826960399,-1.5484797210796035,1.0842929540289574,0.9620414072458374,-0.6512188220827397,-2.2490764346742673,-1.371985235996576,1.2897174825844528,2.4944721470540845,1
0.21309042090803176,0.08186257004203412,0.2632822641797894,2.4436211489964714,0.7802610052074839,1.9259515609262983,-3.639584491493922,-0.9446202871066041,-0.4066907766093011,1.7934471619724628,1
2.077704172271432,-0.15599578383824841,0.7305678121187049,1.8203156326255203,3.1469391707749246,3.1289419729324406,-1.705323003770542,-1.467209026340623,0.03869109298967821,1.9663864703453664,1
-0.10342701059047998,0.7119246114519018,-2.6690068332010464,-0.17929804554069229,1.2592563378011725,0.6949921674379551,-2.1029543925326104,-1.4240964113056762,2.247238361909925,2.037760711729092,1
-2.9703787578298946,-2.8170795086011435,-2.6300541261027597,3.523002956651701,-2.298140200997056,2.8243883718178493,-0.8990936040662594,0.6631798673350902,-2.580392682679286,-2.3211110415689213,0
1.468993716924086,-2.355670521821026,-5.8547857669677414,1.0880800319463693,1.9840384440751173,0.46668054449806884,-0.7755216021927294,-3.634079138935369,3.274237351330177,5.134587519516716,1
1.8393795027703066,-3.299106201548957,-1.3184124598429858,4.094931059189026,3.533492315865429,1.7437608978067631,-0.28829934927147227,-2.730587276488416,0.2402119187177154,2.7051258667879163,1
1.9654828869146077,-0.977807135070984,-0.6348502742839015,-0.7140661554673553,-1.9078895112699217,2.2154438734711,1.5926356244415751,0.976585464512798,-1.2743894401551596,-0.15324301136498786,0
-1.803933096597957,-1.6180959777119952,-0.21811500228386982,-0.36001275119681786,-3.9636897368771304,1.5086528698135075,2.0742891802760277,1.5662910555512386,-2.8220126247967627,-0.8324737922094227,0
1.6019889412672816,-2.5278732249535603,-3.047601013171696,2.1030024948815225,2.0888329750903973,1.503174541699518,-1.2829021591456464,-2.9367799527066234,1.0681731703060553,3.304614331410419,1
3.7380740771292835,-4.333380305929452,-2.27131692232816,5.606670774549011,1.4096200069865137,1.91889813011461,1.5505277088755682,1.092667946632583,-0.9086404806699839,-1.975366877827586,1
-0.02756658129631595,-2.5259321308665745,0.9027984286451796,2.4407631770370326,0.17378318659442815,2.1514483667529376,3.900293265400901,-0.19910613999111249,-2.150341809590699,-1.9170036227029905,0
-1.2765492999325136,-1.9043591423893815,-3.456710481137062,3.3337956166831404,-1.9007566386581143,2.1135753661221184,1.849857676380305,2.718193513041642,-2.840666720807652,-3.137927054941281,0
-4.231463791787295,-2.3383779391955546,-2.727101504420458,0.8719709953109473,-1.9195975992610306,3.068069077856185,3.4216040617625385,3.3459380775705596,-2.6311537729181547,-1.8955181872406552,0
2.035873307307803,-2.0432268205537714,-3.185510044452765,-1.1260057040558156,0.1417408737394017,3.506658408354986,-2.1148154072421383,-1.4118995696890972,3.777622175511589,3.5062371847764817,1
-0.30782567539831773,-2.4223002544804437,-2.1170630180140098,3.823319326494036,-2.4730158997864815,1.8753015657507592,0.5479584433171929,3.2813899726798974,-1.5041231103101524,-3.4110846008757765,0
2.1166182039444634,-2.520489557622195,-2.747297240076199,2.76354149424841,2.5302766875557903,3.4002247392494187,-0.4599664516217459,-0.42083854446308533,-0.2344863870185021,0.5827443097172755,1
-6.287519620309468,-1.293361598590379,-2.463038565162843,0.9638314133985861,-3.473335895420477,3.6867179082755426,1.3322185420626327,-0.521435003825137,-3.7436710734193754,-2.309651351049658,0
-2.2082353568499578,-4.502385208302023,-1.3724885040949006,4.2015363287805485,-2.332753730253677,6.518847539998616,6.276868489452994,6.11675002512945,-1.8113073842385132,-1.7895150080923494,0
-3.760551429057477,0.5032427456963617,-4.712025506661716,4.815036938990506,-1.5609024424488718,2.7989005530932998,0.9040096615717306,4.479350304518517,-0.03519697901034147,-4.183946317068871,0
-0.5590641497113435,-2.4637777813038335,-0.7336107881199412,5.261434735527663,-0.6666483000129706,5.43735017712496,4.1339598861806195,6.667199805188277,2.6481596642535283,-2.187831294256813,0
0.722354145523233,-0.20820778007087104,-0.82587317873918,-0.9119647843940344,1.0504116750094532,2.274978540221446,-5.460210680314502,-0.3821730114363462,3.340409952014258,1.5320581057775764,1
-1.6833150468266815,-0.45835192302080796,-2.7475395076415254,5.986439704231339,2.032371339892463,3.757014273490274,1.2646922966485614,3.4626184788510046,1.9726987919244037,-0.47363564616037324,0
1.4769459893963197,-1.2752086751638179,-2.2597861302946813,2.1950931845852346,-1.837145625796779,1.923055935371384,2.4146988709831105,4.775460624307964,-0.10974430413681846,-0.8804420191021078,0
-2.2824641021728156,-0.5806542981784006,-2.586553491708495,1.1669862376342306,-1.4526836279795605,2.130652355332944,3.1427912668758644,4.422914313343835,0.594005961915689,-1.1389123472965297,0
1.6596523188676917,-3.1730322197403398,-0.7503391156568606,4.741652687041055,2.0073509656325452,-1.1414964930833946,0.08589040832643002,-0.05554330787240125,0.2932458805437479,-0.9810277817491713,1
0.281478659043356,-3.022764253016999,-2.2954666509963886,2.900701486999679,3.862291456120582,3.192781579605315,-2.0357964892579057,-4.684570487989487,1.39334452393089,5.333902160162049,1
-4.40677204674274,-1.5190737003487726,-0.7211338839371804,2.7346879344824506,-2.1643949843649137,-0.3281908895335648,0.01036906979473562,-2.0510839121214604,-2.8702576750159037,-5.514468308114276,0
1.745162350065966,-1.198814143474754,-3.492294713447926,0.4632337678140692,0.8304650687228301,0.7211073239609531,-2.1402477677170304,-1.4152797688940453,3.444063058596815,1.7099421193123014,1
-0.7717016847420346,-1.5970896913488648,-2.4881623618904363,3.0082112500575953,-1.3015428381163687,2.8318311050691554,3.6585774807403233,2.378384515968883,-1.8819292451708416,-1.7426511181490363,0
3.7910290782016984,-1.320727946687847,-0.8234250074865885,-2.6789083084664806,0.2615800460609299,0.6436631821122907,-3.374946830273691,-2.3979423271272853,6.483395348438471,4.198484384935554,1
4.080148065526082,-3.2290618898064,-3.8970644866658777,2.0984001604271043,2.231723210411139,2.560582691371108,0.7001153514362137,-3.7237915235506587,1.4304638604588622,2.9159244949934484,1
1.7938260735843146,-2.415194524801585,-2.270322115296705,3.5958248637793,2.6308742656136133,1.1750541619533885,-1.5692221935193993,-1.2809330475376817,2.2137381403217447,0.947022466385685,1
0.9813765308120221,-2.5452460810332305,-0.4613170259396375,3.4872810367822513,3.951060205731073,2.4505938280965758,-2.070786367843448,-1.3312643531066266,0.7013535356048577,0.6011709241833809,1
2.1900131465351937,-2.2874983002284313,-1.8869113047319421,3.4829095630998586,2.404185218224341,2.986746561577617,-1.9793580332776775,-0.6038948776302162,1.1917962740189982,-0.6212535285953646,1
-4.8729757143709005,-1.9494051797135998,-3.7183102977548055,5.235470257883332,-1.750504263328414,4.535863585382683,2.3333197038479034,7.915562458114343,1.5385560885317249,-3.9243615431350105,0
1.7023517912289599,-3.4889860526852696,-2.4877674370624963,4.93143737958188,2.9573058294335492,1.969323809670569,-1.8363525800899716,-2.553316738862158,1.5967605104929035,0.6642359543209786,1
-1.728116928033249,0.05182334388591814,-1.3195093131284823,-0.7309134375588808,1.0431698405535799,0.1238564530605144,-4.384225520734229,-1.7036962433755047,3.106385499649453,3.3718470537936716,1
-3.7322252130731695,-4.004910648723651,-0.4368345020554363,5.732999000266939,-0.6956984262523624,3.392412337104501,2.4248938074223303,2.920464362612929,-0.2992962566639563,-3.7806105696418277,0
-2.9379366690550563,-3.1265457255470572,-2.30970951855097,4.621471676738771,0.03348800842750688,-0.4121038171830871,1.263797016842794,-0.5956607015265623,-2.7180757966203264,-4.481404780768649,0
-4.127097499775189,-0.9399979649837158,-5.111269399404256,5.086364803314648,0.31849883818773383,2.059141130984749,-0.09353090937182085,2.2394501565899025,-0.2532949607943331,-3.271920607526953,0
-4.54234749482414,0.2969450858903171,-4.258712050424826,1.132607077414564,-2.2368387822522027,1.64017772241062,1.5534698267956362,3.2854306485411655,-1.223025576282455,-2.959462241343633,0
-0.13255043983626913,-0.605880092332995,-0.9236896867471636,1.4875153126395741,-1.205524692698261,0.6618181003259296,1.7940823601041194,2.8148199492570747,-0.3876976653420847,-1.8495394801015699,0
-0.15728130043450905,-2.287113645022347,-0.7899419477859095,1.4754083804568876,2.6516973199742315,1.9439923484833503,-4.336615915543886,-0.41751533363647075,3.721896150309571,1.8267985341589785,1
-3.4103766264891107,-1.0379882164985066,-3.790262079112108,1.9558879904357587,-1.2336104160796406,3.1147275703490704,1.0168535303843138,1.595604613765233,-2.438124655603902,-0.3871222996206056,0
2.538758446223619,-1.4207164153947853,-2.196783855161793,2.8538412812743905,1.6083202861166876,1.5536061467944626,-0.6100387741226903,-1.385220719348911,0.440057823888645,-0.25603288989753326,1
0.5864050597001444,-1.700094679612345,-3.205099493534063,-0.07398862624779579,1.2748376241821546,0.3436154751933407,-3.5306994459024725,-2.0455133817571602,5.496738886107732,2.0428603091488187,1
2.1561527928817776,-3.5646563498259782,-1.9598087778927136,3.467617089101967,2.9636505061473377,0.5331106624497131,-0.6919764741135777,-3.1319700215993977,1.7715155612255666,2.301799363755284,1
-2.728659845692886,-5.887782921691312,0.1752381593127983,3.1048299604315748,-0.5223855313703363,-2.7104207976451544,0.735155744219766,-2.126914852793485,-4.345945772360277,-5.568860084402435,0
3.710620685489865,-0.8954497364329146,-1.5467652896154371,-1.264080605465037,0.4186456677055592,5.417143190790421,-2.7057613798289193,0.40724348560963897,2.426871011547965,2.2287106500385923,1
0.5796111341991179,-2.589466011347371,-2.586751733395726,1.5270549913770726,1.8096291657547106,2.1708419929112397,-4.265880323368218,-1.923855517168834,3.4804840816256126,2.9238751368816063,1
0.5919607530159008,-4.728596013527678,-0.07133205115960939,3.810840769760095,4.763778914298188,2.1365926551639625,-4.132154540917233,-1.8753340388134057,3.9948838849806805,0.320668223330294,1
1.7899936697750918,-1.6671903166402111,-3.050773855566359,2.723936516064982,2.470507056631282,0.2937773233910499,-1.0690492439910244,-3.8965975501708323,1.8464725988689108,1.4112867356231957,1
3.4979914275326403,-4.107733925042547,-4.024817452981312,1.221257300082859,3.4021555760035422,4.9501585584838725,-0.6802054791013916,-3.9870699036039072,2.503742630980249,4.9946485898808834,1
3.68027758407575,-2.5260619122473917,0.2739034531930633,2.5522154369586834,2.842218200307938,1.7899771926887138,-0.3714011963026276,-1.5860267992284598,2.185899793685305,2.6885494999668476,1
3.3608648471241027,-1.2088213467224094,-0.615880365012647,1.6260100851470973,2.3363597441831008,2.496763890207872,-3.963138960210731,-2.457315526148059,3.8244568882512295,3.1083002430779008,1
-0.8497726391956792,0.2948275253546231,-2.857013368946013,2.9016946352705677,-1.2258877579744316,1.5974751292037557,0.5128295303603694,3.092044649656337,0.5014257239809679,-0.01506297944428936,0
-2.9535724774936565,-3.509549992350528,-4.158192850331339,1.442927597620331,-2.809609060804681,2.203272998720437,2.837750457503182,4.507876182070198,-3.052713858735384,-3.1385827869836094,0
-1.3552952087893115,-4.884880160625337,-0.086876581786689,-0.39296874303526197,-2.69190537357321,-1.320119862206313,4.107731397385987,-0.7167106271425316,-6.620635776763935,-3.730629978571885,0
-1.6065996809081056,1.1924532998464734,-2.319826005124932,1.37649118570628,-0.6192498623493894,1.2935369612742713,-0.7551476103777195,1.9301918606718824,2.056664953857192,0.9162087332680979,0
2.8098442331971367,-2.7279416207015452,-3.6696279184716003,1.1926495844852356,2.077129530750256,1.3818517736014115,-1.238418878213118,-2.547452951305653,3.5489049407017195,2.2479250759836664,1
-1.9352146069494491,-2.3675673772451793,-3.0259980664655393,3.363365904915149,2.3907891344231404,0.820793718616603,-4.138190120578186,-1.150511055404973,1.1643334015402451,0.2668656250527994,1
-3.0075333424984203,-4.137532558851145,-1.4451023080329723,2.4740839362142117,-4.206734674656259,4.960159594157037,4.343475871929595,4.525213724193854,-3.1371177861822694,-4.230924548259132,0
1.468655747090893,1.1832777110880315,-0.9523771732671595,-1.9399615889062103,1.9436832756627371,3.9230475680789025,-3.2711027083542055,-4.404635730904756,2.2969910108660323,5.451321293600085,1
1.178762238949019,0.6174888544063548,-3.2695480924871703,2.1700031435514706,-1.0157209841830257,4.148307621862351,3.4091440939314914,1.1247310868555533,-1.6445083030874035,2.8528176630420683,0
2.8008199429193628,-4.033825389625411,-2.551378741175408,2.3331006080385537,2.947061730244255,1.6759649966248744,-0.8420936827926975,-4.127418124897731,3.2164714625237725,5.107337880806018,1
-4.607905966459409,-4.892783734366336,-2.2466913051274195,2.3307591034349016,-2.224378011058439,2.889031552211464,0.6011293364666059,-0.7513706387625283,-4.396637652979768,-2.8564311028029588,0
-2.837121641411682,-0.9524302355042196,-2.0645531970737543,1.6000217055876493,-3.5075131736429204,2.8768418524954598,2.269342167488824,2.98486637504843,-2.7558713839890436,-3.335674892684616,0
-1.9906531967948866,-1.8495601196366447,-0.7464994710026374,3.0422437006598786,1.6996544741003494,5.397038641588221,-3.8673995488749293,1.1502004822755971,-2.564259914836038,-0.5247149386620746,1
-2.4153112177367397,-2.4610820998763088,-2.957454289727634,3.5159355353044903,0.23012372150396487,1.0549265805453094,-1.353680023991008,-0.02059633279321993,-1.111088414523192,-1.526389825105835,0
0.8143169732323647,-1.0788513127206047,-3.747258649509886,0.854141124449316,1.4542731357526926,2.143490374843744,-2.893958704556639,-3.4122960880763475,2.841229287824368,2.879618318593924,1
1.7472752754480285,-0.7366545755252223,0.9953881055784342,1.1650540549636281,1.4120586427141506,1.01558962356853,-3.0207175022250716,-3.6309929295961725,1.1006921388566862,4.7143449730723,1
-3.8893317197456865,-0.8889265801548785,-1.9002490006317796,2.2506027713423684,-2.2726900863848822,2.699569403231559,2.009095844410499,1.0926285334177228,-1.5158299158570845,-1.916173358126425,0
0.07155065820283579,0.5625063131731949,-0.6606773673394672,3.0301320737245927,2.1781301796470425,1.134058520107411,-2.632361941159957,-2.4525123633862154,-0.6973915291954964,2.3840821927835716,1
-2.4171703024051845,-1.359267751701578,-2.2474006840442775,3.978562152405881,-1.3611642464155453,7.362138521044488,4.382364244277051,5.281402771867737,0.8396617016089754,0.3698508183522775,0
0.7988504104642022,1.989791195972749,-0.6945669798743599,-1.796507678695972,0.5551893849571248,3.590861854843796,-3.9074214993477567,0.5836255442221878,2.1748022576248873,-0.8611786350102619,1
-4.798993730535982,-1.0124534349440415,-2.1054311857192,3.921861614374931,-0.9433167043578718,0.5988762292682428,1.6554546247861,4.388565493598474,1.3441257825235655,-5.2155082025641875,0
0.6239765132366506,-4.613115005753944,-2.633172223801859,5.987435494372951,2.122261137506735,0.4593653913476128,-0.7021805793451454,-1.8504702276150775,-0.05632708956057719,0.31363586571394086,1
3.2424722607605156,-3.6977614360299285,-2.9620525554690476,2.8423859665319724,3.3052811910262565,0.17453789686039078,-2.3429753911798894,-2.4459768027661837,4.4417412747448335,0.7967787627691267,1
0.8511782789719344,-3.911829925470911,-0.5003518875943904,1.409655842051044,-2.047169705682204,1.7530700188484227,4.838359467546535,4.338905564873739,-2.337222446382058,-1.401149746734517,1
4.576049241055227,-1.8190130061790333,-4.9722799865148275,-1.6782584924956625,1.2732854977596162,5.709026172294969,-2.020912712296247,-2.8106168063945978,3.8683225423793814,4.689383623113509,1
-0.4118099562053317,-0.7165190217854112,-4.601504342738633,1.7092097208515027,0.46295519698452114,0.20961067586826565,-1.5026796897284347,-3.0005357457729076,-0.5108417495485109,3.194442301521571,1
2.484196191988804,-3.120796368420858,-1.170513794804743,3.7719508801490838,2.33044013040314,1.5190522470027779,-0.9586013860337554,0.4526673499619749,1.7729829676944444,-0.8206126279754096,1
-1.307408650684161,-0.6399081455405182,-2.7302548126271455,4.158508171353791,-0.6279235055136967,1.6824570454841201,1.8146819459406087,6.797366469740162,1.8189964737675743,-2.6135667180295425,0
-3.1728270806158747,-2.7374074400617583,-1.0109792675233844,3.7490963208429813,-2.1262350547871636,7.218098660121081,4.882630781854772,3.9771776948515662,-1.669175647721087,-0.7515614591463806,0
0.9774996443554029,-2.1061784711864227,-1.9259402638732064,2.517209095872633,1.4779360173626948,4.080373351698295,-3.8647031407258368,-0.1867730813090731,1.3340735864584141,-0.246861260173048,1
2.9986988476870224,-3.236055851292277,-3.6350290276667296,0.989163889444187,3.1490874312014503,2.0986667432423776,-1.3331812490786488,-4.529302362341415,4.373916979401303,5.234313768884393,1
-0.3789842785330948,-2.0450647519696354,-1.3669415460284227,4.280914195085581,2.190536724604779,1.7915562382227832,-3.229572188813361,-3.2012350735042903,0.01963648610936919,1.6982076539548054,1
1.1785864071317733,-4.49718831847183,-1.5449966944181446,2.2490938358218004,-3.565684606879069,2.225024438078061,3.5225065832186067,5.99184694614374,-2.961675499111715,-3.1166007956183357,0
-1.1538495311182144,-3.262521533121812,-0.2903387303924707,4.694883991614543,3.1073367319053533,-0.1445750305514899,-4.04915300900361,-2.657560243032099,1.43614385929967,2.8405236898780886,1
1.8406163730157639,-2.8480494228996625,-3.0290309549280936,5.23667989753914,2.6537105811941504,0.09532328632670972,-0.9089236486708476,-2.0912545400979754,0.6321386954250043,-0.657371225246663,1
4.236819978041983,-3.2247387570058117,-1.0356599858323472,1.409564492011648,0.6454686075080527,2.6509658521607444,-1.6116613800543742,-2.6547676153208872,2.3052480037982783,3.9490858747563404,1
0.5266653326292248,1.576258845577537,0.050892216611462704,-2.3133934496606905,1.3827075088369614,1.3725353684330956,-5.234787681862661,-1.2172781518270421,4.8285046506334215,2.326068460541682,1
2.738631491499042,-0.8377907712177091,-2.5160369140732497,2.7734425121369037,1.8893597731414495,2.539796800332852,-0.9902884628017348,-0.6383638667186824,0.33842560654232723,-1.0945609305197643,1
0.6016374176179773,-1.5300914943016353,-3.4866327003791353,2.156323488680271,1.1581349599540491,2.0713535804113485,-1.2540838893596187,-1.9117390416035949,0.34010188306685696,2.4814722130841798,1
1.2705077048822782,-1.8532414072505006,-3.0990458670971437,-1.0167414791017841,-5.000655247643635,3.5861744237505864,2.2361315410323894,4.591163312455708,-3.2193877649808105,1.581772938755298,0
-1.5038987832803679,-1.18547168757993,-2.7326349727244255,3.0177428623229217,1.1094370993128084,1.9675738720668963,2.8472881214705383,1.941853437968987,-0.5096365143480921,0.5831112425480378,0
-4.5483871130789755,-5.004377542434238,-4.394844465975705,5.863061883694181,-1.2129894084406272,4.98571683912232,1.5071052001833156,2.591710902527163,-3.2948399792947027,-2.329129833843789,0
0.2727926477725702,1.5924411759855421,-3.505433697367688,0.809329188154954,-1.8160260114634652,2.955731746131845,1.6334990834286325,0.8096611808936105,-1.02675195611115,2.4995563210406218,0
-0.9708665393179243,-3.169406095294862,-1.7146639871616165,1.033075202369793,-1.9298259313955957,0.26059048446026667,3.1800537441983048,2.3343982382155004,-3.4517466425733385,-1.9368155063194223,0
-2.5721991045851236,-2.212621332826213,-0.2377676744765007,4.984071369007419,0.08116294340241659,4.013324653570357,-0.7152647947448414,0.8637145933483412,1.4773562641776388,-0.9646154500042718,0
1.082145385237609,-5.33045403940668,-0.09948649042557323,4.153317524303544,-2.9246348373506557,3.9073671345010843,5.026957087592563,3.4773492766604033,-3.8439725451371842,-1.4385349646294032,0
-2.671635682414364,-3.7921003428840767,-2.9487281856821665,1.654990619419738,-4.548088866609556,1.6401479013952949,0.8757718107102899,1.5971849006782246,-5.114462714051351,-3.4313458875779954,0
1.5239408181013268,-3.550049099264727,-1.181200947385185,6.237858935248652,2.932349400401789,-1.1832980491032599,-0.09700658879000112,0.1445529577919369,-0.12472011250410686,-3.5607888503191596,1
5.065473267760565,-4.118147114344673,-0.3864970369768903,6.1621424549924235,2.8671728374585403,-0.4897011477114974,-0.6813655332017969,-4.3004615109613,0.9371426453695129,2.4174091723889393,1
0.10142245880315004,0.658641270614535,-2.0153365937573398,-1.295480501737178,0.3286480121982933,0.42849595905611126,-1.8543996992252803,-0.6646995189520111,1.9585431489682732,2.504769239285163,1
-0.14335147720461316,-2.403218430875534,-3.303139678265679,0.04804411152815358,-2.9117828440875075,-2.6500725321230023,-0.08628572678185575,0.23068707302190394,-4.5537479252845126,-2.7566408754251643,0
-4.400768593977533,-5.702849788016044,-1.3509922229917035,2.5268296432853177,-3.06142157369129,2.2446486521427405,3.821302536496918,2.055599381304974,-4.745123902444986,-5.958532882233881,0
2.7026550315837463,-1.9888819416424026,-2.3732372971984756,3.8071708809780738,2.1233009696633935,1.160413593265556,-0.5517089985115755,-1.839458311393734,1.4833517495837527,1.5480282010473734,1
6.279355595751393,-2.707290971550027,-1.6768245312045058,0.7614844420404177,1.5225835829197738,8.221486460982952,-0.8895604415014691,-2.2910961118024034,1.4869490138593657,3.750836817928248,1
2.550579546721842,-0.8959469973971941,-1.616844112832002,1.1578216932100482,1.000116273299688,1.144894233121805,0.10432040625457706,-2.168372172269488,-0.15487761409611167,2.660064558773437,1
-1.0760403874988023,-1.4121347969714035,-2.9670832535023686,2.728075656557636,0.7343781217651175,2.9601740204126137,3.085556135141596,2.1771814146937496,-0.5364465315155431,1.5179372400527082,0
-0.38244539492650964,-3.0689125987090007,-2.0055514270210577,1.0205743148895658,-2.498807351055202,1.1072568239393825,3.042478844410968,3.375252241634832,-1.997743564792189,-2.0643929433805814,0
-2.9213101658038596,0.8624017754771489,-1.6528126633936144,1.0243344418610225,-0.44839475170484744,0.13057910811532114,1.0081511923312485,-0.15555976328372978,0.11678915090583875,-1.4138512097687466,0
4.1561818272230235,-1.9385651355994353,-0.5310106772147669,1.6324503277488958,2.072676751364346,5.387774655074112,-2.2954796665552513,-0.9047891096974874,1.070659596493351,1.1013019372555684,1
1.6183249745743074,-2.254793232518114,-0.5401536055263709,2.803857410086463,2.8199875755568353,2.895601458592656,-3.737367518791201,-0.7563902933846174,1.9469961940329739,0.12686711854644206,1
-2.2409925789567438,-2.6575755085584327,-0.8968232545882231,-0.8281527150867714,-4.239985345046908,0.04650004522873563,1.4444949386088244,-0.02050863933187319,-4.358525413373293,-2.6984915272078016,0
1.0076699189510938,-2.578618054001408,-2.541935157440165,2.4344641172957084,1.0712908237721337,0.9576694052353119,-1.7309297046421137,-1.1863573215408654,1.5787599089509206,1.116074978879051,1
-4.720498282355692,-0.3773323927266494,-3.385413359527452,2.331570305139538,-2.581395262563756,2.915633660509616,2.1702818657878415,3.1787320079772625,-1.1416568738240322,-4.219496879907892,0
2.4381471588733854,-1.2540550122240264,-2.485868383598189,2.7932352441047748,2.9391732696334913,3.0367224053201864,-0.202322660757432,-3.415305856535327,-0.5021559519057734,1.810624386940094,1
-6.121745160232723,-1.5398272310091667,-4.249317296604175,4.477194961891016,-0.6909908088673393,0.5161241077066856,-1.1185122863363084,0.27117898924919004,-1.053805719102881,-4.5323459059057445,0
-2.0305074968699763,-0.44717640467925146,-0.4508924824667715,1.5366373030474516,-2.180480551723841,-0.9849917005170057,0.8965321187469644,-2.272002690212041,-2.6388258101948505,-2.912752804307734,0
1.2335225997629804,-2.762210126224648,-1.53156164709766,1.5320399217282727,-0.40043814479565976,0.3570665964198365,3.7813134776546358,1.9251169807978774,-1.719152460924901,-0.15451908866847286,0
-0.6210767505998285,-3.8184901130246613,-0.7046794927102342,-0.43054005533313555,-2.822763135686828,1.7253481178825394,3.81508469261547,0.465078586052734,-4.9541036479080764,-0.40205629732728654,0
1.5686984717073214,-1.9750503651037967,-2.185063040475407,3.628339025913111,3.7461849214757548,0.6883388557791816,-3.5526124670556114,-4.799331292427963,2.9009640809315345,2.453132826444781,1
-1.544998946058795,-1.2401525048917679,-2.116118703927502,0.16569375904965544,-1.0108776040812806,1.0940673351292567,1.3019539014399248,-2.451337315771399,-3.7016695719121744,0.6701028290467681,0
-2.089064323615302,-0.9749946094528581,-3.3046452620740467,-1.1453478106412303,-2.0783113534764857,2.0451488075025455,1.4672738629539417,-0.2210433937160836,-3.4684140636600485,0.24067517881728273,0
-3.416104477112939,-4.178027765399936,-0.7532690782645235,1.3614032155702689,-3.214946184943238,3.3120163369429587,0.3822477696306321,2.5428366603681747,-2.196706993190199,-2.0830609913114335,0
3.7475517692195166,0.09900512477056367,-3.1744313970922486,0.6246361977621204,0.13089108069335365,2.5508561070946043,0.2899160474466016,-0.01955489084439499,0.708905944179304,0.41646830683131064,1
-3.0373506413704296,-0.8675749437682025,-4.478951366393865,1.3174780840688656,-2.293461806775814,2.7133294458816137,1.4556452078262536,3.0006963953452788,-2.02514523085488,-0.8850532788196477,0
-0.6537162464038762,0.08385581429651712,-0.5094846287821715,-0.32194632537033074,-0.14077126703784515,1.6013645408081312,-3.4130927662255495,1.4053072535856193,0.9241433693190193,-0.5043620938783131,1
-5.519037954306933,-2.4488265285186253,-2.5404530093406534,2.444561243139338,-4.157256520045888,3.7268054056004263,1.4544296839122919,4.598154691551805,-1.9854387432645828,-5.490994281777959,0
-3.7113641884475994,-1.2116455600867715,-1.2600283362004272,0.9490246828621252,-0.8360633075401702,-1.822206348076005,-0.5464169913791164,-0.9806968592630305,-1.290135144977522,-2.0191249261356723,0
-3.8680611481933216,-1.3406005780748937,-2.0880834091887546,3.1836307647452182,-0.37532079067999224,0.35278602661890157,-2.023896274741664,-2.1193600787197893,-0.9728986461300464,-2.4917519346606807,0
-2.4897709840248217,1.6634854846421803,-3.7975850411450724,2.5366009425995593,-3.0900433424499383,4.129723578664857,3.4638352360558557,4.2971929413987455,-0.3558423838634881,-2.1362544723858594,0
-5.545165612743954,1.1096154119315367,-5.512938896813644,0.4699503852710014,-2.5654731309233436,1.9929526920500487,0.16430362967116507,3.7267774759669408,-1.2118332805253837,-1.0861187839057287,0
0.23277477356636567,-1.2047780796637146,-5.669850638129964,2.7541188697783436,-1.3344094711023975,3.5025013370949685,3.357738675421115,3.675091082491653,-2.9728480134337474,1.8506776153384652,0
-1.1349140999200769,-1.8020171610743985,-1.8935188911067227,2.489932136684117,-1.6170540842835412,2.151284047202469,0.966294650266178,2.3219425225558705,-1.0679541962257304,-1.6042523856788669,0
2.008759352633244,-1.0353177224876169,-2.4108633894683087,0.569140172026539,1.596010876606976,2.459670579904214,-1.8792526934893234,-2.716138234470402,2.5780474161078155,3.681912963133411,1
0.6209959470651056,-3.8317033811778187,-3.0591724987951645,6.375304178716735,2.835358707990993,-0.830611446637167,-1.1021052713124313,-1.9408729354803425,0.16091972607136196,-0.6707749775394545,1
0.9903861210122133,-1.6577751458864607,-1.5845790563374842,1.2159392153913913,2.079670483074326,1.03178177834749,-2.7922513633347346,-2.937891884261332,3.1426525565633465,3.592479187765667,1
-0.5795902465943028,2.9895107609402967,-3.670525556305841,-2.538619319475573,-5.57578952471193,1.3387839115556766,1.755120527098349,2.4357564416049793,-2.8989303032488456,1.0709549060194998,0
3.2022048882473513,-1.649999472942241,-0.5766689434524832,-0.568366077865115,3.3282150443878233,5.2932810934018395,-3.4710110349016343,-1.841195716861041,4.814292858964497,2.4932384716874023,1
-4.593468085951721,-1.4271305007144623,-2.842544908653762,-0.8061972798420509,-5.706639955674053,4.683703856662679,4.854975798422604,4.160487158753094,-4.606316838235391,-2.621598633794843,0
2.2787144453324473,-2.614122230441991,-4.8495780903348615,1.7495357592638254,2.2486794312579255,2.127598663683758,-0.909737963632457,-6.23927097313136,1.6039988975520245,6.969973385098079,1
-5.253485305591104,-1.4553547556608915,-3.4862978923626584,3.19055448639396,-0.03400953516066063,1.0442010224505445,0.18779938659955508,2.594603477057158,-0.35177371418022996,-3.0982625930366856,0
4.758215305222148,-5.8226415027186,-2.8257596030184016,2.048621607026463,4.448738345596582,5.068070032966929,-2.691728259664695,-4.816842412010934,5.44141375050909,3.4632788885898513,1
4.124953155560409,-1.303722231115223,-1.0186533216265148,1.3608041831738595,2.7846680963981494,4.154115420621819,-3.768364202730476,-3.6312770305946303,4.368403256779623,1.7870980277195923,1
0.6672138970002208,-1.43144033768424,-2.2801595110011026,2.1992835372131956,0.9012502088323957,1.2460838992259926,-4.027526265441473,1.263390016688422,3.5881563634577853,-0.11701599647128536,1
-2.174416381663591,-2.3444309511978827,-2.793194793258034,1.1247972374625692,-0.4200455212476162,-1.9127074269654707,-2.576689861593511,-4.915917883315214,-4.4990906117813925,-2.1555262209874764,0
2.8542514246674,-1.9128894717978657,0.02732616063190907,-0.6817058611254576,3.1049912078320565,7.365919504599007,-4.790690295677771,-2.3477854129662905,4.073889203623658,2.7884902222385284,1
2.061849405285189,-1.0115589415912773,0.20275846344594228,0.7022577279960946,1.6560561310967556,3.260923018984454,-1.943999436601075,0.6215982673551426,0.5353239101292033,1.3866996357032844,1
-2.4819645419020158,-2.7019290712139643,-2.515921890606894,2.5732932589309003,-2.160382665767149,2.384593099874469,2.5262136125241765,1.2182317794553397,-3.3124174888778253,-0.7889576346660159,0
1.0329242836040815,-0.3013225511295947,-2.7857205675136743,-0.951739766686917,1.7168102177062177,2.8768604563119933,-1.7358511688806355,-0.93233242979948,2.334434704375366,2.8438055934227697,1
-1.974658588265888,-1.166047917383274,-4.267785989016283,1.9718103981916488,-1.3285069770276112,1.5468904394538336,2.7932999132404213,2.7137470415905796,-2.9641623058892814,-0.24942182605833807,0
-2.551967104568057,-1.7638224633546307,-3.5765719025929994,4.98337755225254,-0.3260426947379178,2.759626869156799,1.2788813302938618,4.942628563595729,0.9489026473070936,-3.421005605655024,0
-5.379235366043442,3.164085862286674,-5.316505691340229,3.323742053855566,-0.8901048066116735,4.590138225218844,2.112582067773006,2.468937205991138,0.47898227114804026,-0.9780770410430524,0
1.5232666138399873,-2.15389039842373,-0.9320791892513938,4.938138211351605,2.3434778346834793,1.9386353120497017,0.17776400946323445,-2.802648813246331,-3.4099240227474343,2.0309612838158184,1
2.795247758541784,-1.5470272517138355,-0.04520127830833909,1.3748614588248749,2.4363343753528857,3.821829946425016,-2.9664759334632347,-2.635100744603028,2.927511277147249,2.7104493400005163,1
1.001349198318245,-0.2879935633630526,0.645398412551768,-0.8196411785324784,0.6414495270855107,6.145582456744672,-3.747778644067525,2.6714758489689343,0.7046217706874185,0.16587118400066259,1
1.9739207497334905,-0.6818178883584793,-1.876883155090332,0.18382242647641323,-3.8565879419299276,4.369645509196178,4.291635235101072,1.7131187155021188,-3.6924469999987,2.9725334621690456,0
-2.4913629470639944,-2.515346698514172,-1.2387322250459145,5.122708071276276,-1.9765644857160245,7.225854504985742,4.089447179260606,5.181272895761567,-0.023238054232788574,-2.4883351495058244,0
1.6326658616935992,-2.0265015481605606,-2.522765243696638,4.2732091034325155,3.7843623143053557,-2.324512106090623,-2.6936942787732634,-7.126667927560225,2.8669026265372377,4.704889685315164,1
1.640155010260305,-1.9368131382240223,-3.9874065077937875,4.823149059853685,2.0754639919334807,1.3096553984120671,-1.2719247453681004,-3.923111595135897,-1.2994325348755842,2.869858201822634,1
0.897096994533388,-1.986802670776296,-3.0595026988177283,4.268897973608948,1.1439218791216086,4.922519360229898,2.014000000743362,3.288994968706366,1.3736896326591133,0.7970834876408763,0
2.071835136290361,-1.3903739884758113,-3.071346363846851,2.4182725520581454,1.998754078071384,1.1214386653433994,-1.8888668295039985,-3.9733442398799257,1.615316273040906,3.117871508968773,1
2.9897206302732355,-2.922047604058549,-3.678717985748507,2.4505828947142585,1.9778473828510954,0.047689122494023906,-1.345976934977447,-3.8663406318743587,3.5849723439103025,3.876235326626574,1
-0.3444413093857883,1.6007277286102433,-1.2804133586812183,-1.39126689957161,-0.13052847515838506,2.486765925766007,-3.360994489906812,1.4578234711845646,1.9374028291930792,-2.3754919644635812,1
2.996069427933752,-4.55262294008768,-4.25966787328034,4.948201338529415,4.883013029166721,3.6664919803065343,-0.7610877656207296,-3.34709527528637,1.8514038194782823,1.9107574677255248,1
-4.276923523319111,-2.353214540435665,-0.08392059416175646,4.7895424688984,-2.445852059539992,2.8458121641095278,-0.12570185607529938,2.1414146676897925,-0.18399476661073022,-4.016630090797494,0
1.9067860206200091,-2.2648797653434736,-1.66721291785722,-2.0658301004679664,2.1653525866710286,5.103765163525755,-3.492022654691564,-0.3401831520599645,4.59858646271086,4.211248038443784,1
-3.1599877080638037,-2.246759469764729,-2.4398277141974636,3.710525943321765,-1.7557255793101405,1.04005178768706,1.6255924538879514,4.601116994772754,-1.5041823708866113,-3.896972558880636,0
-1.2858543205755912,-2.7253301883096164,0.08890342608180202,3.279431151767249,-2.5018353800829605,2.0387739598351495,0.43118978307334865,2.5083147027747286,-1.074468430638324,-3.6065995503491317,0
-0.5528340388625037,-2.18689682022533,-2.0790978544868404,0.5430491932268628,-3.17387963767799,0.6182968435371803,0.9437245597603883,0.014282814762105245,-4.431596647526361,-1.9057140190875328,0
1.105544083084463,-3.1857030164904634,-0.5275500804492961,4.096715661493882,3.0047507030833582,2.5522792571953543,-2.16996376206166,-1.0112536989124306,1.6642686364751564,-0.43974923596129,1
2.4917943237783677,0.14083989843538092,-0.7434022180216997,1.929475262452256,2.406015072543563,3.499093327709507,-3.2048888431887854,-2.5681776534532315,2.169517318113918,0.04580669433859064,1
0.015550332042298276,-4.5585629824720755,-1.821735130329047,1.432696298983772,-0.6763413484588299,1.462730782578506,1.207232203043901,3.113304084416729,-2.299517121618103,-1.2897894874286653,0
1.5010471006646793,-4.325802984405894,-2.625934696256325,7.985111826615632,5.7752517216315145,3.4672882779591236,-1.0553360958528049,-6.052257564583195,-1.2966949379279589,3.489382702790659,1
4.209041836675077,-4.526448807132555,-2.9017293961406754,3.684173873567106,0.0807552499826516,0.6558107088168759,0.7708895714400881,0.9417533633026318,1.4223848755905344,0.4597718827174322,1
3.296420940880176,-2.145145367617343,-1.8342284854440913,-0.6387597536395653,-0.4170539251586316,3.3272601550696073,-2.1532368380031586,-0.18022070222983522,2.595408656418583,3.767960951932781,1
-4.661206837144782,-1.0825972580841197,-4.845862872853809,5.619523467562717,-0.23272095468285436,2.396506006214654,-0.7978447914797422,2.058051976041312,-0.26115409031481596,-4.013240145839589,0
-5.188789200096956,-1.4826875158484527,-2.6814895998905612,0.6962557598245585,-3.8954747098995437,1.3950536465446355,1.7044742442417093,3.7290463559236553,-2.47716495269638,-4.576949598959816,0
-5.266898146235873,-0.2599807271593564,-3.310089703001396,5.024971548203852,-0.5809405462388253,1.9791632880195729,-1.1996881157414117,4.822095468119436,2.7794770750439994,-3.3170344495937165,0
1.7485206202574366,-4.953324140671571,-2.8554037646402577,6.939936131982137,4.976875770123906,1.24063644440408,0.29677252119576814,-4.94880550393196,0.4156219911734498,2.4652369991792136,1
-0.9886312723011315,-3.6623404584482757,1.4294638695591781,1.030485298828071,1.1010078475496803,-0.22826398852900587,1.7238068318417752,-3.649922917818037,-3.081633658477389,-1.1482149060891862,0
4.082050430410895,-4.044896635224507,-3.375267119896388,3.1345952299739825,1.5530257508447223,0.6962561036477983,0.3095297802216024,-1.901751940640407,2.763095739291381,1.1187748494671408,1
1.0741224841318688,-2.881477975725137,-2.289905281068511,3.563364040796179,2.339211685445764,0.6620874261857466,-1.719874951644686,-1.209828526666481,1.2263933719708593,-0.782638092228257,1
2.8659877626286523,-5.054423008897425,-1.4705161196382943,1.9890463586765514,-1.9803048342806897,1.346391156109542,3.647278113370594,3.5219785383318594,-3.9611051808578646,-1.4049728714634022,0
-1.933159430465759,-2.752306843265966,-0.24060604303901245,-2.547965269626367,-4.124905724604977,2.2587625346859896,0.7152665709859212,-1.0751796891802443,-4.8153360482847205,-0.6153582456514208,0
1.8313289485922197,-4.188950169065935,-1.9820291929226843,3.49216218155374,1.5956893903811997,0.5735429207671752,-2.5791590534422677,0.18941479107229586,3.976831638816237,-0.6688866413941486,1
3.8605562583368687,-3.1097773453246207,-2.8767439598300215,1.0267041504838774,1.5141785670726173,3.8457106634624285,-1.6801138114160552,-2.2905563317394555,2.7296764654452756,4.883516244542976,1
2.8685388124751894,-1.4241055925967299,1.236810117287293,0.5570351683053074,5.16136306299806,5.8358911453302245,-5.05108955448138,-2.2832343813973885,5.054831856404006,2.95467330543261,1
4.6475026182129495,-3.9568498894013198,-3.2674225707542073,2.236127594388612,2.3514962098522356,3.052317243842314,0.15869390679974726,-1.2648281088146591,2.9593693228933606,-0.9114327057980014,1
-2.821736639499547,-2.3235805037771082,0.42099742203363144,0.37726134951723145,-2.9981532159579114,2.4722034241128004,1.7883367414642637,-1.6357155342243836,-3.081439014381848,-2.093139383938759,0
-6.664861270740889,-2.5965164815768893,-5.639879157003056,0.12101386604973552,-5.604888904449332,5.463926560187358,2.6063443266429407,3.502585652456321,-5.021399624858507,-2.824177586951442,0
-1.0678291116397298,-2.6158231028293413,-1.3308462460207247,1.3258277885233412,-2.713143149688674,2.7574200913356735,2.375709139947366,2.6809381122302978,-1.7261415817563124,-0.9012212190934483,0
-1.6847381430111261,-2.693872506089587,-1.6923561020548035,1.220150331259038,0.04923355130284435,1.2121031476890618,0.28869167986887434,2.7433810836460544,0.4780633486301151,0.729038532564473,0
-7.199849129382775,-3.2578168517148023,-2.347991444065898,2.3462958826157587,-6.110038758633422,4.460219725336477,2.844320021606221,2.0997536416411258,-5.747756689859909,-7.206443514260552,0
-0.9659252133693164,-3.0942565903191634,-2.415071302842592,3.228045785648858,4.28665291824339,1.7923587162617929,-3.1244504989406074,-5.879068463910347,2.1008617932718288,4.343138581086686,1
1.9423122229605128,-2.4269127344944064,-6.549680654649856,3.6146021480123336,2.079324229820723,2.9996608811557763,0.9855613938066825,-3.407717608353023,-1.0325433877165295,1.430382809155038,1
-4.912596259887755,-0.6354150603042816,-3.596050120416745,3.6110824695007753,-2.4059310080962715,4.849348948000884,1.3370191266203233,5.6736804339686415,1.250259473435964,-1.5085180690631483,0
2.183210507793924,-5.0279047880580965,-2.8634556361644825,4.24058149866573,2.611664837397531,1.9579909690173949,-1.2165550214082728,-5.276434197440637,0.27242584831270245,4.943479299405428,1
-0.8300213916930668,-2.537311831644426,-1.9607793618561544,4.2584412010496955,2.9731965755251304,-0.8292906944316365,-2.7171670535369934,-3.456887967342181,2.0835920217729056,2.778200268682659,1
0.9282166036223412,-1.3090652526549134,-2.951229737729143,0.5020216777269564,0.9055275817402053,2.4927065443829792,-3.8202374661932557,-1.642019178534923,3.5731296655690397,2.0923841215954493,1
2.206822101438839,-4.180937843329815,-4.353542376047223,5.828398766373383,3.6982504920126313,0.8651790151846492,1.1822686673057978,-6.167279242564006,-0.9138910226622148,6.4093393556130955,1
-6.656681383661271,-4.603524333937972,-1.725666287915078,0.7049013918616334,-4.853756438135804,3.6926220278579014,4.153262848989215,2.125807908030616,-5.821807031577377,-5.124690786940844,0
2.993493494464585,-2.468315128419426,-0.7233160954258309,-0.2988933891326453,3.7483036015847944,3.153430648823313,-3.7336430609421614,-1.5409867105726913,6.199897808896364,2.179345704277352,1
-2.7976691690271793,-5.063060052835809,-3.2118625024657375,5.795969300294965,0.1624949558326092,2.526559282356553,3.748929043799839,3.672993616249369,-2.2522048628812614,-4.210839759472888,0
2.6363782104968414,-1.4153465949136315,-3.4879609343777567,1.3055579435538969,2.812032561585077,1.9981388331118182,-1.6020175568334114,-3.6070975019120723,3.5410302916689296,3.8821647150011565,1
5.112419307660023,-3.9769091847764377,-0.4010173663041756,0.3928732477140362,-1.2891882308776457,-0.2538005257829852,3.5775582880323835,2.2017452594712594,-3.0347317087234087,0.7682519444322309,0
1.374911329730036,-5.187308312575505,-2.382926732614641,4.681411628076525,3.209131299420531,2.267611247372903,-2.398575844251322,-1.7118417180650312,2.1743497579652655,-0.19718134457794356,1
3.233341599354861,-0.22706839995471495,-1.560997837370378,-0.17852529983411625,0.8017966544762662,2.85185551931309,-1.2568718908688956,-1.8356259652884168,1.6548348482057647,3.0038489063255627,1
1.3203382571165998,-0.9887876233155188,-3.1997606703734824,-2.1797850759573336,0.9369874159564635,1.8274624312459393,-2.918208657610875,-2.8213484123151877,5.245633091984456,4.906931648882033,1
2.6638819257153705,0.22809904790671132,0.05034941229607037,-1.4768252646605506,1.9728712658192877,1.0602606960765362,-3.3433664636190317,-1.0589109688940557,4.174896230818835,2.1996713014399485,1
1.6762910083066034,-1.625876718276706,-2.3875139915012786,1.7931993288371066,-0.28939642663838416,3.5544534556795844,-2.3205245389449622,1.1984289119541836,0.4820169042771507,0.38910304506069626,1
2.87763549759524,-2.232187343234703,-3.282899653779949,0.9160810725197484,1.8934699320511237,2.0193996253080106,-0.006837935335367584,-0.848493266428618,3.100766978646547,1.5622949560239667,1
-1.7100078900674096,-0.14386236590451262,-2.0790077143993395,-0.7593355719013837,0.2849465543933354,2.530269998254025,-3.9055222915862853,-1.2482695246185305,2.2008619317020828,3.359222420522393,1
3.843195057131799,-2.6488216290086926,-3.075231623500894,2.2112616548106323,0.3442274566505561,1.5151185906223796,-0.5355721532223565,-0.6077518323485587,1.0523639364096182,1.8166791643104037,1
-3.915569246692334,-4.1031998682414255,-1.6999358337322938,1.910105701504196,-2.861567084569202,0.971932783133038,0.5814081298999387,0.3213062011934462,-4.083194134521815,-4.227401843837464,0
-1.953499433720629,-1.1647864761607165,-2.425422162588748,1.0931985482385413,-3.2371814549876636,2.7579092351545462,1.3665087696185152,1.8422290163755128,-2.191420301661944,-2.107342142153386,0
3.582860671029194,-1.0267160835048328,-0.2695182208198028,-0.9256923239550776,2.538836346933846,6.398285947961361,-1.687405058294789,-1.5401159835860583,2.618473198164282,3.8894395652160565,1
-1.129041222024707,0.38455505466576145,-3.23869543338522,1.0437989163963586,-2.5649851873229506,-0.4306824638068334,-0.5624692500023758,2.8787571798935456,-0.7333092436150208,-2.67140945119129,0
0.5973675433022778,-4.503147924740006,-0.9576280043026217,4.824170885564994,1.8208348400559196,2.088504174575925,-2.012351679611722,-0.5336827701357245,-0.27252457809087893,1.9880169027040349,1
0.9606461178827215,-1.6266457699424939,-2.782021575739479,3.71731857332905,1.7721224860332372,0.8205879474806155,-1.120989184163688,-2.5979739603003225,-0.8428771424345722,1.4583665169923754,1
-2.0868877392617877,-3.16384426078322,-3.0926528494172385,5.159511048327912,2.8285096619231314,0.3140975225631051,-4.184611212462773,-2.6108457306342165,0.6462580884962654,1.7703419383315375,1
3.435691937791689,-1.5437606100959023,-3.289011591941307,2.427375464595933,1.6782872929663069,0.9240676741529121,-1.5336797357210024,-3.589872614443536,3.1373693548482597,3.072478735083214,1
-2.0011436293112266,-3.8897232143137273,3.22580603423558,3.1829244011417197,-1.009653472532491,1.34416544442373,1.9785654479090873,1.3317043794191288,-0.018199155116144672,-4.6340220711525175,0
-1.1024737612013746,-0.26157907320175977,0.4319049490725253,3.5049718780316423,1.5749463974303979,0.3189099370406352,-4.884472496293517,-0.65362011609884,0.3803893890094636,-0.9795258929212358,1
2.7548338392888363,-3.0771937936345637,-1.4567358895749232,3.41931620993517,2.5888612307997363,4.015271273817889,-1.1898712185540368,-3.314763283703585,0.8033551688839304,2.8938148164774216,1
3.351537996078333,-3.1738349018664467,-5.111594670889163,1.324349910771454,1.5795140020363165,0.8500202926004141,-0.6786096790603728,-4.21510240446322,4.35108103669436,2.162768936772903,1
4.177299900425304,-3.067407058971366,-2.2272494064590984,0.858623690342561,3.1931181026604043,4.227358523182985,-0.983304252701408,-2.808322655289004,4.367520521825015,2.9962423501440107,1
-4.203910657547377,-2.572151018685253,-3.348704304352588,-0.7252227526530994,-4.029494303090567,-1.4859643189975555,0.336101193823763,0.3903813893404382,-5.287758434559995,-4.086580856274162,0
1.5027395973683,-1.3272818031478433,-1.248938556563007,-1.4243405450954039,-0.8081823603671903,2.3405715251136114,-4.073178114398759,2.238886853964453,4.347302239203325,1.6779597793276813,1
4.247964891248092,-3.6352495710269253,-4.832746450116067,1.604627371615464,2.359731553618609,1.8849671838231676,-1.064810207065825,-3.4434495749900353,4.44728304425052,2.193965245314634,1
1.253484849407239,-1.822596847137778,-4.104030403907116,0.10932405492312625,1.9192262329154093,2.206467543125134,-3.0745278514264163,-1.8194557752997857,4.35058140583399,2.4528464555638054,1
4.237960010155812,-0.3393095344151029,-3.5588364055077952,-4.665475386071632,-0.07185300218511648,7.303262698580602,-2.731589851557427,-1.699377329070231,4.282119412079947,5.258426113919757,1
-6.198370142627128,2.585798804218464,-0.2905809913697941,-0.23287052704017874,-4.487606391598705,2.055225791978253,1.2793685417016025,1.953795210047481,-0.2906024848045552,-4.666842727469153,0
3.166451243362153,-4.014980066008028,-0.4761567640778024,2.8194762991780746,2.906314234076002,2.8646257828239974,-2.264754611796472,-2.9561811380649585,1.8970306775053096,2.3011233971607457,1
-3.4022633411405483,0.8338130925466554,-2.424186594275821,2.1637051453019245,0.33396323549047446,-0.5117794053708131,-1.2378224107995628,-1.957576265379231,-0.05279174309972068,-1.0287710119612519,0
3.985448692482298,-3.369757462610798,-5.097821343366574,1.1813956064341862,2.7393580100631327,1.489742219662896,-1.6880884624734782,-4.266863965262524,5.589720064155015,4.970784992501845,1
-2.1029933710886226,0.5597144469159883,-3.3150894849615695,0.392457968883416,-2.572176549797287,0.06717327130976392,0.16053706583746807,1.0718865703032154,-1.747672820706427,-2.394593852270357,0
0.5556024966675448,-0.20233263400982682,0.9959126304031161,0.5559079526244124,1.2584188380280703,3.4678297000469085,-3.846156094167891,-0.7706768618802253,0.7548764724022994,2.4430223600142607,1
-0.9823890907063957,0.9306608977311548,-1.9331810970760503,-1.0659414961328553,-3.8981048596826717,0.2387615949092079,3.0270604394886877,0.700209491220732,-3.3450157737205544,-2.26602097935525,0
-0.27012016140176853,-2.430255025474854,-0.49365628434789377,3.5289184648815146,-1.4011412589829817,2.2754964749089837,3.315838387900523,3.21058765263354,-1.4968637958909032,-0.9027660337385299,0
-1.4831830197669758,-0.5559825710918807,-3.622139756193948,1.745617455746015,-3.2316658155750915,4.342442697017249,4.444146851750181,3.7480616270224534,-2.112609879933295,-1.4884713876901199,0
1.9579978808378138,-3.82607400280633,-2.3184149624168215,2.8736531465441195,3.407836096687319,4.048210348934235,-0.7625483308995187,-0.9268034557705533,0.6105330212731896,1.7356612206742228,1
4.212959316107389,-1.519260097521218,-3.8192723570897384,1.018118345946347,1.8655016970364833,3.275761134627791,-0.6264867544537893,-2.989900110338675,1.51877458297305,3.476668129792865,1
1.4713583166819366,-1.3494256768728525,-3.45153598691787,0.3191970118845362,-0.303399710405047,2.5849356229037186,-1.779505351826394,-1.4027442026664723,1.1002895765275902,4.121633069258802,1
-5.825906938980957,-4.218303170015796,-0.6386053309769821,3.5481084846914905,-3.056995103807574,4.386882574420015,0.5777404131339827,2.053460779958729,-0.9056744161196193,-4.544997642253762,0
0.6897996270537037,-2.2188789398870306,-0.9909280041552311,5.677302760259221,2.5835876102589856,1.132542092506097,-2.5420053769200757,-1.097649129575822,-1.0337223419122306,-1.8104413596009081,1
-3.9597126143537094,-0.6587109579158019,-3.695176290035006,2.7287036053643003,0.021059701330509384,-0.5264651547641819,-2.778191238402635,-1.8365793994131545,-1.7153764201127966,-1.805130684334942,0
3.7585797157380356,-0.32363271285415784,-1.852864077876069,-0.18877765860817997,1.6342259093150573,2.5404531134387405,-2.881555233275607,-3.47501705544996,3.5169212770424743,3.5597063175906074,1
-0.2875930847367847,-0.048953506802951186,-1.1686915645555058,0.1009818408810157,-3.804504318736416,1.7891395777571881,3.7785627072363486,0.07081963878412378,-3.825447941397255,0.9855255350841219,0
0.24896596469349208,-5.762224689457336,-2.918679388061584,4.342486043146636,3.8915580770260423,0.661207653164354,-2.8410133402143187,-0.9670362001463009,4.762301293477178,0.21487050214224368,1
2.3197447935259836,-0.5501422509946097,0.6037511645025115,-1.5992863405757678,1.0913660758525832,2.282238455095623,-4.549993607911279,-0.4905176939018152,4.573650416734086,3.024303391373296,1
-0.14562571440281102,0.6403673084555335,-0.9128971708589173,-1.3546271190438448,-1.8113708054868352,-1.8812338322200244,0.08551587019654305,-0.052782064095893144,-1.5887362620704195,-0.4765459417033746,0
2.238980016229566,-1.5116855322210427,-1.171508566824603,2.0328742443111523,1.787253585750829,4.243891029820794,-1.0387552098351756,0.027475208151611863,-0.01691867956604698,0.17085706314836013,1
-5.503624074988846,-2.152563062454159,-2.4157375936942573,0.21383091676254184,-1.011932917722095,-0.7754097556292123,0.075693755234012,-1.223532459707735,-3.167744975867205,-2.65418029374346,0
1.6601794089446988,-4.4310810294519785,-3.1105216685950228,5.98335337706621,3.0963512317435473,-1.242541691554012,-0.8356729090696315,-4.693659230307916,0.6465325092272836,3.7977033788132912,1
3.1466316259514455,-3.5333020491295333,-2.1775285202439143,2.4048592207148447,2.151041976726403,2.420486018215013,0.24385047714826724,-0.772941901149027,0.2364222661491857,1.572300411513504,1
-1.3644214504604377,-4.4302964216468865,-0.8914018249576294,1.875731493898503,-1.3427537154403746,-0.16974157374295196,1.860911935008439,-1.3414413363580615,-4.4651729008876675,-3.354956927626327,0
-3.568079194287397,-2.5348028462359484,-3.0070301564183306,3.8836900920741964,-0.33252613678768705,-0.25945083250760703,-1.267579978464195,3.9320935491273024,1.270484287840672,-4.931444104418684,0
2.3781051260327497,-2.421991763281691,-2.1002270589702525,2.1304594025504984,1.4550088158870262,3.102670943249322,-1.4872489020754704,-0.676120881949416,-0.06052377138840326,1.7624809971799826,1
-0.004974500048858133,-2.539545691860909,-1.1122256271755087,4.583871667558482,-1.077117885586107,7.225497320044306,4.981603548431076,4.914158522250042,-1.1491214553767595,-1.2101671176624786,0
-0.2645014721494574,-4.676241995754399,-2.114853201293934,5.923674900884012,3.0746178419857815,-1.6449242008770617,-3.5029080247044444,-4.027868227093357,2.3007527209407783,1.5775003928183806,1
-0.5628891049969666,-1.6229661115939684,-0.7174192951195579,4.56225023670298,-1.4189063801117179,5.439237101839472,5.570928633661781,5.5126559407635956,0.15908677745050648,-0.4149040043085641,0
1.1881342768866292,0.012475402867188734,-5.097485150514139,-1.8089920759612772,1.037499424788992,3.1310156192603915,-3.255800867903327,-2.9763712016849917,3.289219901576131,3.9150766568531354,1
-3.4057154809098558,1.6092054397383548,-2.8522400925022104,-2.141887448457158,-2.8777251560441997,-0.8612948011248891,1.705088585761819,-1.6368627831330897,-3.904418656880294,-2.2404995255121176,0
0.551891287075962,-4.670826918765174,0.5222332415504063,2.8802854978928276,-1.2252846822264964,2.451533848617128,2.7955781100346186,2.2462144385097647,-2.0982966765000746,-1.5390669962300432,0
1.5100361706388852,-3.040177771503788,-1.2937867916360282,4.044952929903269,3.8202259419607265,1.7037391051516788,-2.790605563099666,-2.0831406343889225,2.5761244483647183,-0.9223981584359109,1
0.14527258397315013,-2.762837093538584,-2.5338694906989594,2.556587602901456,-0.37540355873636355,2.823984672511221,2.3579829216474675,2.080598019527126,-1.8366206802402152,-0.45841848978478383,0
-3.02414725044323,-4.760556663737139,1.9323879022785562,2.224924081505961,-1.0707478406084177,2.540271814055136,3.040297351016939,-0.3166539126998775,-2.2492283507744433,-4.170853916893584,0
-1.6730333553148031,-3.9489128164270957,2.7297882222228864,-0.877182598124,-3.7789078951590174,2.544478880793499,3.224951587883699,-1.260309729156572,-3.517951707825757,-1.8306172568132424,0
-2.4596529112229946,-1.356963491335894,-2.5906857956400087,0.9197686781718997,-3.376519804199874,1.3820162642128277,5.192145808044707,4.824093474604367,-1.8271975768213173,-1.9639722592195747,0
2.893417270900895,-0.2110339234834928,-4.205391214811484,-3.29362566932722,0.18310588061912103,4.480756001583428,-1.455163743400075,-0.9840604820576002,4.082261998076857,3.7780774364649075,1
7.03838533228175,-2.377034467432991,-1.8300214930583034,-1.8119182931670919,2.869828997299693,4.142773064248443,-1.1808369882120293,-4.171364424694248,6.640878212279422,5.548727443712325,1
2.1605367116321306,-2.2907416287666917,-3.7088948201252894,1.5350243202910472,-0.7700001856296361,0.1063996157601641,-0.8063699985911421,-0.5344690334087989,1.5921805000199927,3.448124796702639,1
-0.2031206252193667,-4.332747124246759,-2.8161998425329995,5.348572579436359,2.761519166466029,-1.7156166945032845,-1.1101417848975306,-0.2944110052240947,1.7092421418824137,-0.7207085538027402,1
0.24951725030387983,-1.3279250019452211,-3.6394068867228913,2.98842767046493,-1.7029312118310518,1.99549713413374,3.386778539724159,3.3803494771428957,-2.19733543393461,-1.8215941496714405,0
-2.74564706038423,-2.008428528273257,-3.296717513482559,1.2758322176013763,-3.941386203464078,2.3402777703683135,1.9071921496204813,1.4033574204681931,-4.367817883136756,-1.8539812064240802,0
-1.3600223738260016,-1.6385335435714308,-0.7690474583159008,2.1714823793487352,-0.07102956146991657,2.9048116102338053,3.3796687303925,2.826184687081329,0.13045680049746666,0.6226439962923944,0
-4.152308682528334,-2.5126981332523517,-2.2160436684929894,4.010866747164836,-1.6727711748660832,3.7145574902740046,3.2046556954228067,3.104363625614283,-2.230032042001393,-3.0642022839669147,0
-0.9440396297000375,-2.2338837303043992,0.2272300497669688,2.641100693514499,-1.013847434453414,2.0201347255317605,3.9592595152451215,3.698548599409464,0.24418695418521486,-1.0100006228835343,0
-1.0318182184452607,-2.684847854359105,-1.2259913029085543,1.3825538174058294,-1.772027991986997,-1.5660007283428223,-0.15493036974957475,0.9911623259269782,-1.6992976501019506,-4.372417637110878,0
4.554825789390572,-3.6177166004771157,-3.0065121596117654,-0.5478589569344638,2.1634731437544277,4.77934394861308,-0.557873205717833,-3.779452745199358,2.9054999337305687,6.254835987767073,1
0.8419263764935374,-2.461886754050887,-2.0735659790380803,2.7032426716024105,3.2184756106561725,0.5857308718082124,-3.257155615831379,-2.9246868949955838,3.415940572526293,2.445067461029254,1
3.0914672848706535,-3.098112367871348,-1.9487103749477463,4.1366430236818825,4.130602106675901,0.956485411055036,-1.3070117516874018,-4.1338009090266175,3.196784383171777,2.7232749100711087,1
0.053523103760384494,-0.7271220688947453,-3.786268385407547,-0.7618440037126057,0.6478023154251693,2.8200407631788087,-4.18724251999452,-1.892558583137339,3.443767281287009,3.909929023430929,1
2.5395113067513115,-2.5121642686449173,-3.4209337081843074,2.2262402251955247,1.8309306393675209,-0.8239956283538015,-1.303130383572134,-2.408751423954127,3.6150546076675134,1.1661674967976414,1
2.3290442623549206,-1.1988710687422202,-2.936914781642499,0.6130763626606834,-1.9386260383632645,2.2596944903078438,0.28327057113595133,4.327541745604293,-0.12023031755299596,1.7149038616938528,0
-6.3530693030182634,-1.3281921589156176,-3.8474773183116984,5.045591987473047,-1.2180044290974852,1.877664709980375,-0.5955240494467948,2.549282594898973,-0.7710275376989788,-6.358196664721388,0
-0.1008755325667059,-2.7000708620315774,-1.8264326119026428,0.46048572037025126,-1.8255477290233577,1.9107318427150235,2.9417910265244664,1.073612900200109,-2.95582289757565,0.6163284786430245,0
0.14432427161714934,-2.0210731892535323,-1.5592759828466636,-0.7834763925896944,-3.526358720948406,4.08237051209216,3.5262960211019267,2.9042884051080695,-3.1225739604044405,0.5469670922055396,0
1.887043860910702,-2.2611375349346066,0.6894400402876468,2.2450246095502058,2.73529635984848,1.3093679832983272,-2.0122617672418404,0.3715655909258184,3.0118221939118732,-0.07235761822377684,1
-4.945660990550861,-0.07255173736477327,-1.9767356200753474,4.592955263201743,1.1934714273321747,0.7871520053106842,0.8698373794998602,0.8079752868714833,1.509510143010314,-3.2446194880408816,0
-1.2737233833019026,0.677141021121094,-4.778442534707577,2.6458230806391807,-2.778826773535305,2.0936594840173273,2.959705316461784,2.436091562275075,-2.9628718368372713,-2.1331229766858737,0
-5.115940299543879,-1.8674364452832803,-4.008488901345949,2.3893106825863435,-0.15036180739990002,-0.6907483809921304,-2.5848838273024928,-1.2117495864328913,-1.1179300082863861,-2.5889016550611195,0
-0.5407052642233419,1.0022822767020494,-4.085790968827251,-0.529760634952821,-2.5413211092202106,-1.4084791240876386,-0.011564998459748566,0.453685311417682,-3.0689207872105158,-0.45730466324310526,0
0.5432236553262906,-0.024369702415131922,-1.0775995026914038,0.43079746325972423,1.6346143704851617,2.8090428018307234,-4.834883487158592,-0.568455063775509,3.4026332202350007,0.5908321128817364,1
-0.3944193790023438,-1.317275601821605,-3.3986483944916936,4.010942756126505,-0.9060187991711308,2.9398048583287135,2.160013371934969,7.440320844295241,1.3827985032501666,-1.041075233917861,0
1.4062859063994613,-1.7227383844492241,-4.750835577926023,1.2191064257501938,1.888304142512646,0.6163364978571915,-1.3305037185955957,-4.398830781526176,2.7678852722368985,4.639068130986267,1
-0.7984554848503294,-3.739505217770132,-0.8142130183206773,1.6732320517077812,-2.6566705095915353,3.333732111991969,1.528610650319704,2.864344905728848,-1.8630664084958652,-0.6355820522148439,0
-2.202968654891137,-2.004526351418425,-2.7203103406317997,-1.7651585905881886,-4.248569733638808,1.0328834332453756,1.699593975891252,3.3831071150623258,-2.8308208004688433,-0.6856330782780684,0
1.8902319974139346,-2.9268873897650467,-2.835164837327697,0.9873430180090872,1.4003701987755393,1.426814127636563,-1.3371261772872902,-1.4538499402049818,1.9679286327424634,3.2511557287762383,1
0.2286580067579176,2.129494821258387,-4.7425565945489545,1.2861188288509595,-2.4933632295648396,1.5860045660820858,2.624931522273229,3.321982391515025,-2.0395112264454753,-1.0443079829909991,0
0.6954222766517324,-1.7330402335796538,0.03169879638995132,2.8372370317494133,1.66520053972249,1.682946722984208,-3.4532197039267483,-1.540420907744792,0.8611071993495176,2.3064896038492178,1
2.5220196426411086,-2.436344542397242,0.9627932266437949,-4.180240831404269,-6.604691391895925,-1.9061544949814522,2.9685453435235667,-0.5636470793394799,-7.230746078171179,-0.5471066803038076,0
-2.7666469398442555,-2.2601928854777786,-0.35746814261819315,-1.906746655653074,-5.467385281508367,-0.5885000857044296,1.357119483305718,0.2768494650339519,-4.810710320422593,-4.879343784429269,0
0.8114882261103729,-2.1254420966388223,-3.2812822695010304,1.6605801047933797,1.8040829596019432,2.418788263555649,-2.824770314855572,-0.08855711635447983,1.8753782267946262,1.954616422502693,1
-4.299179549417548,-1.8956154983698474,-0.7327944362638601,1.0321291573344369,-1.5700853800180887,-0.32530295850343416,0.32526505011313533,-0.5737843776280456,-1.6921127413858095,-2.8971736256340677,0
-4.171442942139935,-1.8189433514854982,-4.884743896839755,2.209727036247327,-2.8642730163250696,3.2685216137299933,0.2425834644356839,5.406183539062532,0.11082186664966054,-2.996218490779773,0
2.1107159780497073,0.08858531248516455,0.4531589680483443,1.4130453850694427,1.4773525204342506,1.8257419625093378,-3.3024508902645167,0.437586192308165,1.4252541710076412,-1.1959405836981092,1
-4.0791684187182735,-1.8490406010203915,-4.897219637841994,3.7751610307066064,-0.45709860057483787,3.6305108620079665,2.339268550101136,3.725676909936659,-1.8127559972753853,-1.4350586368238036,0
1.1801228082776856,-2.5761499090555,-0.3800750381851139,6.210228357599024,3.3025216067524914,1.6199844635062195,-3.134085868786678,-2.5186784613526583,-0.2010108945486926,0.6409924920010048,1
1.8595824125920344,-3.210725038019893,-1.348385632620177,4.371975882567394,0.5107071126724179,0.193088993370653,-0.1915802482923148,-1.0751340507150626,-0.14732640494433058,1.4829159711086795,1
2.4747112016828687,-1.3368694167179753,-1.3153893328137682,1.2656034168595305,1.7236051796140228,1.2072459959641701,-2.7897839593041653,-3.227820490404858,3.2128365827896763,2.232147607690992,1
1.3063677307368513,0.7442726496329573,-0.20720278966421457,2.795206915661114,-0.5960463616521909,-0.3455228155396912,2.0315776926556786,0.5689027442095005,-0.6740662595979285,-1.0607285587422206,0
-3.5675890621744775,-4.308051317991199,-0.4762145154019668,3.5485939552972963,-0.25351433201690576,4.404065947702069,0.9807832051393457,3.9527945840947307,1.4787199730661325,-2.221705427306511,0
1.093685917735086,-4.635898654794527,-1.0843991409041642,1.7774088320661987,0.08534026932888183,0.08741528795436104,2.5832447700566785,2.36281704540372,-2.2183862348713763,-0.8547822278738522,0
0.7973674892419904,-2.2621414845211008,-2.33303827162742,3.125842827297783,-0.7374757445844204,1.5843283144052966,1.797622915582095,3.0144327253454843,-1.382698019458406,0.9350094396042485,0
-0.7121805872033435,-3.512516774215932,-1.659361849540244,2.039850507715466,1.175883489860725,0.6241406795767055,2.0300858600576728,0.31071681172038623,-1.6771397110685742,0.1569662524399611,0
1.6019536711225217,1.5063544140954614,-1.9424863086919137,-1.4481621746197249,1.6593607531574681,4.011188638888373,-3.613650986010507,-2.5366985379670055,2.1698235755333704,1.0875078073776812,1
5.290879497887142,-2.4457712428185543,0.5910021591912509,6.34407032313097,3.578522200308527,2.090004470170771,-0.1252779075227446,-1.8439770536349591,-0.6519640171730146,-0.8261693719902143,1
-2.456038018640113,-1.6640785579919637,-1.4057573804868446,3.773453992244846,1.6496689225339565,0.02200016391501025,-4.44257011931804,-1.3448798561378255,1.0104698581560987,1.6358519381525705,1
-1.522843046231302,0.5019856401050466,-0.8416445563693018,1.3657256106526856,-0.616533224257946,2.9309037637289705,4.330624121234226,-1.0043594078819362,-2.1713889328817237,-0.15417277389528783,0
3.823843875906676,-3.4537374905806333,-4.9196521580564685,1.4741626951526516,1.254398858057645,3.003472110277027,-0.9961804848997078,-2.0533631299115584,3.763558318689736,1.7660766259914042,1
-0.8321931176674369,-0.9206931737155768,0.6573195825921991,1.9082135690730189,2.5029773574891974,4.0714361215395,-5.283812096299345,-0.04635344325033208,1.7416559020326805,-1.0865998412675366,1
-1.9219427532683455,0.1855712531407594,-0.8837059396838622,3.9945998450523366,2.2326407470808083,0.01959756670079149,-2.853726204222653,-0.9297354675128702,-1.9872156276226844,-0.7079569464743027,1
0.7523829484134783,-1.0675953959637496,-0.9806541157630053,2.7042230105554816,2.348448903549165,3.9703763291299774,-2.966555975939021,-0.8008429446883094,-0.3861763961072531,0.9865819295734384,1
0.8276686030482665,-1.4572767593663873,-1.513610116792039,4.091559264718001,2.5104277596591285,-1.0538428725352431,-2.389824552793852,-2.6063621806618635,1.0929748863826476,2.464915112735007,1
-1.7327957658014506,-2.0978609344708032,-0.31244394826566513,2.2875729386338537,-0.09315923182182662,-1.3383394168742395,1.230482166402605,2.3660587270398343,0.12870017523106858,-3.9617022264833173,0
-3.1074628174473204,-1.8581942441710688,-0.18419279080546969,3.756445678668996,-2.946747894700564,4.583947852772768,2.663521111401864,4.371940786168382,0.38139200985672117,-4.005099744206658,0
0.7709470581379763,-1.4131102361970749,-2.9723782207274603,0.08539242623385412,-1.5012641585440254,1.496493764024026,0.10367085771093243,-1.5385466727444417,-3.598007720297936,2.075536274429715,0
1.205717654382116,-0.24414241313786822,-1.4988621613550404,0.0881913303187376,0.7215366672351322,2.1504157813013443,-2.322426378795569,0.14303210907419706,1.5941683491312653,-0.3484568019631893,1
1.3797052355802937,0.03073725611315936,-2.902917430126171,-2.381017207158081,0.0026281403775565426,2.4987206074863835,-4.9002041782849055,0.268729649422526,5.209842936462673,1.4957515219343591,1
3.3666136405551024,-2.283209756424491,-1.8154167857643309,0.5149866314761047,1.1250196369278984,6.321443676267556,-1.0587277970058144,2.4089872831689174,1.5446644076897198,-0.8911563462425582,1
0.8721738543565725,-1.2151816955869776,-2.5850938744135505,2.3161552207958227,1.701535436704468,2.2925532284680825,-2.587350128396121,-3.8760802929661438,1.3876429295375114,2.3885075021500226,1
3.6956511876581377,-1.6400729334835207,-1.6613243746549609,1.5809004302056175,1.8637312973003906,3.593977294279532,-0.394144043278176,-1.4682279979133224,-0.20570233611091115,2.8793941506365863,1
-0.10483575891054908,0.04977096907506828,-3.058688846048544,1.4348180201504568,2.3391234909234844,4.548023321442157,-2.4696956647591186,-0.6996194844757588,-0.4677082634367631,0.20634414295083015,1
-3.2116843207805896,-2.4677302020390166,-1.741439892836017,-0.46459188369906546,-2.7915930974719263,-0.1209281087753169,-2.2734592756550773,-1.3397159742160807,-3.1953331806793415,-1.730284538595607,0
-0.13024135818700167,-0.9933147054876565,-2.3899068986803917,-0.6196986412708676,2.3456515774162403,2.6463216205885893,-4.1767877673451554,-1.8826868922628541,3.8151286329584133,2.6365686275251035,1
-3.5650301680622225,-0.1898760536376487,-2.242857215009027,1.222854403471823,-4.044769568811789,1.4722595365698092,1.963047735690816,4.284614853188282,-1.9414425587910786,-3.4127448079239517,0
1.5737660149517945,-1.6659601969744973,-1.7446537655440428,1.3934873688056888,0.7213851202362456,1.3610161101721254,-1.8312872714005202,-0.3559549102736379,1.5628924235625146,2.0369701290773503,1
-2.4898731968187495,-2.2322464844133374,-2.955541180224949,0.6194777269629315,-1.4956536114383598,-0.32860753505742224,1.4364151022138785,-0.7511704319179531,-4.015054167641857,-1.9895412739878149,0
0.878651944404613,-0.1457852327436524,-0.6799668383865765,2.0970679721709433,0.7804993229254849,3.003750720649901,-4.215134013771102,-1.2925690870100754,0.988974813538972,1.667742367656031,1
1.2020609228041863,-1.3677078964223899,-1.4746509821333351,2.8415000096826937,2.829116683864446,4.709012119443138,-3.880852344876463,-0.7960534245565494,2.019547695024099,0.1068276486921238,1
-4.122794628361016,-2.1282884918865497,-1.9803553393549431,4.609613083579417,1.2562072408421994,0.6488534679500357,0.5551183370588855,1.897214314588332,0.18570424803679186,-3.7630374077208444,0
1.1893322156035233,-0.4457411913730216,0.6612561095873719,0.22201615503243177,3.152880696539503,6.030253057895708,-5.202466325668974,-1.45296599358667,2.8847987666874486,1.8018706631223411,1
-7.142282800289647,-2.56646242477109,-1.4436018085403062,2.330261343745285,-1.864137996348072,2.8722205791462945,1.9937429137408957,2.807735334290009,-0.9670587775246793,-5.254562112175634,0
3.68960164755417,-1.5449312990274668,-1.166413097251801,-0.8044057886001643,2.6161814494354005,6.659460408325914,-4.414389320034993,-3.545491570744189,4.02602586579142,3.873577024925545,1
-6.130692254431268,-3.157588685357644,-0.8786706591155182,3.7526952747849442,-1.510931274852061,6.06478499413109,3.4599159158500505,2.0164494246238416,-1.908314952876221,-1.962290799642883,0
-0.2108046425113579,-0.9350505168855621,-1.742232584380873,0.9665160952182299,0.6010026819046494,-1.2745609061545702,-3.304054466202509,0.6656568401297869,2.844670826527677,-0.5697171740631806,1
-0.824733758910376,0.0037943464056540144,-4.211100025443745,-0.3704028126113421,-5.537066703874543,2.5068151949758657,3.590648515758711,4.384350050169928,-4.224481483918539,-1.9534972404845492,0
0.43519207445261787,-3.356589012625772,-4.5679134014160425,3.035728102292719,3.7488279991002376,1.6455580736744966,-0.5773730077844461,-6.770249450211925,0.9849540510038899,6.762530033222217,1
-3.8200711054893652,-2.0119868652215276,-1.8245448098503718,1.8825658557753022,-2.9513752731177916,3.6994931886247437,2.829830510739334,1.109519652838089,-2.7678081990167067,-0.8868140354372924,0
4.384321082989075,-2.808310447814795,-3.6413819384682276,2.5207006363908206,1.1850686056247848,1.668580346768986,0.47012851017557855,-0.45480264115536384,1.4909343611401318,1.0913850557019185,1
-0.5715670103693113,2.2716243900316266,-5.348378278462972,4.164026352492089,-1.8070814319164794,5.3616769425658015,3.417358981321449,4.637642343423016,0.32141917708296264,-0.07446648296623315,0
-4.591504181788869,-4.106412072109728,-1.7921814034878052,2.1987964389168395,-1.8899097288888422,-1.9759227741755234,-1.052173980878346,0.6194839629278404,-3.0144497722093435,-6.190524579743946,0
0.31623430162219224,-2.3129268462617887,-1.7200277166926443,2.301856339212028,0.0035334956076229496,-0.6254951175219996,1.6964679905719358,2.716650463351991,-0.4501976344688863,-1.9863694429457006,0
1.2257398401075714,-3.147958585381458,-1.619022792121951,4.998937573363429,3.885440808384227,0.6137319251060245,-2.4248109809600855,-4.497973596724609,1.2839637156218253,2.3733459044427887,1
3.820856194451277,-2.0977013449210835,-4.423755558500671,0.9554300183308022,1.092406155000939,3.419942648438258,-0.225101908453879,-3.5840216291820948,2.1340683233481474,4.012623604889505,1
1.151559993744303,-2.8153927739594313,-1.1787125478626264,6.253947481122529,2.855933211413574,-0.0026114081796526634,-2.5582844372304,-2.8731575375347798,0.13568437614012585,0.9907609889281022,1
-1.5890599346798535,-2.894974044180398,-1.3649842699467123,3.890713392012572,0.006053858069243745,1.4591215102298083,1.8894320389746149,0.8197723929992387,-1.6518480114246117,-2.2222885661554486,0
-5.34650456771054,-4.434800385128787,-2.385471247283089,-1.551978648020734,-5.246477738466016,-0.955367316518799,-0.43903738186624874,-2.7723802339561088,-7.302097840340332,-4.973857621727738,0
1.8828079581653303,-2.788003629316806,-2.2546783520486784,5.659248071230864,2.7271254682968373,0.7289350636117777,-1.4998491356082693,-1.9698763391439282,0.41817784137919745,-0.8234773927439853,1
4.47136901675257,-0.18242632505580358,-3.561132013118594,-0.8638180398964677,0.35226103717950963,3.8797074153408886,-1.7172008550040951,-0.6436214479677775,4.126228862786054,-1.1366808702636009,1
1.7154438514357426,-5.339691196837935,-1.6123694380690365,5.76680942346328,4.279107302377762,1.2177198569527883,-2.2967268586326273,-3.4514266073461686,2.367329001244047,2.772454395373372,1
-3.3443108525989826,-3.260774345892009,-1.149486840374764,3.534307996575815,-1.7007784174847773,1.9181445489563749,0.9761334773406716,1.9978709429370338,-0.723418033812337,-3.2689621082711238,0
0.09418447163062216,0.6308040488335842,-0.3972508205914671,-0.5143509872614578,-0.6726093174229035,1.2978769553450555,-3.223669060202086,3.0694015089370534,1.5831462534331115,-1.4314911311363647,1
3.696715338014494,-0.948513115389148,-2.620412611805722,-0.9150134908020453,1.306520164314254,2.7291480986618146,-2.218604686190077,-5.139682492806591,3.7333805053508344,6.1740543344163745,1
-2.700477054774522,-4.0093452625741435,-1.3599325944159348,3.4523249957510034,-2.5600262030301733,3.6404966541063724,4.200811511894095,4.420113871313752,-2.101721149478813,-4.430095111300682,0
0.8406735604675561,-3.541612625971916,-2.1072128809984,5.027009006379492,1.5409152538007755,2.842843479152766,-1.6404878913562726,-1.4457233914703629,-2.068456743732325,2.1468742600445547,1
-3.321963112103573,-0.9497346883676785,-3.3768784582253266,3.79066563200794,-0.9508684722441698,3.35756689463618,2.7033590457859886,2.035733563341031,-1.4666695652027044,-0.22260712216834166,0
-0.9254859869885694,-4.044291493965046,-4.044322959029568,3.0113943396260003,-1.9398501686228204,2.6405350010243995,1.1180671122773196,3.2849165686349275,-3.096953735830545,-0.47460181275377233,0
4.328172449462633,-3.957641479570842,-4.489619496183878,2.8412720857499245,2.4322788707462677,4.993246841312294,0.01643290049777102,-2.6158261957293485,1.5872081959565114,3.4800894256787362,1
-3.1658153670871165,-0.9462125685813709,-3.415573462367642,1.0548899760622725,1.7010692040643167,0.9226478357105437,-3.298502271666983,0.061755433948891714,2.4188924277642823,0.2313559301377517,1
4.129212209693024,-1.0830397778212713,-2.5643258189001434,-2.773217003099141,2.8996780220527008,5.492487650051613,-3.783112171100809,-2.7778078802411152,6.708201815911365,4.509807082178164,1
1.7459306656133082,-1.0266271899724955,-0.7617894752613112,0.1509396408516872,0.4792643734709272,1.9453501134978004,-3.1221400505328716,-0.8608118632203141,1.7257811320077454,0.8276711069127496,1
1.550220406711138,-2.0576449465138054,-0.9618479456168796,4.617428457119359,4.147754212589576,0.7689298297629057,-1.8746156032805408,-4.641093868936906,1.50721003551178,1.9255899621723167,1
-1.4042123852725092,-2.3301839419869776,-1.7292693978967641,6.84612404418678,2.141226617691344,-2.267443273457051,-3.5676314196966903,-3.5851727641384237,0.48072347494487055,1.8870870958178239,1
3.0840140065260426,-0.9335746215820302,0.6932489615415607,1.164639635511493,1.728621075382517,5.555395886967013,-3.163295969581619,-1.4852497054080604,1.2397449359936439,1.2796267384884645,1
1.074348249719939,-1.1534597519627983,-4.533798498444096,2.50018309002535,-0.2808478686486733,1.2481447338402751,-1.1256747181740843,3.177020922927721,0.28546496209012906,0.5820577257440207,0
-4.04057492389308,-1.1774062812387025,-1.4408369450495924,2.611956850799247,-2.016880232731947,1.8654398549761313,3.7876577467649155,4.099366642484741,-0.8661669680238984,-5.245064330475634,0
-4.617320448807572,-0.0812122016504262,-4.324887722137067,2.4527183935516694,-2.1598160781610347,2.7051442106634713,2.044619452705906,2.684509708120338,-1.8222885371041961,-2.0130383791219475,0
1.321057951440495,-0.6570135123134397,-0.7936435361259713,-1.154297610556997,-2.1093426456823394,-0.04307790907840747,2.712192627411084,1.50403043826832,-1.6782984023970224,-0.3563117338078201,0
3.0783787059977543,-3.636787596336794,0.11351607513436734,1.8382345047626418,1.4014827943799646,-1.4897434096265738,-0.3882846394152031,0.5241386430543933,-0.31541678605548107,0.3483691080216924,0
2.245553988030898,-2.693172062776886,-0.9626847681981354,2.780328965041597,1.6339137313117384,1.7630428093110428,-2.4014899601767548,-0.8543059101206545,1.6622977264221976,2.369402449584602,1
-3.1664990119694285,-1.8666455422190593,-2.7563200447546654,3.3637663708286687,-1.169786529872847,3.17106495207081,1.8132384837070172,4.790229122641672,0.23505955349612817,-2.699111848043225,0
1.8000113670288178,-2.893355767248937,-1.7040763809631039,1.6290251086751844,2.621241164869314,1.762719978375744,-3.7766059012542894,-3.566766519684202,4.047371092074311,3.922649529476095,1
-1.5034359855049115,-0.8932841800738933,-2.091554664651489,2.5080295310358323,-2.108525229397222,2.5747393153871707,1.9451584179864265,1.9086067050533762,-1.7654971106648132,-0.5646054335983992,0
1.5606066997183596,-4.04679112861605,-0.8934958303970288,-0.34451709356517624,-1.2773035487539093,-0.4746342416049911,0.8107014557603875,1.3142977772311277,-2.9491872078921713,0.6230944112988248,0
-0.2508602316328692,0.03452136953796359,-4.461895854561304,1.6115301328524168,0.4959402939125277,-2.896088242016085,-2.3992818874822173,-3.977946676791488,3.3019673185811973,2.549105491073135,1
5.76355245748459,-5.003326375691774,-5.917582849612533,1.4789972434593985,2.1187609346254486,3.6508796381211845,0.9253497014792482,-5.239811801384299,3.987505462713079,4.250206487547052,1
-3.6508337992488222,-0.7412738074682761,-6.976419165566342,3.313618600153705,0.7971890763960143,-0.47274135860819966,-0.804012306888898,4.33038881915328,0.5455571437615405,-1.5667266386538288,0
5.038487115746218,-6.1366419395058625,-1.7836076376925787,6.463202548119063,4.032937959302225,1.9340697610900603,1.6986828911496872,-3.9756411876274336,0.007243193354961264,3.154106764421643,1
-1.7720661272595275,-2.0355511382928744,-3.104034978759959,4.576261158860023,0.5336435865472273,2.9571301698787953,3.4380565872306637,3.4738177871440286,-0.2964184799416487,-2.800047433214123,0
2.76406807420391,-3.3394807837843667,-3.1711513603366077,2.9324667078590925,1.8914383926643412,2.8883559430478183,-0.6882425356560045,-0.09110642149535075,0.8703858583133213,-0.6898386195090866,1
3.9252906666073324,0.953545055742969,-3.675644267483902,1.6618756799204504,-0.8108506165102916,0.044865309565711886,0.9803704903856831,1.406384361834054,-1.6409331920006363,2.7089689751125636,0
-3.8932527401620574,-0.767722563995435,-5.632494785987348,4.138944789700782,-2.359197005998582,4.868073883540484,2.581766696736798,5.382546097675656,-1.619623657140644,-2.0154671663433232,0
0.8314493163739789,0.04647302812341447,1.841179125511844,0.043315846463025665,1.4156384019720578,1.4297880333694435,-5.025316299997796,-1.1659240252271312,3.297194055099448,1.6358763502307279,1
-1.0205988052385946,-3.202909565045882,-2.9007746994853987,3.026721306942263,2.6288071883337754,3.9829791710876563,-2.90946719674867,-0.9284281906437015,0.9418687679863751,1.4167259748663963,1
-3.49306315122068,-3.804443067919511,-0.2988621159722218,2.6206347768670457,-3.4783985164892433,2.6016490092060733,3.1185873827901402,2.3659039307235674,-3.460803662528913,-4.814378746077507,0
4.232844215172162,-3.4122651271232423,-2.6885499589652597,1.7248047768024246,2.5801409719018356,3.2330890771523846,-1.9339561028692767,-2.717952344219998,4.101011991430724,2.8345176228465006,1
1.2828693215185631,-2.294932734351777,0.18247818432691698,4.979738104845122,1.6551086440654332,-0.7236087742249424,-0.47172903644416464,-1.569965794324862,-2.464681291121261,0.2678976787801579,1
-2.386054409757876,-2.486666749549763,-0.548192258202961,2.1327372822157913,-2.521122887033473,3.1944831774439546,3.0125897866890883,4.854455237283639,-0.11907471795592439,-3.8077675008138643,0
-1.6994441675029148,-1.5534090850332154,-1.9540505665756598,0.27050699910137777,-3.430853360167484,1.1184032626431395,0.5015530124476442,1.3812227953647342,-2.510899329275335,-2.445677240869014,0
-0.8073807251010705,-2.7390592311769435,-0.13636181117328006,3.116388678306329,-2.627664935414587,3.3185455683473215,3.4672735039833382,1.6795543541846603,-1.8983786851100986,-3.725445623965068,0
-1.7534853474025716,-0.9283846898091832,-4.997690329779343,3.02801411744473,-1.2379433061372507,4.783654783690663,7.072991757984984,4.65085235455589,-2.9136093099196287,0.11584310427138611,0
1.2555228835733394,-3.084706168093927,-2.031500482582431,2.2524642232961805,2.77116838814257,-0.2729175872685099,-2.9602833413793284,-2.3631756297893833,4.777224905268115,1.7707455446537301,1
-0.528737188987116,-2.262075688381177,0.563671706582709,-0.02339443847529843,-0.8924353863896319,-0.31039740852832454,2.6531406970572786,-0.7217050788785606,-2.3388175199322387,-0.2684025361476656,0
-0.9201196972926675,-3.159857999622456,0.5138861172637412,2.220508315762149,-0.9550378791122711,1.5324647788021708,1.2611104743110948,-1.1815602361667046,-2.4130034765440938,-2.3858837467837817,0
-2.8098812159739763,-2.5342169199039875,-0.8276865932397757,2.1164819813509457,-1.0939364194997787,1.0719989386374833,3.180672824724542,2.2604182614513384,-1.574263978175261,-3.604625068403039,0
-0.929522485244834,-0.9795509715588786,-2.638052521649054,3.6003171666011564,1.8104406094330847,-1.0195563111667898,-1.9272909765537882,-2.4386705449234642,1.1339854590515857,0.9519872897222832,1
0.4013805007691058,-3.072718382800092,-1.0181291272283084,0.12226799541786582,-2.755184708636205,-0.8617663447374104,1.3518327920193667,-1.4586703014100397,-5.5686436200671245,-2.5372368884723975,0
1.332294414238644,-0.5039778879068086,-0.6749959656453968,2.542194315340847,3.071957429707683,3.2695088616894212,-2.0903160265319642,-3.1912137673559595,0.5693128862544756,1.7566024825418574,1
-2.198183131513676,-1.827812165625861,-5.842206706036624,4.011145389240493,-3.516827975141431,6.077568297160773,2.4232022852249346,1.981557982596823,-4.447313941586048,-1.6828486547422936,0
3.4014031392182185,-2.4408025050688535,-3.9809367462398715,1.6243957660925887,0.33519351902434,2.837553783521301,-0.10780415445424185,-1.1937012974889452,1.7033728072843741,1.5659492598155142,1
2.4278173299259556,-2.9126993228206035,0.22222639118922682,1.2881863511545733,3.972982896831799,5.970259876223334,-1.8722134115769637,-0.9442712655444896,1.958469260263894,2.877918069204693,1
3.186160235732495,-1.6556659305190475,-4.595949469856622,-1.9615069835654513,1.991417519348917,1.3710459422287387,-1.697418023177442,-4.798797518560375,6.673368520906074,5.949986435305696,1
-0.4342367212446676,-2.5722601868205204,-2.2219903151695686,5.01776059075141,1.364911287811553,1.0882024814387754,2.2707993616570317,2.5275407026112986,0.09169712043076439,-0.9301581202564906,0
2.158446761540964,-6.221428874974889,-4.165466886415824,5.623531672016786,3.9658617341371505,3.17482468082273,-2.0461154262597514,-2.4993279504877814,3.044178350195797,0.274284540407989,1
2.7426085389251362,-0.2814046300553892,-2.1712377553563464,-0.3774497150197895,1.0961671730698812,3.587343045897161,-4.0250868925819105,-0.32674090134505995,3.4695451486580877,2.044460270931908,1
-1.0379754407162656,-0.6292981391302286,-3.388125807455772,3.4503336878897164,-0.43240193170635344,3.223557298281391,3.3353845481000475,3.550733750333769,-1.0508430221196132,-1.3138026055221401,0
-2.5761347818880327,-2.3524206251913298,-3.0777678905032273,1.152658959620894,-3.1830178316503526,0.8175277785962898,2.896853262004966,0.6572696200252337,-5.216874572852998,-2.8306438973614365,0
-1.053420087850198,-2.224743883430134,-1.3251542940049017,1.9262821069057166,-2.1598712503342963,1.842003150210293,1.7102573448703564,2.0351599877763342,-1.639974140823466,-0.11055763243487893,0
4.412570106261864,-3.5027680537290617,-0.6812258415451233,4.788843566487232,0.5335252817775391,2.793130826911555,-0.189137538958152,0.7362973688659937,-0.8618003662327056,0.01766569922458605,1
-2.152853537409998,0.28863303566267806,-2.961001277287317,1.6805107133311747,-0.5981402265012834,4.356117809772096,1.8502523457568458,4.0402423657826425,1.1845065161352597,1.3258974411707034,0
1.0171142059825735,-1.654868358961534,-0.09776778004937037,3.0467665324489515,1.4213653105000434,-0.8649723020016102,-1.983527120141878,-2.3548990769056033,1.9204596208343887,2.7649279847476147,1
1.4841630606607141,-3.272941939022253,-0.7451428112182332,4.738367540222768,3.3995981984827948,4.045324965398018,-4.531282442799162,-1.4222562631094837,0.5759267432268127,1.0389135248549324,1
-2.1283507802457464,-4.220296902059222,-1.3741273215593446,2.4118877437084776,-1.4005754480427144,1.3797583874973292,1.7823132491083815,-0.49482041040691893,-3.6411218555888256,-3.1140717683570696,0
0.9188051623428402,-2.2219224115574994,-5.372646002611257,1.279210014220987,3.2170811438928184,-1.7036476240335294,-1.9262626175999409,-6.61252457926272,4.44360029063551,6.055927403110554,1
5.359872668601408,-2.2445786719363814,-3.1579699426814685,1.313004447436814,2.5624793032966195,2.706311429789395,0.25861658125366027,-2.069398997688641,3.0731338026720083,1.3537813348440404,1
-1.772996700245947,-3.2462106325797917,-2.064097362426718,6.262564642415081,4.088626794009875,-0.031038493014608814,-1.8259605013543394,-1.9278297752622664,-0.6105508662291421,0.5387938442847211,1
-3.577990478997397,-2.195481148638107,-0.7223519712900379,2.6567377634430716,-1.0964031012579625,5.335131893024407,2.0622731329405464,5.345313902675932,2.3923144689725158,-1.4079118549908647,0
3.2935291874348627,-1.2085631564096706,-0.311420661077366,2.8577681060419655,4.2559109133441355,2.8339274410390547,-3.623022904082831,-2.7233149291986747,3.3748284737414282,0.4381067920654742,1
-3.4462116872698996,-1.6839330460672326,-0.4949612459642039,0.7363591233672768,-3.675426896503865,0.7940595927059102,2.1395415793280264,0.9915180291085486,-3.3233371977782387,-3.202825350046685,0
2.180525237937227,-2.2233762337856957,-0.3440567293239811,1.447507634792868,2.5312062975120875,0.4273687608243777,-2.265613029447577,-2.1477199067447628,3.719139464328303,2.7529088858349295,1
-2.3237364712541537,-3.0095312530524847,-1.935269894582385,0.3988546291629669,-2.7394771403580838,0.6486394190089686,1.830888909377786,2.195456977898388,-2.780324149886366,-3.9117448859045236,0
4.197499095121022,-3.9810643985549383,-1.696205808901862,4.414038043831301,3.102704229079219,1.0001427658450142,-0.01171018782727784,-4.263995204804004,1.4324743801004536,2.592167534234074,1
0.8411091332391898,-2.978003455637155,-4.193470356607126,2.795731686998872,3.6083463375814713,2.357995073912612,-0.7161770540428316,-3.8359824515440986,1.4786068779096764,2.6063442765345664,1
0.7445250179776159,-4.54776129861042,-1.8686949452687662,3.394034922542193,4.25116474178,2.4621053859230706,-3.321448792072161,-4.09746457200143,3.074752705288904,4.463634669196441,1
1.8928706141334926,-1.6746882302972808,-2.5421087545842544,1.6804158730987155,0.7744033733637594,0.02434010342798998,-2.0188041714031004,-1.7511882295331518,2.5387058164415857,2.122165821558261,1
-0.24080883390438146,-2.278466751841559,-0.26238878804529975,3.858234146476476,1.332918870604838,2.2926667315557117,-3.541672928365699,-2.6174312364966554,-0.7362680416246659,1.348002112394552,1
3.4283205648082586,-1.7230865569697864,0.8697649633483926,2.4462137700456257,3.9008534046134864,4.435127885624539,-2.8094838277058303,-2.8100422806060266,1.3522000633031244,3.3005029030739648,1
0.14463541992912177,-5.194460777553848,-2.1815232898827377,1.6117926912410623,-2.863706789564349,1.2865708582953599,1.7205882604211515,6.067691221044026,-2.6144945765615155,-2.313839870418488,0
1.3409643019131814,-1.9261224808007555,-2.294179203839845,3.9384722678912056,1.2907146277097192,2.6986305993513224,-1.8162517043092916,-2.7749905344204064,-1.0963109074175694,2.411015210918445,1
3.056299116516319,-3.771146530104568,-3.5574530301406613,1.8460749622425867,1.5593219765043198,1.8383370184036276,0.33650715549111876,-3.5536908209329527,2.549687560448247,4.626306890466215,1
4.130796392936102,-2.4943430569148513,-3.9602256880564655,-0.23506613184047875,1.683622006616083,4.052287093560363,-1.8900286600313314,-4.289347914314173,4.962237868344883,5.55303210104357,1
1.0483049597399479,-2.6823254596416612,-2.7143918188254363,-2.012215317574073,-4.950488652044985,0.6299582184363843,2.325716933049278,2.170293331724308,-4.525260493482127,-0.6939077516922572,0
-6.305145429640087,-2.787704425984521,-0.9820694866227555,1.2668454867155239,-3.9771921851255647,0.7291086179896584,1.6435126238073385,0.38207207102895,-3.2564314010486894,-5.296365752036699,0
2.18180449875502,-1.4468629943691869,-1.5249769238169466,0.16179713879452873,3.7672839271240126,0.9011451927090735,-1.8123223287047108,-3.5464319148615884,4.840806448698734,1.9443997211984212,1
4.260493728568563,-4.808250344936008,-4.0383446460141155,3.4233251879922886,3.0251892446905337,3.7079122924398256,0.2447787174004481,-2.8243973092444334,2.8946872987241576,2.5904213146976214,1
-1.1208570636841166,-2.246824722226288,-0.5505562941517816,3.608555895850287,1.7370788253819311,1.1906628211245471,-2.4598503678851387,-0.42749535260338445,-0.42425306855621736,2.129448709363865,1
2.284736002415341,-3.1774648337306175,-1.7128195651290623,4.769240655857852,3.970019800860166,3.4413482554864414,-1.286363121472152,-1.2549170992225043,0.28492697529242506,0.18043710589034756,1
3.2043397715395816,-2.1485821863405428,-2.052679974128255,2.6587735832920187,2.1431540194690486,2.2949257903264852,0.7267334204324181,-1.6485426935679215,0.5719637824448649,0.21675130901749462,1
0.7109544967344894,-1.7971071606037812,-2.284630691646495,2.906056150852678,2.1947783762580473,2.2725318454814687,-4.769664090223573,-0.6776968536463988,2.3083538076229857,-0.9637138137049459,1
3.8080733137757807,-2.7634081226951004,-3.5692851666354066,3.0771730307441056,0.6405717793683643,2.6983746744282855,0.057144346532367774,-1.8711368451650585,-0.06524624979532767,1.3427859582755295,1
-6.1257345468088396,-0.9909941052511477,-4.18780291128983,2.0139210908097342,-2.4842507486081273,2.1487550658976344,0.5150597440175062,-0.900153103522495,-3.5689939068679646,-2.2459042116484875,0
1.6191484250376131,-1.8299616175194464,-3.451692596039875,4.050318664139759,0.32382436765273415,2.8655417956212936,3.339070246983824,3.6610308586971807,-0.664332995204443,1.167344529162889,0
-0.854224355722133,-3.8916896917837533,-2.7588407151591783,3.13539106294627,0.28910941930496925,-0.4776278463716004,0.495418598496409,0.683261348137495,-1.8169440884301662,-0.8130489667728289,0
4.229466510253747,-1.3927525878918716,-1.9167896199002459,-1.1340431145487688,1.8718958143098368,3.390581289909602,-1.4699429162768944,-3.4488269959040982,2.277695237611933,5.405390214310871,1
-5.569541521588558,-4.554061461739856,-0.6401224889206951,3.792273836336405,-1.3532023748796267,1.8113607735235877,2.670824152371191,3.566319330302572,-0.8823978376107844,-7.339928389617708,0
3.184685738859466,-3.2500021649078867,-2.9354170888583093,3.611254598739722,3.3635864059003575,1.3865129711149717,-1.6759242185839949,-3.241516317111519,2.410767568805145,1.6481194769516483,1
3.128179201823481,-3.2197058790875825,-0.5576626621235361,2.501344365086425,3.1617194685478722,5.667463777749388,-2.8463779629183463,-0.490426172425944,1.5629109701516528,0.879320415436313,1
1.2422767462843503,0.32679579345188614,-2.4169986119973785,0.44845198055920954,-4.402666172202986,4.250803724166868,5.660712657299607,4.949914649380693,-3.1510477269436574,-0.6387673370952092,0
2.616617265029877,-3.1233937257749176,-2.696181153026395,3.6906972883370184,3.2861424982103804,3.0489957808361585,-1.6850977814749868,-3.4641307972342514,1.568986918095732,2.5541317707911477,1
-0.04234144074675106,-2.7170198624212283,-0.5506868963398133,5.034858171997692,4.529043285265181,3.474495669323947,-4.314308878990954,-2.5935980585717466,1.5435724864855178,1.0540600915480285,1
-3.064057603943291,-3.9900264485349926,1.1532998157470473,4.325102266801298,0.784096954865944,1.9169627760652275,1.560404167819827,1.3137147030799772,0.5450322662231795,-2.3933775422303722,0
1.4022133428173897,-3.5639311597994956,0.1292254712097627,4.7373193102461295,3.141114668914706,0.7277379965008519,-2.153878064244135,-1.8976219393683393,2.0513721219742274,1.5027611671838093,1
-1.371046487489746,-3.6500171431515174,-1.540288716271543,1.9453584769343,-1.4013343202774209,4.076097973442938,2.8024184589830377,2.8437872580604298,-2.4145070233207293,0.1676542338276641,0
0.07897613945101667,-2.4550811708913796,0.4774769936660328,3.907600735385365,2.6056972480756957,1.4812546378783717,-3.55135426846915,-1.409969409543408,1.60224544901063,1.065096740288873,1
1.353312966409947,-2.0545259887724825,-2.5966959699931804,4.084618395005297,3.0195232160498127,2.0734627968073243,-1.2538299394240706,-1.0363843577296334,0.5250253550326678,-1.470853269257438,1
0.20428887757036662,-0.2594014123687014,-5.023416679461515,0.15925203574138558,-1.9833705527951453,1.801893362053701,1.3043843496609857,1.2848108226407324,-3.4135411699182425,0.6618141103048982,0
-2.359732657818992,-2.5753130192261944,-1.5103074976435804,2.903269130525618,-1.497204380954534,4.979411272265619,2.9972977772178466,1.2720553496505014,-2.553595401661938,-1.025671977174083,1
7.039089371984256,-3.8255739279188785,-6.453272544894214,0.6888523923550627,1.7745553619972991,3.5691249564475034,2.506379301480944,-3.1966870831698526,2.8194966602753437,3.727021569824742,1
-2.8643670985488,-5.809909565118456,3.0845150560993506,4.431860098334722,-1.5065050518071477,3.035977087842269,3.6642156789235267,0.9271059558946912,-1.6829772007834571,-4.14524768270917,0
-0.8064609565754508,-1.5356577660180135,-2.084263178223863,3.5129472697325306,2.4814125927303436,-1.480054949643029,-2.186944794844615,-4.6286478940024995,2.1123733482468943,4.115226328304045,1
2.666769592564583,-1.2030174507597575,-1.7999088121255933,1.2581255138950973,1.4515322933754429,3.7242923008980675,-1.9824552203612633,-0.15539980602316428,1.0444047115855697,0.6452666900935544,1
-1.2647794518980877,1.5244944536625091,-4.612245483476397,-0.6538423759375651,-4.969819878965682,4.454282947735615,4.605862520960192,4.569710157465,-3.4787131121815684,0.40712283709955566,0
-3.5910205012138903,1.3938611702891688,-4.5994433457865345,4.4415793556825065,-2.1288217578714974,3.83823027359792,3.357684641622659,3.7620970926275037,-1.1600504961205091,-2.6273393001180523,0
3.5749398576071916,-2.7829651745105495,-1.516766703137879,0.057831005607778874,1.9875623584396422,2.9583511176334856,-1.878228008902163,-1.3714625772110216,4.4552384419699855,1.219911833365351,1
-2.133900230900092,-4.2634126802428,-3.529398134845354,4.383661481024054,-0.0642065618995431,1.6430252229893978,0.046357440418153706,2.2099436751500576,-1.895723253378118,-2.7680998080324177,0
-1.120399404758651,-1.5355491390827423,-1.727148052258563,2.9999104776735095,-0.4460904840709867,4.556995786648363,2.9987331238597434,4.774595294282975,1.7199708805607563,-0.8837580176139086,0
-4.3478150576376695,-1.8018499191798234,-2.1094420676299386,2.392553056236958,-3.1579127670334546,2.819748810503629,0.11079572628647472,2.4126420355775458,-1.4980870687034569,-4.36153122283882,0
-1.308954593878569,-2.42865124253329,-3.7310578784079445,5.695109863549831,1.0189566411243183,3.7005955209336294,1.1819155189189272,4.374108268812979,0.5488165233684508,0.26297408580082404,0
-4.689314235808554,-0.6464262047737344,-4.121097248909333,1.6332439999974482,-2.13333688931184,3.974228902829228,0.09683304586220509,-0.6713906763930306,-2.828112970194189,0.498554887505104,0
1.4192221942748398,-1.0665824778009028,-1.1343368744224107,-0.3953668791441527,1.925724546752899,5.460053957857043,-2.822036639492021,-1.180919452124281,0.9768561873292512,2.630544358827481,1
5.533078320116384,-2.355939366728434,-3.7820760878601973,-1.8118277835762187,0.6879008694276576,2.7236523407226674,-0.39577741099868935,-2.856630923805585,4.2953754544123495,4.603864346548194,1
-4.351265435632168,-2.481517812648768,-2.1912940920419386,3.935922738627859,-0.5713657740355169,2.9955359009161584,2.350768356019756,1.7754168907869339,-1.0394539302917907,-1.7999666801862833,0
-1.50313395299882,-0.2264124057736827,-3.170875628147707,-0.8581386548055794,-0.1790910007762423,0.961821841183945,-3.870274370568958,0.4855151218952596,3.110042844302114,0.646385388827919,1
3.655634821705014,-1.8697211690632594,2.508914952616194,3.145894235024304,1.1300149994846058,1.6069184955627773,-3.020609166168197,-1.308358630554749,0.705320337142225,2.4462409073683498,1
-3.7807445479568726,-4.620853391782619,0.022071147304838057,4.974440026385517,-1.5776933525853203,3.8400817026313767,3.47857552075261,4.086343676877875,-1.658659621673153,-5.342455235602234,0
0.45377625938528454,-3.5276425039439303,-2.8932047891586214,4.037828913600359,2.6564492314047587,2.030113000200714,-2.7262750290691278,-3.964411025256287,0.873382399682268,4.6491492335224045,1
-0.21840377012448142,-3.299772258903497,-2.263460905299711,1.5029708626012022,-0.8424152714511779,0.0995371198381445,0.046653194184814284,-1.487454271239415,-3.8665952296836723,-0.32822687464618205,0
-0.47662160345830507,-1.060197260765575,-4.274327071282187,1.3573926790973352,-1.6979634302047797,3.4684913173777527,3.7026070014835506,3.6701096382501714,-2.241408028317772,1.7183568160245262,0
0.480376760867848,-1.9832447429010938,-2.696268524715613,-0.4453351711107838,-3.3120926168289255,1.6999028995547452,2.112290635595389,2.9025371158117776,-3.262358772454193,1.6117044016428976,0
4.260249381460826,-1.988508188273431,-0.7972362661732315,4.543157056479243,2.28942975643905,3.299350873584281,0.5654225831745454,-1.8383490742668194,-2.2768631021013066,0.49583162911477996,1
1.1709963000604233,-2.9413217849936233,-2.062199872878597,1.9628823978707004,3.364048696599009,1.3649123606832887,-3.098986593142718,-2.912461158404359,3.9033922851085454,2.834248477997263,1
0.5337588621579596,-0.7803080005546135,-3.048194632170814,-0.23406513743404433,1.4336314179587588,2.2435332170181144,-2.1477137480089104,-2.584116465547527,0.6722469507407449,3.3085962523152084,1
3.6650010069874606,-2.827364752663806,-1.9610049841112498,2.3186561686059948,0.8268884385756781,1.0249568187305025,-1.4628256095771852,-1.0597095876588871,1.765735085640884,2.1120373300116184,1
-0.3926101510920046,-0.6007791296796836,-4.1540147984645035,-0.5359590774661096,-4.12998208938769,1.3437476213321322,1.556132873753283,4.150467101733889,-2.876376557173765,-1.831310844915041,0
2.1272851919377374,-1.4460833897814265,-3.746427883463764,1.0815260053381701,2.3621866337692716,1.6996306142143993,-1.534133735217182,-5.4753740080621816,2.7320093637589324,5.9545605771694845,1
-1.1838046345682116,-0.856052384454612,-1.7195892679910303,1.6465219862614713,-2.5466549009195143,1.1998776496676218,1.8117316787088076,2.303937613523814,-1.8060307430153006,-1.858853272185599,0
-0.37894473353469804,-0.31948545592104294,-3.932451355560361,0.634153206644239,-3.279468223043085,3.5979831250808996,2.7256617474672424,5.055378767919615,-1.034163939540273,1.217990786822568,0
-4.274232621839722,-0.72531377486835,-2.7767618658846205,2.18737807928972,-2.882868912200525,1.3893911469769122,0.42672546230017705,2.6875337165085313,-1.7169599190323137,-3.187962129156869,0
1.6682519650261733,-0.6524493195054184,-0.6405783326862764,0.6530503265683409,1.9036066610316735,3.808689577010732,-4.814083461082416,-2.5698890813054223,2.570675026607818,2.443172300953113,1
0.43439386326300466,-2.916331376109786,-1.4154548105189266,3.0249201594847577,-0.6876531956267562,3.028977835099769,4.19617536327323,4.186670846119359,-0.10093866863166023,-1.6839967577231922,0
0.06425761181489653,-3.2374254192108958,-3.8016761852361554,2.6041632006826863,-2.0146895486431617,2.0081509245024955,2.269121544884314,4.274369980946637,-3.215978505796439,-1.5530943261808892,0
-3.705111420952942,-4.978553391187169,-4.667181239207715,0.44605511298198564,-4.4453810168869055,3.6512434546863872,2.90432555503201,1.660913069659106,-5.981395743420181,-4.462151752653465,0
3.118482145046679,-1.3730220454676298,-2.6708036300289937,-0.4033746107411358,0.7512222764768477,0.8353859297150357,-0.8854535964051038,-2.7950417151976628,3.076966517188462,3.3803879676936015,1
-0.5287718202598644,0.1388254757420775,1.1247851541035883,3.706805523001367,1.3654116877417675,-1.247424467546892,-4.19519627660139,0.17358396200076154,0.6437382949301487,-1.596901252795932,1
1.4765623276306554,-1.45966336181886,-1.1625922297582965,1.8904117532265854,1.6856402214803188,3.3690535132004173,-2.2660243241199005,0.022250029213742195,1.3635567218364548,-0.901079176614036,1
-1.7942015513003482,-6.051549832885667,4.064103856412591,-1.9704044535476433,-3.2258073491825616,2.863943241976035,3.968859152821377,-0.0934410004037054,-2.866881272503012,-1.4250892444555574,0
1.504851723151205,-2.2416445691323754,-1.1432497523255405,4.382011352433213,2.8539952727045566,0.7242831210189384,-2.0296064650731713,-2.661130868231929,0.9139865067521402,1.899054714319748,1
-3.2750860874101755,-2.0634865980500066,-3.1150346227801853,0.1398962855768482,-3.9871438462551483,3.492471577699664,2.7901642034493412,4.433194253059497,-2.186907967178207,-2.2005552300796825,0
-1.5228709587934146,-1.2352722439865094,-1.376819731599893,4.525534514839263,2.125309976382131,0.10934443073165934,-2.647213543114991,-3.3848894161193845,0.22896441959019742,3.026320270232967,1
0.15388403233837122,-2.091953123903444,-2.400339526053258,2.7026489175684874,1.3409170221011733,-0.5952067075235652,-2.0622089656473643,-2.3379918050714044,1.174215838292426,2.23131836350293,1
-3.0627668245682704,-0.9807041450969727,-3.2202740260978784,2.7938235166236636,-0.8783212135048244,1.742851129909021,-0.15525609296328335,0.4757172662258664,-2.048602372390211,-1.7962934186346082,0
-0.765437546162318,-2.0669542496852475,-2.9816727235532134,0.3033429282763045,2.5501053305481767,2.1649645743808614,-3.771378666652981,-3.1994713289843295,4.34897439704554,3.247926153834739,1
-0.0602309993728567,-2.976265370793131,-3.860062277916173,4.2093541276741995,2.539641680835989,2.2673236651411544,-1.1259851470690174,-3.312384562236863,-0.44111820636830146,2.817612561701978,1
1.94560153315781,-2.5374034109474253,-1.5352430430040651,0.4461590886783322,1.6713545305915298,1.915452627166772,-4.426464232686053,-1.5524036892720192,5.112759160588624,3.108563478391906,1
2.305013422128685,-1.2229818954054008,-0.751980490767924,2.3065173669295933,2.1774645993689687,0.11003807915252839,-2.701102904330142,-2.230513695701732,2.802563148951344,-0.03234165153509272,1
4.790412518408457,-0.35980197839205763,-1.8274130755123128,-2.0257122993294328,0.46751071487596274,3.108981591886255,-1.9951115882942405,-2.2293910883402397,4.228240754534317,3.16878126149468,1
1.2162944377178322,-4.184400813493573,-4.1980635957234735,4.769232188790207,1.5700755813127,0.031343262683606765,-1.1445973328984027,-0.7706007724742787,0.7590465449576571,-0.17825365268974203,1
-2.5461219899210032,-2.305757227853658,-2.5229322746887006,3.2843900905472543,-1.7915663716438168,-0.6568582516056125,-0.2669549108478635,4.874800718618563,0.4023497363272899,-5.847054624399835,0
-1.9973185375665712,-1.5900283098451438,0.04841789712119571,-0.6689042191095433,-3.609426018105987,0.5379487935570779,2.351937563065647,-0.14656472133529386,-3.476561454827783,-1.6245036464303935,0
1.6537199705649552,-0.8117877640300935,-0.8307762840768984,-1.6723384886190344,-0.7782027593206409,1.1658924418406722,-3.7780919203894836,0.4717780525568718,4.611295424170915,2.032286608331416,1
1.8058462836644913,-1.336560164041665,-0.08538722618350758,2.2330476959340486,0.9071256932950043,0.2756648527646739,-1.083734500516887,-0.3265847458950537,0.6647523046501824,-0.18337820868557797,1
-4.192970126179676,-2.2844534692630685,-2.3308857747673573,2.8118055069315266,-1.9866799793106675,2.614566601853092,1.8299499399148031,3.0578162164383373,-2.0810825797636596,-4.107191162298749,0
-1.2671120103830449,-4.22676549778607,-0.4599295518214013,2.657249079577399,-1.6018118583533847,1.6642658481527812,3.3557836187926853,0.4637121312691248,-3.4006054793713947,-1.9087545206062082,0
-1.918926481053427,-2.574487215138119,-1.4300261673541415,1.235079658199567,-4.020544836542408,4.769276815362265,5.278828889397176,6.456583079238331,-1.4562099947002287,-2.614460308203693,0
-3.301755527422356,-1.9840117438151337,-3.158781619541816,0.8539432466412507,-1.2282478973391846,1.7778519707287803,4.245625452421528,1.1467567846575872,-3.7631057606611362,0.19569352406504592,0
4.254975127700201,-2.7360736986279774,-2.543132043280833,3.110297267685418,2.5450093448568403,2.520996132751983,0.05563942402184674,-3.778840877768898,1.0627576254668978,2.780666965744545,1
-2.6599974169092535,-2.696904701456819,-3.3901911376833938,1.4451894210290503,-3.131442953375183,1.4592953515494793,1.3522002890415523,0.9938666575339195,-3.8553450542200522,-2.5082440867781832,0
-0.6970430576031361,-3.9041885003931824,-4.299851335985523,5.73632106904652,-0.37531670072559375,-0.13735366257938297,0.0032132711508354728,1.62862596373354,-2.154290642091401,-4.983931032819178,0
-0.46628249030374547,-1.2147962554845888,-1.5088431894466734,2.428614150985517,0.06799925862198641,0.44929169546358416,2.2012886659893,1.5993159470448113,-0.4335841866542087,1.2034077203149,0
3.35035115895528,-0.11255217707474197,-2.6274810401810997,-3.844718309514901,0.8755190707250369,4.935173409234809,-2.693627405156505,-2.1307935008695478,3.6508458559932357,4.259497726764467,1
4.179133162842252,-0.15695187893739737,-1.39018361112183,-0.536083313250133,0.3564026499978179,1.6354635802406339,-1.5851622215672234,0.3269362300693235,3.448562428748779,1.4601884616498568,1
-0.36001381990924575,-2.081625136840489,-1.2084094527245894,4.656556055686261,2.760670928021712,0.5887610094558566,1.7175818948818815,2.3825645371679,1.0628399929571941,-2.0403153589288046,0
0.03966415276708135,-2.4006931896769026,-4.124092366814776,2.8170467653178384,-2.091181856198732,6.543194190612743,5.605501644515193,4.561254662778683,-2.471770070395679,0.7665119650331143,0
-4.549283600872583,-1.1035724809770984,-3.520247311357525,1.697415517609634,-4.07829306097457,1.6390420881512036,3.3410125384071634,3.455277194091552,-3.659526783241175,-5.099488431925913,0
3.43864657456713,-3.6012726776653956,-4.442267845290111,5.049221187014442,2.3584020736467464,1.066498446528266,0.7134010962757587,-3.030735778589282,0.4421991621486936,1.2776467168043655,1
0.4429353407604828,-0.47675448817032473,-1.1971846794167562,3.4703034762526004,1.2187206029841922,2.6798668698376886,-4.175864977729537,1.4076066543162296,-0.9409784110724382,-1.7231448339529267,1
-3.835340685494863,-4.860013279771459,-0.7814220351670336,0.46984083560930423,-4.856634129551227,1.9952942045188726,3.5782060784036873,2.519343146193357,-5.112828066748346,-3.7422691224716687,0
-0.21784019866856452,0.602505398084678,1.4378682306513642,2.0950778050857943,0.09943635997949074,1.60109413086892,-4.033736594389175,0.573923193645347,-0.7399888989554619,0.6850007015015394,1
2.3207536097189556,-2.1060869991805977,-1.7128626878303401,1.8994740516734678,0.8486728339964447,1.5315679788949892,-1.8502203147501723,0.7253926384419032,2.3346127476764806,-0.8174741605167037,1
0.6351759043674279,-1.438626028523697,-0.3023075826906809,0.29364315410563835,2.3234375397812284,0.03372752450523908,-5.484946761819751,-1.807173219966883,6.362278180200422,1.5743330154916269,1
-1.46253372439447,-0.6367653186319686,-2.767652638175456,0.9253084197813319,-0.8575491345678785,-1.020686528974848,-1.4479018697435704,-0.9158053862024258,-1.4332854982451244,-1.231840117627229,0
-2.088791150382588,-0.5915936294451036,-4.339215593733024,4.029797508428883,-1.6136642558305567,3.2652920111097554,3.6576208540116797,5.32929687910608,-0.39994884894675486,-2.4417299447271743,0
0.7464969681341995,-0.370929456353315,-1.0912045523635583,2.9404047203542865,-0.9970984020675977,2.1627358375126113,-1.157466411656838,-0.3095668312372637,-4.081046706840754,3.1147366288349625,1
-2.4642813049283077,-0.9562481680755766,-3.588509949548119,0.7017745769705825,-1.4051118270447338,1.886958449618671,0.8374136709288826,0.4017351813278043,-2.2297492423424767,0.5752810298200299,0
2.0166088327906855,-1.5473132440013484,-0.5601123876245933,3.8389036917563626,3.1701411477783816,-0.9058331885146549,-0.39502040849543874,-1.218799951519137,0.45146573741524776,0.7115602877667977,1
-3.939556561383879,-1.9482286575722907,-2.424602361221451,3.1642961399971803,-2.220766697522417,2.8837787575175513,0.46013108907257094,-0.6906248151380714,-2.61455103503591,-2.365881723943609,0
-5.4545990502713675,-1.7786924903784413,-3.888334686362855,0.43458536367851486,-3.2016187840249968,1.629836717404193,1.6115387959127827,3.5419150529679366,-2.654291603360869,-3.064063181613074,0
-3.388988710869186,1.723400053252301,-4.271579106485753,4.8351342050826345,1.2510078699315121,2.926390871373499,-1.610645061405355,4.471932513182645,3.4022367010813017,0.584503604976069,0
-2.449033872688257,-1.5480394534315811,-0.9756930399352106,1.631139695229692,-3.9932157514480213,2.2934811134814495,3.564365034654723,3.426088402107914,-2.2955918512467957,-3.9499018779734545,0
0.2327188161013405,-3.1530971202927454,-2.1354077672749554,1.1708740509928317,-2.1286663717306014,3.695797809539638,4.277429836081408,1.9644744454363345,-3.8539034427255405,-2.0242760775534316,0
-0.3654036271394492,-2.6222605300173174,-2.598085463781312,0.8967269899002477,-1.830811534567918,1.0876875394563883,3.7098270794022286,2.714962897912845,-3.464932778138185,-0.8077358697156878,0
1.7327763489893,-2.9984463366449066,-5.755015016740673,-0.47769258801213965,0.962525245380371,4.670835045920537,-0.8138379273890504,-2.068065163582719,1.2730223658761868,5.745341477298753,1
-3.431575591653753,0.4150135088531779,-2.6956505500398897,1.7986821192984381,-2.0558143981330628,-0.39104190972243336,-1.082410137531748,2.1341957225359938,0.6382928108154076,-4.220962401174031,0
2.064089711572753,0.1554290570419128,-0.490785677338728,-2.687905220444339,2.967119387443974,5.696315633467657,-4.581380322525455,-3.418381783321239,5.8386745926842,4.472118315617282,1
5.64220946918895,-0.8734469242616281,0.2979550360157033,1.0310803240286486,2.882151190079284,3.9350115289662058,-3.110172721067075,-2.4184301499276186,3.2855809245989276,1.1602327679989182,1
1.3003087752292464,-1.8992980204234533,-2.0143228494719527,2.0507496961958993,2.245223335235538,3.427692219142698,-1.3544273660099089,-2.772976995206194,0.3756670048032207,2.422822349774592,1
0.3813279498739872,-0.9629467452819298,-3.1365285879498694,3.7833374467012977,0.958099426812187,-0.45296373148412616,-0.5064950686798266,-1.8087397107217467,-0.7016361253704759,0.8869607282069469,1
-2.8832866989635435,-7.642325612793626,0.2245233525881778,5.529364185319008,0.8177627225913233,3.26941726904574,2.2090311977834727,2.65418826188636,-0.7417915111422513,-4.858265951065238,0
2.1206120453061947,-1.6668429648473144,-2.6554565298129713,3.294563247633667,0.3801659958881891,4.324604928450666,3.345726773092551,4.069199499810171,-0.16729769470210365,3.3470937417859794,0
4.468340136492939,0.30530795086481133,-0.4019430490025595,-2.1722272248393155,0.9400545755484722,3.47659164774146,-3.113586835233086,-1.6473750317985767,4.902506218880262,1.6517872202697021,1
2.9881782240571884,2.0942219897548835,-2.6171203411787642,-1.1920441873752665,-2.27140266247469,1.0215864175278337,3.165126347779651,2.7640639230410047,-1.5269822715316748,3.315288264369574,0
0.40254272073034825,-0.42244386218292584,-3.6660045041518527,-1.1473362198945427,-2.682748423031198,-1.5226516959077885,0.47491119937812587,0.2119000011180876,-4.033097762077366,-1.071528799157455,0
0.023688420999051774,-3.206746706578687,0.2424623440030076,5.288965071527522,2.0124214681587027,1.1457006146476174,-3.613764229614424,-2.903177622130248,-0.17822485323042203,3.0382866430646347,1
1.788290223262069,-2.0525752329169054,-2.5658758885338595,1.8827644263217815,0.42853718511841277,1.2865940446974373,-2.3823643989784626,0.6818507900862283,3.344157850593052,-0.9285384410098394,1
0.1974209008416743,-2.7731847311702986,0.8844773125578778,3.0668788103407256,0.2103546089910031,3.5820606899300524,4.0563841086194365,2.6353662942094607,-0.2997291271546709,-0.07168484752624171,0
-1.8696239226489664,-1.1132932033744423,-0.5327805147624147,1.654657488853326,2.000882021929283,-2.417123937863278,-4.632638055768508,0.3807949708814773,3.804349275860105,-0.9877315654946219,1
0.5846577376090378,-0.6001883365001159,-4.455054071350657,-1.0349889960142247,-3.739583314663425,1.8097273143112278,4.347571228339301,4.470560278674352,-4.395959911334131,-0.3868630757609277,0
1.3823394528330306,-2.7932030745978906,1.0385894094150725,2.583450787649635,3.2942691327899754,1.5595907591225022,-3.1904711830741945,-1.0519924952667539,3.281111850351108,0.17255274362984085,1
1.6233471782381381,-2.0839623942329295,-4.934407548390448,1.7840655593138148,1.6736991630874924,1.3855768381072395,-0.6231519273744224,-1.7788698045272264,2.2958471290284925,1.8592560765112296,1
-2.838469365377045,0.8761553322107276,-2.2479062074343306,4.157373811124707,0.758416869815576,2.3366529460418213,0.7121318515257875,0.16709444046946453,0.7078519710768059,-1.30506796426948,0
2.444609577114007,0.029760330693902937,-2.7228280329196854,-0.012816061534084433,1.4456923509656543,3.4514180033553745,-1.4755759107885833,-1.8704192971056466,1.5381660711839347,3.088796010790201,0
-7.67982501552817,-4.351327243869001,-2.2383863724891073,1.791176541927785,-4.230348888408672,1.7256819442028632,-1.1223882895485575,-1.1641227015237297,-4.69205957467975,-5.946867435562409,0
2.8323283780614608,-1.2576080002981078,-2.010520293335775,0.17861946914172688,2.0318065430134853,3.4057130143365892,-1.9183923277286734,-4.326772427196664,1.4972515194821838,4.825123248368747,1
-2.2666443836483365,-2.158667950388753,-1.931815001336913,2.695732279858355,-1.538244528062862,1.0300927007115175,0.6689831889501301,1.2095022072743125,-1.56952035262447,-2.462413612393668,0
0.3881717749437237,-1.020408401219489,-2.3638970926303386,-0.8864015284609152,-4.960404528589969,0.6078407087287032,2.5090153069728784,3.4094638345488786,-3.46729203793151,-1.8515519619856367,0
4.809285966982312,-0.806115375336675,-3.601870005152028,-2.3284495100532796,0.9426957717837685,4.238330359875025,-2.4473410559626254,-2.0792486923051516,4.277454894689809,3.121758657066134,1
0.38745525880160137,-1.4485392660590888,0.45071754170540723,3.4962462359449535,2.788831385486904,0.4481559086543785,-3.726436784739759,-2.2703835359261038,1.6035868463478105,0.0515032743761028,1
0.4680959493432191,-3.0679180964005845,1.549083968357142,1.7388949854747133,-0.07203838884562774,-0.6026772830958085,2.3789550575765976,-0.6631500307671843,-1.1267762283909588,-0.18550476816751527,0
0.16634593456034708,-0.2752792873792018,-0.3676121245782886,1.2102753582839494,-2.7293700943802457,0.09592310970728835,0.34307049760368025,1.4194899470056344,-1.4248146970373163,-0.6937188943652519,1
-5.854533959551226,1.709290536640356,-4.490486993464128,2.652989998089131,-1.278877618012214,1.825297313041532,0.8625467594817462,-0.6223288355768677,-2.29390183670491,-2.54252626668864,0
-0.19085652754430038,-1.326954460399317,-1.5776205456969055,4.473284910826255,0.14210226145948912,1.7551669755227546,0.5008236281949592,0.6238338677219484,-4.2711812367303725,-0.05418140115041448,1
4.433450513263828,0.5713948461587388,-1.2276396703219146,-3.0950970603966717,0.36125803492268993,3.216912559754814,-1.9783770858174852,-1.6700134208755089,4.466343858260529,2.827171511774263,1
-2.4219847183483028,-2.5175911164557987,-1.6999731117787669,1.839971395041278,-2.443210788184266,3.518735580847454,3.1964580723742504,0.9222690548880561,-3.173502812619713,-1.1292029056281505,0
0.4544645396880127,-2.0889594657934767,1.73507667814091,0.5757856417260288,-1.840446862001307,-0.1603066990209543,0.7306084708049407,-1.5538784275696682,-2.383640559075132,-0.5758442791675447,0
0.21412689882035085,-3.1557877381377715,-5.338087410273317,3.032856808245058,3.833220737250117,-0.888401343885302,-1.9337086786104452,-7.064280137372317,3.550649966828968,6.1143754214052475,1
0.5479724943901938,0.42099268411865687,-4.538106463788385,2.7753593955543145,-0.7841014632866763,0.5488420018069917,0.0395729756814458,3.397540250563213,-0.6519188742563944,-1.1816264346540666,0
2.2744443261250513,-2.6555497910662282,-1.7458703019133732,-1.5596744120783557,-1.5266084549086196,-1.2786931755791198,2.7673063271864966,0.324772775424472,-5.405793418384436,1.3895758114818926,0
2.2273970492652504,-2.638645245251045,-0.6142765197424029,1.6873844395247484,2.537058886749593,0.7699133836655832,-2.4840876609195464,-2.2513704481155536,3.925904183310897,2.3168616995168008,1
3.5185933471787,-4.718973489915318,-6.2733649969574445,5.036078072086221,3.2557525209126865,0.2561663329693711,0.568274463529256,-3.9665931589076364,2.0648125661718475,3.0570768460186786,1
3.5087729213533487,-0.9528043959021368,1.7926712593132543,1.495212440165394,1.6893299760792089,1.8292747457570715,-3.3042407407206715,-1.2039099394995518,2.7083609128109685,1.2495268513578561,1
-4.614604049035355,-2.224325536892877,-1.2232483385056647,2.029969903885195,-2.7916529354555957,0.14039463381175699,-0.79111788107432,2.026844633779626,-0.703445970954248,-3.1537388027116986,0
-4.591822997475807,-1.3442429147080506,-3.901956832582457,-0.7599812049320982,-2.25934724126399,-1.0785623785153997,-0.4013556062714727,0.34230572186913455,-3.865208842107424,-3.6777873294977566,0
-2.2006580566813776,-2.141300003847798,-1.3739282923902842,1.4685971854891653,-3.906434954698918,2.8759127134155436,3.2713852609458556,3.9213877079458825,-2.4495229950378232,-3.251597654693562,0
1.1568673892685704,-4.502023176220384,-3.860392518088962,3.3541987520601673,3.4905754903155444,2.0046910336294577,-2.199343144887041,-3.6455181429796557,2.7818640048890866,4.866395259618361,1
3.809968418814462,-5.980122999413622,-3.968946025316704,7.394695659155264,4.585803298940567,3.737711727299386,1.556980212088412,-4.255278428298844,-1.8015148578551075,2.02462082916527,1
-1.6359380800087528,-3.6294716645389933,-1.581285174182442,4.806029249059433,-0.5405714289257357,2.1217379723211462,1.60940459738975,2.0487893309487335,-0.8313434644548916,-3.38217443037016,0
0.8218236633954596,-3.2502086805978454,-1.8787186609844992,6.392910432114697,4.5410855052553,-1.4930000852287062,-2.426581510166998,-2.605567522530519,1.7751852868987297,0.8808902398991896,1
1.9426480317163737,-1.3078628130302403,-0.7858022885843967,-0.34144839482040146,-2.829020322643399,0.5811270969498998,3.3602950467982344,0.5880198820551166,-3.6766123347428312,1.1538002396808378,0
-4.635311143918727,1.450848623031522,-5.926580620774125,3.7442381176710042,-3.4899775153436527,6.216745596761401,1.5431647145490015,6.678791646751693,0.026120244917611668,-1.5510600598466235,0
-2.493154102538566,-2.632530766588598,0.14537856328681986,3.704056028546983,-2.416781556277625,5.500318694764869,3.657537552346711,2.9890891466849263,-0.6409166280297518,-2.1800913485418425,0
-0.5744583827881271,-0.6241263825338659,-2.3908039197391657,1.3762052822529176,-1.0033735867765143,2.535544259957072,2.4475323457476508,2.688588408614794,-0.9998441218136769,0.552374705454239,0
3.957600199089205,-1.6558487435663947,-1.6115077624257013,-0.2356255672117169,1.0210521700995323,5.240040418898731,-1.2727361079413382,-1.806038827455678,2.5688274627541734,2.0208814814606844,1
-4.3053260418711,-2.4875319187728233,0.32042198685739365,3.103035417906497,-2.1583841148374865,2.3008694955409763,4.803014018654748,2.790842849565945,-1.6410721474065189,-4.10283650487361,0
1.0091855246985473,-0.8614315035289508,-0.19241970820858723,0.2020383335710061,4.0232385347874935,3.770537208845391,-3.4178662438984686,-4.167179211160327,3.375896207857857,4.832478679221056,1
5.963922300740611,-2.4467708208225996,-0.9395575933988956,2.698771960755831,3.3292269643526047,2.159597217174693,-0.566954058122884,-3.707400914114671,2.1409146995882944,2.9394432027626065,1
2.8596310355583454,-2.2814323948185855,-2.1538449111922984,-2.270397666381366,2.2560924500772477,5.009937822485815,-3.061366699293682,-4.004644215944897,5.167571482726739,7.9596093494540945,1
3.538281866976532,-0.9182304467856641,-3.0628521698360087,-2.6577846335221516,0.98335348516293,1.8958197565246377,-3.388663370381444,-3.9307295414727803,6.721658202843819,4.692496186200429,1
-1.600438127503585,-2.3784894039139184,-0.6429466109484245,3.5665340777307932,-0.34237196310433404,0.6257704155468728,-0.959357626112749,0.06427512953612013,-0.8063995426853017,-2.6226571420442144,0
3.667184067232554,-3.6480701823852613,-3.318927116943865,3.065313583585924,1.8566980787066156,2.6306540057423993,-1.0802893700573968,-2.3576493112509107,2.412598620950347,2.1482421096071334,1
-5.437500015364114,-2.434921458694815,1.0853421982215998,1.7937410381171206,-3.2612617573725156,1.9819143636068883,3.7854370007198304,-1.2766123101271796,-4.278814775614787,-5.714781893518868,0
4.403677387938521,-2.91086060042267,-1.1425387999577592,-0.3578692368082077,-3.141546855224486,-1.5118603549677418,3.8584995607138417,3.6068294989322105,-4.199070998204851,-0.7359103966534419,0
2.2967709331503188,-2.1376480264263837,-4.84077455909005,-0.9512579825275855,1.9122208229586455,2.3780590468206597,-1.3162098063250647,-5.556410108741639,5.1144275565073505,7.1983882571458295,1
-0.4665772426008301,-2.020024050804953,-0.8524544978919661,4.297469102304968,1.6290113845687728,-0.5289037130860974,-3.2176688625680256,-0.2577180068312661,1.0285133568635265,-1.8968711181460356,1
3.93727309121539,-3.114292599573986,-2.4242352509703378,0.1271676141704403,4.207894053995963,7.039367997815834,-4.145745147454248,-0.8779740997008256,6.008153574295796,-0.5407180580338764,1
1.102558570524764,-2.6236002077615206,-0.9962920573242096,4.218579317267579,3.7900361756494725,2.167961899676507,-1.593292901544826,-1.689019758544174,1.0665627826057478,0.26510651030571974,1
3.7098695290076265,-1.9069355526993284,-1.5698520137169296,1.714277187101485,1.5921715473347677,2.6457638040190834,-1.465557091857436,-0.9468015450530181,2.796501916229907,1.3517648578543822,1
0.15591306037599106,-3.3561324142993483,-3.8115066990499304,5.398089358597819,1.7861942810001163,0.4122219987391469,-0.7078171966730797,0.904017912944346,-1.0105213065373997,-1.5740389184375898,1
-0.5552423614891655,-4.495799469232469,-1.5385916773039103,1.902614694829839,-1.1783688492405686,1.2942687520479863,1.2853056794288866,-0.889793467503019,-3.5472272996350798,-0.9837395377767026,0
-4.106173724603732,-2.409623971947723,2.0170304462198754,0.4481316085830629,-2.5893033347937378,4.448237978156584,4.522997755236636,0.18984829828664362,-1.4165472702891684,-2.5208373138255458,0
2.1239586404015576,-1.2782392383619148,-1.2781910040534927,-0.1118384412380542,-1.6846568770757009,-0.6765605422791974,6.047519423950165,1.1748122653078803,-4.597279149332167,-0.43376781341387294,0
-0.11577881867075845,0.12551278522271314,-2.4321364805546724,3.009032846278823,0.9998537245052341,0.4296107964265292,-3.0032743077497277,-0.1906530851791035,-0.6553961888954634,-0.44109860376491694,1
-3.394287447005072,-1.1986833318739152,-3.414198248195617,-0.5519252668214953,-3.8825663816048785,3.3853477975221447,3.4201890577848055,2.175961094576672,-4.290013339840255,-2.191167420614091,0
-1.3267674505472014,-0.7050675165875455,-0.9967170910393017,3.2959085833488313,0.10366255551714865,-3.672003733218232,-2.3712768291763586,-0.36797970509340727,-0.008100407110180008,-2.6878446757509495,0
1.8424411388308655,-0.7455668454055915,-2.2311111166828406,-0.1256342726777313,-3.3494325459296723,1.7756066349032211,4.602229486690927,2.6023612802916416,-3.9609996337739672,-0.5345481696852097,0
4.4998639842968196,-2.269070124704778,-3.1901559179124863,2.3086345678279456,0.9007146630476952,1.1333701066447488,-0.8173082994040273,-1.0408623138368798,2.081343134319437,-0.10962815540714965,1
4.543274126706365,-4.326322250515233,-2.586870653651627,3.693736315327099,2.475666458865782,3.4978119179793445,-1.02137956742423,-2.4524513385403264,1.9194474553331804,3.712419349561819,1
1.5725589686424568,2.2258713125320284,-0.47010978867080766,0.08248281213655995,0.28399585255177073,3.127229895465206,-2.4134827975713256,-0.24368921375033992,-0.3258271218136306,0.6298466827042919,1
-0.9940856229600192,-2.2557744818891288,-0.02318646327078322,1.1280386256151709,-1.0516391916860952,-1.816428645733113,-0.8102234949139238,-3.029988286231906,-1.8436231739253313,-2.0936433108224985,0
-2.9590663333819593,0.19234477360605684,-2.2734214887999658,2.797921267709196,-1.776249896748773,0.47214687915702114,-0.9702800005465191,0.746231709285164,-0.3498197026831147,-2.9863480419290767,0
-2.6276859313670977,-5.2866664318438445,-3.186786767511454,3.2922126493051316,-1.195721189934805,0.3924078769423558,1.0635362671846247,1.3744717371930113,-3.9537187881569684,-2.003341762129781,0
-0.2554697784521194,0.28830598508674177,-0.22245920331306546,-2.1117700507707484,-5.651980970515269,0.9825075109513952,2.616289179776909,-1.883943112445734,-4.820687701664642,-0.9094408285703008,0
-3.048213591443206,-0.8147337878052627,-1.21031456506468,0.8012051507701359,-3.1124922724803534,1.0301777105194754,2.214707854640718,-1.7544498243686966,-4.2057621771201354,-2.2540650296816827,0
4.302082965228795,-3.2579774337747285,-2.454822315851624,0.8294835656560382,1.8186483400387847,1.329473002595765,-1.5128423748347475,-2.316123472541191,5.025940691873641,2.638751641693748,1
2.157310913360744,-3.4597263826485865,-1.0953065236271178,2.7322029536880423,1.6286994338737069,4.378345912370264,-1.8719574082476576,-0.6735807518922112,0.9108757182028631,0.6813002982666403,1
-3.397919719836514,0.9727931491257436,-4.769408657069496,0.32320642073137806,-2.6183035231976346,-0.297542802677488,2.549803007261546,-0.14025329152748034,-4.481682620659244,-3.005049497269442,0
0.7666394533341179,-5.68966781841324,1.61505946283078,1.2860108237705146,0.1840709725763463,-0.8940563847042644,2.2157644587232506,0.3128173771697178,-2.9993824136629637,-2.5215543302398467,0
3.3603758124864793,-1.9924617127742554,-3.987162166575139,0.7010770255944148,0.30013621033090754,0.47380005159742633,-2.2540493058690734,-1.8921060593629402,3.9279761295590205,1.0322643779311744,1
-0.21369016014560982,-2.6904428253891286,0.44251692854620295,3.4637373325493526,0.29928919372803087,3.850878434386142,5.322026050031385,1.040569924887896,-2.2196650588712523,0.2592956015300203,0
-4.868093911128057,-0.5464546396780268,-2.7771859150443516,0.5675788785066613,-1.7048560641415875,-2.1695999899826166,-2.4913323529231004,-0.425452683666415,-1.5396580331262923,-3.530078121754025,0
-0.12537913193346184,-0.6408550224227356,-3.118778971443833,-0.7137430400970195,-3.67476775810076,1.4461843397630711,3.5112891707434573,0.9196320937129856,-4.943040868214371,-1.8496947788548757,0
1.47389639167653,-1.9862239685372403,-2.7043651042870733,4.244212492817189,3.826982821855629,0.741155732319178,-1.1135041035449373,-4.643154717034076,0.916982286016282,2.7739029078280604,1
-5.259201483935465,-0.7256494375235973,0.8981415286329013,3.6652989459946,0.649793278772655,2.64906052767505,1.0718848302808137,2.5988888215521855,2.765034299707107,-3.1408500679741636,0
2.5278054217286146,-1.838959977866166,-1.3523445532823106,2.128528326433164,1.8013311771842762,0.07288580648669796,-2.9039130375819546,-3.2854012822543996,3.698687307694743,0.7212827719173205,1
-0.7346757187372539,0.6321602972052607,-2.12721635565059,0.03029206146494179,-3.5602108682624154,0.256806355427476,2.822084595654557,4.377099615792726,-1.803681185924707,-1.6740449231928285,0
-5.513343506100696,-2.3868901416261714,-3.3206144503458344,5.176861721924746,-2.4787071108221985,6.772224199224515,3.6053623194284556,4.025986571033375,-1.9040911671879681,-3.974047850941866,0
-2.704906242021091,-2.256233527473311,-2.4155391337953334,2.3017817290056946,-5.792686114450332,4.14177167407753,2.718432618647282,4.255839400579264,-3.727770863039963,-4.514655189678902,0
-7.8735411503657335,-4.8076044586259306,-1.222080150288794,0.8388642914311308,-3.3982260333034717,0.466489754915308,1.0089796128615256,-0.2786415273856684,-4.422569573531277,-5.968550997578943,0
1.7703592057143356,-3.587536644332518,-3.585357099310724,3.0468813893455424,3.2987502913200015,0.4578727940805418,-0.38668578474941495,-4.676352336936107,2.130057316668823,4.797374105605075,1
3.301467610843355,-2.5059162547383433,-3.3505812959562165,2.391693968313625,2.6614366390104958,1.8732796322988219,-0.7054644909168022,-4.071164390589346,1.40201804581928,2.9994539061327696,1
-4.612575417205233,-2.0959990978390293,-3.867853707812907,0.9801003594428346,-2.1658321915840943,-0.7666403219624307,0.3311919571569131,-2.6751515484860473,-5.6425774104422075,-2.6513075522350067,0
0.6800003659549627,-1.4496669265937892,0.23183985018783115,3.221576313438116,2.053116184063039,0.6369538808183683,-4.1591261036310385,-0.30057037628273275,1.5831629885206584,0.5971281096680452,1
-3.564374565412317,-1.725665894645582,0.3684305478687091,-0.3694128716263343,-2.0961065250785818,-0.45019522309354665,0.8832750766975197,-0.1260384487260202,-2.3003784723353347,-2.7489719155506003,0
-2.226204255594273,-0.2760755479094412,-1.3761880092912298,0.6119319817744155,-1.072355121075761,2.2351895129944825,0.9583897343540191,3.50420516360339,0.6367475384396664,0.030608934632397666,0
-2.9331447178068433,-1.4924094959281975,1.7787325493038328,-0.1626444281725692,-1.3929375220652074,1.4749106197461042,1.5342623349176998,-1.0115638632257697,-1.0527052249952367,-1.6740474419515907,0
1.1792180210081837,-1.080057347910552,0.600467489538929,3.3562340224307903,3.373764694194704,-0.1282474072669797,-2.0551494576633242,-2.256219129227029,1.4216654466649339,1.039952959404741,1
-0.6827104996332616,-2.965235778160032,-2.9025099007566717,4.995601587800175,1.611043052462083,1.2964938550069611,-2.4212080009054326,-0.41079483080300117,0.27881285192758765,0.07569469180841981,1
0.9874002333224838,-2.88953972312971,-1.33041869713611,4.105286493827863,1.2026253124683952,0.3553310228998039,-0.9066383563841702,-2.025215751073933,-0.8530939393981902,1.8858330339428477,1
0.7653335739089873,-1.8633623598110591,-3.8657418784540436,1.8967825755547543,0.4028152227290287,-0.054625231832422294,-0.6165326213728599,-1.2290513289565084,1.1698263087972216,2.289585834262626,1
3.993421830187335,-2.165766012649765,-1.730265247954681,-0.9756310593364379,1.9095362482498381,4.2668610157744045,-2.049740999425004,-2.844817015092611,4.749412917850184,3.227139036831292,1
-3.0125900717713323,1.983202418037879,-6.322476926406235,1.5391295080709195,-1.0328685122689616,-0.4994492428768469,-1.316978106071125,2.431549199322091,0.35492961657523736,-0.3981517336940281,0
0.9194722515187175,-1.0949537608836448,-1.4373565763752432,2.1307945309655882,0.5931978281753683,-0.38797124899145574,-2.491420789767095,-0.6454226876192777,1.414036676017996,1.0898573303922499,1
-4.211308286069119,-4.040514120617065,-1.1245258124477766,0.5319144631326527,-3.1447991192922817,1.0394496549891636,1.3943316110936559,0.4186661439469104,-3.83371790654859,-4.485074840902085,0
1.9649525312083052,-0.932252828164539,-4.033544056541128,-2.7019788990642715,-0.019582191486465117,5.094367176330052,-0.7633231222376804,-1.9886011414635516,1.8670085389195765,6.839437596484119,1
-2.3122959617440797,-2.5795354461535003,-1.4719610673578105,2.7125212205412623,-0.4921893444909693,2.2066635507223924,2.260067280511795,-0.6078126431016395,-2.854124659220753,-0.22316706179820223,0
2.9023976670143776,-1.6372881540809057,-0.8279161181873567,2.2953855216533845,4.082275987156185,4.914124702001186,-3.2082471828589867,-4.38096907012832,2.5358074700800977,4.09751962557384,1
-1.045935096608897,-0.6043294774403765,-2.7859382840848546,-1.1548709301409987,-3.6448529777274126,1.1188379531702513,2.6327507951067703,1.560183014780611,-3.9687927102723544,0.24738176366900255,0
1.9901273354491702,-0.8472444193310165,-1.3360849631876197,2.1404625753273225,1.4038204927387166,2.658978027512964,-2.356538754162948,-0.856145863525063,0.6023718403692913,-0.21461422625839033,1
2.8824063251826875,0.029894131389678336,0.08170810567894948,0.9062927399142087,1.8951784228783455,0.7713420532662949,-4.0202237694518566,-1.1955931049732136,4.182603586670285,1.3763337007562622,1
-1.577177243679043,0.8996686051325113,2.4954660159897513,1.5256837355555732,1.7164103730195586,0.9081573455332996,-5.2768337924578255,0.9861888510857288,1.2101291598168253,-0.7035396825017322,1
1.0630104364617887,-1.053166812106629,-0.4531554481665485,3.0927189698007784,0.17351567697937464,0.8788474143168497,-1.6008354474070363,2.981322957532015,0.47684247159435,-2.5398536887580434,1
-0.5154551835180108,-1.3759124267100087,-3.8695669882086428,0.04654635769160942,-0.3333155602631286,1.5053073221439615,-2.046985670888439,-1.0776961625340031,2.266142421551149,3.0798674981894205,1
2.579422818180677,-3.602152769466275,-0.2690776828776218,2.9581462936330998,2.9973684301207966,1.5693649908987837,-2.0893198634539534,-0.19984488576045267,2.1431687851197325,2.9490503407487,1
3.7363578449225043,-3.5821274174559283,-4.586764696111118,1.493731910990786,1.978748536539785,3.325295789407787,-1.0000072939434035,-2.8091910509913056,3.6240311051308334,3.560678576081624,1
-2.9993393599542744,-0.06744996064757403,-5.047872206562711,4.840321594988453,-0.3432365900385961,4.931740811420641,0.44063730957912983,4.431629000204166,1.162342800563192,-0.7101950981811134,0
4.938584254155236,-1.9857246214787647,1.227843354538976,-0.37891033460851764,2.3585390823306236,3.8206746062587063,-1.71052670742808,-2.0865053583242466,3.025284780180999,3.7338917415518535,1
2.5613098055204264,-4.4488792226290474,-1.378727799248591,3.443983237652959,2.983801087561489,3.2934675807989393,-2.1534283329435064,-1.9332992439128611,2.3162689599510995,1.8161556600831668,1
-4.0018296227672865,-5.599083348404706,0.9879789708134048,4.547345818275062,-1.0486026724101634,5.184966040034368,3.868274550828274,2.5951982868644645,-1.6586857918816071,-5.1819591405570655,0
-6.60120400659354,-3.7722643787033556,0.8675052589459984,2.237849757927478,-2.1803097529598223,2.6563042439475,1.7559984479315656,1.29069641676687,-1.6533765886400453,-5.909989312889818,0
0.8479395105183809,-1.676707209778908,-0.34866261521917674,2.0602216231456634,4.365301405873272,3.7686163674361177,-3.130903427073902,-3.342132277593331,1.7066182308709703,3.3698824710684434,1
-5.090764794439491,0.7713600594296937,-4.048040437498605,3.719665446721101,0.8386072337479371,0.9034967533093732,0.33994985121090693,-0.2243156403961346,-0.5895727403996855,-1.2644078502753568,0
2.9558390721994874,-2.0316769365337732,-5.374194920728749,-0.5606217087326826,2.2864723446697997,2.7267787701032606,-1.6926817939927306,-5.576020638968565,4.879427357898198,4.3900730669675525,1
1.3773043682695678,-0.9554646836503962,-2.1869681008439237,-2.607948837687288,1.1148187886487424,2.8364881814403304,-4.110166305030923,-2.6991774227259517,5.129294619474961,5.118436032202271,1
-5.339386895753859,1.736648678199284,-2.178746716317436,1.8005513753087392,-3.517484409310071,1.9569047182515078,0.2390588901926174,2.5634747400892097,1.228969534725981,-3.7176114995374743,0
2.070024780970295,-3.4990503231563173,-3.7082766168623698,3.108085297805889,2.163296516991644,0.5165515261996056,-0.02096207577959386,-3.535333319973128,2.267402721307535,4.159491757895865,1
-1.5810125448182801,-6.331426598635226,1.4144669721124328,0.5885983314450034,-2.780331362094623,-0.025795635038580844,3.5877733690047497,-0.33937861119196944,-5.398228058158047,-4.563100248469673,0
-1.8386373857272593,-3.4672688765025983,-1.1753766751366488,3.8289227978219573,-0.6176105984772187,4.784116198285549,1.994179585407266,3.500051401348161,0.3038210107179924,-2.7283931268356714,0
2.0120282935048763,-1.0074439349357065,0.5877196817574717,0.5705411588083174,3.0363001941628407,2.225842009150081,-2.5689894598829595,-1.5455609579891796,2.4292365385337993,1.4244084402319408,1
3.4423787270296575,-5.815855571237398,-5.125086348093234,2.6352863920545646,3.563043270271484,5.836666057160933,0.013026052959015821,-4.240343703014769,1.5799985455659684,6.318356265088863,1
-5.825920889930169,-1.0381737508267421,-6.069324373318077,5.4675093839085225,-3.133839301477191,7.071217253135599,2.602439464028685,6.604995475880008,0.04344052414282773,-4.7944535484407105,0
-2.347115678080062,-2.983598298198257,-2.116338158748292,2.0106218193318592,-3.1017677477384797,1.887158822997725,2.9670735749517987,1.7699105662952617,-3.747336214611829,-4.950495929508165,0
2.256993633830383,-1.296079256982381,-1.795426081694113,0.6573914268110808,1.0513036461928666,0.8218113476443687,-2.3113879398192325,-1.441069420963729,3.051984978882685,0.46956356149815615,1
1.160569636378911,-3.259456336297145,-1.3827190814061334,-1.528419927595234,-6.351204105946206,3.7159177979455826,7.736656151554475,2.9766259773491828,-7.60078991491085,-0.5523531791809435,0
0.5329365422139292,-4.238802989967615,-1.707375184574556,5.639667179970872,5.341200200243835,1.737328420361961,-1.596372304291123,-2.520782642882579,1.0356086667300501,0.9954280683110541,1
2.117244663258975,-1.3768979706175553,-0.6819516180673046,2.0061457019832036,1.2756292115768628,1.0744940674277506,-2.140468882944133,-0.26055863956201586,1.4333652627400069,2.345117156785107,1
-5.954423974185848,-1.7756936232952165,-0.4780649525416256,3.3283144658842874,0.017782210517578,-0.19339676088207014,1.4175558391529668,3.0608273384135876,0.9200062700099512,-5.391141607247073,0
-5.925513814581511,-0.6775260907191305,-3.5891129261617003,3.412738255827617,-1.718017776892593,2.7812102692549443,-1.189126334158154,2.919866738167628,0.1667598162293169,-2.7900667372176073,0
-0.7793037008675829,-5.522166973227793,-3.075445678412864,1.2517254191244251,-1.1368495685280933,-0.056696060050104524,1.2358623877869044,0.7321190414915586,-5.878989044227714,-0.7145854064709545,0
-2.71755566337036,-5.138085354424239,-0.0021031450480444303,6.4235187654411385,-2.0542584865494984,5.949242741629758,4.924607620245279,7.131066735024718,-0.35772587793328503,-5.475084810027939,0
2.3507262664958666,-1.717007843254851,-0.27476220502729354,3.0847330743666443,2.382919131302822,4.36233822258634,-1.425190123180963,-1.8479490223051276,-1.650123933758449,2.38129570461053,1
4.8922412773748665,-0.9858772250486663,-4.48005899564285,1.7723053839946052,2.0198622432403996,2.5672929420776027,0.20002843463216413,-5.721271544081445,2.1438281221580167,3.8198924582342926,1
-0.17478410118258325,-0.9877928073770443,-3.436752751904299,-1.4819687384915263,-4.137490977076715,1.5157362804150036,2.2863266076121924,-0.6307767131947086,-4.581365993485804,-1.2360679017458818,0
2.1215564715326036,-0.28303564034676576,-0.6235139756187726,0.7489432256904118,2.6725389772607255,3.940743308359026,-2.7369418036892355,-3.988798087478413,0.9645972249122425,5.096925649845565,1
0.979899951703805,-2.9002161251810037,-2.5211512224823323,4.312173181083228,2.682731433700545,1.3053043475950132,-1.8981763304681603,-4.19054584736536,0.018646732315297232,3.666037136482394,1
3.186290178428095,-2.8038732812628764,-3.4932928794140494,1.2530708033446145,0.22125733610413723,3.5298588067449304,-0.6648652559151416,-0.49683922816882053,1.4522887461761957,1.5320892113079343,1
3.805644425713859,-1.7134117045215047,-3.853775065863034,-1.5649121606000964,-0.29945415549026233,3.1222148875864937,-1.684432387282329,-1.4460391811515927,3.281991990359706,3.29451121746513,1
3.404855052111949,-1.8771473104970524,-2.0228463985070917,3.287388000338116,2.718334859975034,4.3639927616849095,-1.5908086252940348,-0.25155229761739606,0.937568706435203,-1.6804294435999863,1
0.11144984620221687,-1.9535352033686948,-3.028330323552784,4.949987180622097,1.9492897009935932,-0.09715061273756742,-1.9428223906316335,-0.47233134518278375,0.6481675605847488,-2.6189814635304707,1
1.537157147641035,-2.8283803247979993,-2.247758928515175,3.344222441809262,1.2143772246686042,1.9831055475230182,-1.7166770088141479,-2.8216117872684072,-0.5477891406535651,3.6126842553896945,1
0.9365312206914846,-6.267854530891216,-4.602897572386364,8.88483072027947,5.971113249630931,1.8608859946926026,-1.4850984384419494,-6.078250808219788,2.09166438240768,1.7602175184410775,1
1.8400144208383018,-0.9769594022169075,-3.262527684243021,1.2774951228570885,0.557819117087937,3.1026590297161762,-0.6172479367909192,-1.5213527656391128,-0.42259921280583823,2.9500471984342775,1
5.190914884751044,-2.2447655342742174,-1.3035330732613437,0.4822478386890352,1.714442656241203,1.7503214381363594,-1.0426199042736568,-1.974663758069921,3.384490877091447,3.2703495374387854,1
-0.4487159684655677,0.9785621786931595,-4.0342664666682415,0.17531125271906567,-2.729873092999287,2.612206840635234,0.5977062210725128,2.50207290472663,-1.3221605347124927,0.9873173486621338,0
0.7963175910776987,-0.25561914694453436,-2.121613761930048,2.1503415519486073,2.4294571116714687,2.1352345537787185,-3.2723541738670163,-3.966340949882431,0.17378905578042558,3.8209464734052503,1
2.297128950413109,-1.874257373067739,-3.2610250179017193,0.3123519812425537,3.581133312478063,2.6153188529806455,-3.2479628715743387,-3.8869806647059484,4.661946468040985,3.8265288314955104,1
1.2434934511074305,-1.6666108438529135,-3.609253777937413,2.478735287608027,2.8308529648171152,2.1949880560429786,-0.9310908809116734,-2.31955055623901,0.4214746051455964,1.6585707488302368,1
0.3726558717913684,-0.6599689516899045,-2.579660692051527,2.033571869026357,-1.8025711539364002,1.4582641350910124,3.124514043114293,0.943853753793467,-2.268245005256023,0.40870481654528,0
0.11814741031669196,0.39732109579895303,0.6835849617237706,0.32091068361586794,2.1279189827800034,3.0630793072840277,-5.282478217893873,-1.7053262035586407,2.0490177748321967,0.18210841222045593,1
2.465437495688848,0.05170608617165939,-2.47781347087056,1.3731344827662173,1.1159050688733037,1.4047856247469392,-0.9123233342979895,-0.2963577845467398,0.8766598799738679,0.17349403435289368,1
-1.4332900614640807,-2.6300072682416618,-2.329325143733721,1.9997814760641883,-2.397120249666574,2.1139889505080087,3.6314039300164174,5.188571466424509,-1.548603139398232,-3.3552240964819635,0
-1.7226068462207695,-0.7305729195941348,-2.5292986337486716,1.936836133634209,-1.7253959329373607,1.9542891139792866,2.915973519134297,0.10680745228658739,-3.1985321240465114,0.7104241668174285,0
-4.731982150100472,-1.1059691777081775,-3.276323592463224,-0.6060700867690345,-3.79054333004449,-0.5670700000262712,0.5777537897374154,-1.636378735455028,-4.945120407124673,-3.145172963125164,0
-2.6714209539781475,-3.2840744679057643,-1.3820472185041668,-0.21883833359263072,-4.882808217370293,3.7745993438817322,3.580016355607536,4.200204766908702,-2.6433999658711445,-3.317967323612678,0
2.918951666573871,1.0664725583683197,-4.12352950823241,-2.3056911289871804,0.03718362738474679,1.0063394264386916,-1.7399395392695238,-2.619328477264117,4.267219463335456,2.8580706641790488,1
1.9404737762819084,-2.3227218930842826,-0.7679355815796947,2.893748462784625,3.064231931760047,1.6873821933560849,-3.216314978026036,-4.478229342899088,3.5284632716555926,4.183230599079447,1
-0.5761922091298821,-0.5130228246573649,-3.1139632385499914,-0.41090346880451545,-4.767146970277395,1.2020462169278647,3.3728536116730723,0.2522610520182831,-6.238933005019158,-2.244846134178581,0
3.6375480267778038,-0.2434549219350921,-2.216900690492516,0.7673447754399931,3.1752396229449364,2.151483472077266,-2.7486211075027365,-5.1095676589465056,4.540019247226189,4.211381834610106,1
0.17522796254050332,-3.7235346336736725,0.39409723503226957,2.9216968943284627,-1.746874738405982,-0.5042369018692341,1.7743539521860558,2.8139425537275917,-1.0326998395639397,-4.062776830959615,0
-0.15936867650587683,-0.18458581835155785,-4.691000510826706,3.609618997878539,-3.463231028024281,6.215459935764768,4.574471984784018,7.114774525616862,-0.7158085036374273,-0.8496779558789169,0
-0.36985053865664086,-0.39046075691576165,-3.7583985397659765,7.310952662086871,1.9061343146047776,6.124311784344843,2.6067816632015997,4.888925596451912,2.609528623991099,1.3604143230755832,0
-0.8858420478477125,-1.0925126182378087,-1.9414748671818423,3.282257311517705,-0.5822792252431337,0.3233408743676136,1.4775285658534387,1.3874748754696575,-0.7103908536046353,-2.6946426869191464,0
-0.9375639736017134,-2.9805714006960584,-0.47373535228133967,5.128565781398229,3.2516814743863396,2.8079788427020804,-2.9418917778465516,-1.2836278121682272,-1.2004025460441312,0.9403895857604225,1
3.527515650653941,-3.894198499601022,-3.276450022802339,2.932344475279525,2.3651274011394423,1.6913155912624789,-0.20135393008261837,-4.753020823719986,1.8031126587615236,7.174936393513241,1
1.0256354880671426,-1.0458651008212707,-2.784876368228204,0.7393221497887987,1.8057911474188693,-0.09172478325993838,-2.5360061385407535,-3.2858082110478906,3.91759327834696,3.8658508851779665,1
2.2039468723635984,-0.37603893045284553,-1.4572188448581107,-1.5627388437726393,1.1260417167281942,1.9129755369149006,-2.5202561541077326,-2.9196226443777165,3.7151816562163864,4.842475159939155,1
3.1257789534234277,0.6621009995800122,-2.7282025415311937,-2.555948296096548,0.854181265220497,5.201334097179919,-2.727050186182904,-0.23529170606865768,3.82109392997637,1.0277574577655253,1
5.064095015575882,-2.527247079615773,-3.4218594221164533,0.24427743887387665,0.26112662337852566,3.0916738112135103,-1.5245153801228195,-2.780497010713594,4.347628013393441,2.9963436199512286,1
3.372443447973139,-1.9121360927674587,-3.033750341676036,2.242937515214437,1.4878803477084852,0.17965729576055134,0.07174586768466051,-4.578479046719225,1.804401343319595,3.90113155278802,1
-2.762539187524683,-2.6147943829873723,-3.2613922834914315,4.539671725534195,-2.1812926170528923,4.670924510208476,2.5939915331794534,6.837198439890147,0.5062950166726088,-2.5039650146699133,0
-5.378204637532851,-2.673249616042207,-2.439468616653521,3.1517972145853634,-2.068446425277314,1.603502061409321,2.1523242079244227,1.8114629164622191,-3.3397045559393437,-5.722588452065235,0
-5.740578378555684,-2.4342467734646833,-3.0373909232297267,3.4293289497503707,-3.644081958766848,4.475301640620217,2.166541699078469,7.283628757098114,-0.23277191314121404,-6.903222812835829,0
1.5689497921869853,-2.2879963322378214,-0.6106513130955724,2.732858123371478,3.5769858008135955,2.411132865874932,-3.8358250159886946,-4.689691598604599,2.127174007557837,4.935391725171582,1
-3.2283770884816168,-3.275509784331329,-1.083810701931803,4.79747805670206,-1.964749544304623,3.8009673537589386,2.0428783570321274,4.029114826205053,-0.9489007056900489,-4.502116830335483,0
1.5054136410580878,-2.9599112944067874,-0.7474568620686561,4.637171219506104,3.3788805898262275,2.0857761419200482,-1.617703694816874,-3.154459840056165,0.003265959060376744,3.3499687179769486,1
0.6073095554762098,-2.2375640765099067,-1.2083915586068334,2.9043622576665706,5.081830964800975,1.9700977845640886,-4.305153391920682,-3.1282331730751034,4.874506678053594,1.1136953739323823,1
3.640436831937258,-1.3957090036436393,-1.3922187337111298,4.607580006972846,-1.009191100241682,1.910859359213283,1.7871851900487419,2.8391021472804776,-0.17657224073820732,-1.6523582312172505,0
-0.2813745002738197,0.24162163496528777,-4.480765252771973,1.7185319090443005,-1.8043137706966221,1.270510454939187,0.9333093108351882,2.2587563033228926,-1.0674027488251117,1.2878995308801895,0
-4.856448305572901,-2.5703513236880937,-1.9950372402063208,1.473349074212383,-2.719301653391327,2.5126196483297334,1.3919291750927338,1.8073725058078494,-2.4736493292952364,-4.331286734282708,0
-1.6778179544847989,-1.1565773990781485,-3.782097026831825,2.2373660466197833,-2.0627012903796818,2.256732031356848,2.6223757761082522,1.970727719180799,-3.0168936615445023,-0.2530252754345186,0
-5.76415376557459,-6.54862829710179,-0.18537718231613853,2.368570599774735,-2.3773004692818427,0.3464591417468157,1.4683522352991971,-1.432829757885223,-5.052094849665716,-5.75484920846879,0
-2.5450218620874,-2.94425232685772,-2.1249453734979107,4.424376888424287,-0.8134612938250729,1.3117418213987915,2.05630863116944,3.0300287917321667,-0.6777377579360553,-4.794686465996044,0
-6.482002632538836,-1.7860175191232834,0.032400047854627356,4.539157935954076,0.2102632476582027,-1.2800368021627682,-2.723446571876843,-0.3683164006809392,1.1538786465664708,-6.978599642483191,0
-1.8052121822460037,-5.956727501697506,-0.7786822031093699,-0.19974032236250538,-4.29645362509903,1.1021165694379997,3.325302560118487,4.346077503124491,-3.6293198737942944,-4.935221872216804,0
3.865333195231276,-1.1648407912586936,-1.3518857122396701,0.2465779293377448,1.9724159075168624,2.900618345407246,-2.4742767531686587,-1.1242020989947412,3.9119245406200123,0.599111305471117,1
-2.4590268533242288,-4.304830391741913,-0.5888113979956633,2.951698143469471,-1.4090325209049892,3.576916263115416,1.4399513516164144,1.3948985577639648,-1.232837368130693,-2.926833863234295,0
0.004573733619739784,-3.9556208957860526,0.9482563804733157,2.46955691498546,-0.6122606255327441,-1.0360128051599435,1.1891407463435835,1.3045335786090673,-0.8411313376669793,-2.9428581695227276,0
-3.057962183839493,-1.935637884590894,-3.6528045942506426,1.5289559047643282,-3.251705174120202,3.516830643904357,2.425536774823082,1.944315075275648,-3.229860414753956,-1.4822539906002763,0
-1.2888931581951448,-3.800319337224017,-0.3655633236317182,0.6209459051766688,-2.5802800955716294,0.6627126640370549,1.7971115029288094,0.9835274069780657,-3.331871084783216,-1.8117591753888516,0
-5.727751031057588,-2.9082652631055392,-1.3410402994849215,1.1463360908275877,-2.990390086132921,1.2474167250506178,-0.9438878558498582,-0.13749364621047855,-3.16654177870498,-4.814667657446014,0
0.5443714549313858,-3.5896732903333923,-2.5575733021553817,4.647573110082487,2.038286410065609,2.5785829020323954,-0.302524702541237,0.9419334093086942,-2.033999100481375,-0.48137822962784993,1
1.1931802052416818,-4.349603968497032,-3.150306498978958,2.27701205026443,4.2940865580240954,3.394801647150918,-2.187459305556238,-1.8883524985471598,3.770703186587022,2.488528364005596,1
-3.2236271520576203,-2.685204622324009,-4.431659371134813,3.815540048163344,1.4757851971725344,1.5532079738913105,-0.40777452872877573,0.6342375008829921,-0.7513868106385173,-1.4895249524967185,0
3.7705988266764248,-0.13592700010512582,-0.650646634352968,-0.6429049657907009,1.2622976481861703,5.4277168190951635,-1.93667111377725,-1.156197686920199,1.2691860409516589,3.3944134249379596,1
-2.1073687465292683,-3.6737025820492972,0.6084941641086847,3.6211012431612417,-0.4591666073603342,0.6471682500620097,2.9418708101119178,2.1748108362537417,-0.45980748854087694,-4.227008405271313,0
0.705884456062041,-2.248137663112679,-1.0999397990782036,4.543477191564568,3.0546495056829137,0.9913006192581875,-1.767849169556738,-3.3123738807507115,-0.0008245521227090435,1.5134101636223547,1
0.7624108428322687,-0.35752918337112694,0.7239739543634345,0.5616880862581004,3.144749926366541,2.63027964395003,-5.006856749533815,-2.5083140891646662,3.875882652930181,1.175207483379641,1
-3.3274472521536103,-3.171454195511264,-1.706329147405952,-0.4579121826574788,-5.832524305216092,1.5798445465750985,2.2739072633945794,1.7812538338788422,-5.543502689980833,-3.809194247882611,0
3.1448347568459645,-2.5349444375220704,-0.8628198164934537,3.6266670728932624,2.354549432463566,3.858817545497864,-0.8166470769556293,-1.4188656000967255,0.8846519771412023,-0.39243167579499927,1
2.283953539681586,-1.59804203703055,-0.3926131239453692,1.8196547857227734,1.5673214923446617,2.5414455053202127,-2.7392663996311692,-1.2965196942267432,2.0357041396367848,2.9276295391941147,1
-0.844018919277234,1.1275624536606665,-6.183436390373835,4.325965654199079,1.693569197536378,1.695186550471825,0.19908833258086522,3.5399688621805945,1.3013331753960906,1.5217726039178978,0
-4.530824548047544,-2.027278401030648,-4.6243597464915025,4.456618432586001,0.283129518710703,1.651736157601766,2.013360453009937,4.1961625440975014,-0.9452230713269116,-5.071474643139231,0
3.567433650091609,-1.6941289416605176,-1.8154877141553376,-0.7309810474368916,2.2289214058833746,0.575048775793896,-2.4486374442653913,-4.64811376281196,5.487614253374214,5.957552326005983,1
-2.0641290617745938,-2.912846028994366,-2.5197320147916633,4.18033844826472,-1.7969591735140804,3.62528786836128,1.632114330508503,0.6546316359835727,-2.9773158214311612,-2.0911497856137284,0
-0.6790462171199378,-1.7188359993353721,-1.153787058338418,0.10679847010511057,-3.7668396003232476,4.591966995230999,2.4910351067411254,2.129137742356254,-2.7257868598963744,-0.010036589867794765,0
1.7948604714382121,-3.0647762711961963,-1.520407587737281,4.2677648618284465,2.06220279410978,2.7345361603474507,-0.3697163023087582,-2.2909611406336836,-1.3902186614972822,2.622966796889268,1
0.7352000431191834,-2.404477875624405,-2.2339762811274966,4.863096506883295,3.687701662017033,-0.5087008789339982,-2.6161721421887165,-5.480024976776035,2.1768314359308523,2.0216707814677704,1
-2.6334519561404806,-2.4598849429512186,-0.2129327812134998,-1.4202025498003863,-2.8005949839628226,-3.194959340124007,-1.334252755764553,-0.9386889818836974,-2.8871334993007016,-3.1496469811818635,0
1.4576318064283469,-1.7424919804742505,-3.037504111770706,2.9109782461053313,2.0418906050275076,1.1730590352880024,0.15758874796410316,-4.14031737288702,-0.3603848033767152,3.4011109580635295,1
0.7985475553458112,-2.8180989374856678,-2.7440470525173835,4.005413930088421,1.589712126355709,2.9908784128706185,2.7530717217921543,0.13583259275873205,-2.0088370153124484,2.3986294105865875,0
-0.8068640064752794,-1.0864104778799437,1.4931695605367845,3.669165822281585,2.049132967663665,1.6524680870270918,-4.502931408520352,-1.0850525523753909,-0.5771655859633773,1.1671500549866387,1
-3.873389773890472,-0.8964668365482267,-2.3494718181674346,1.3942028767215122,-2.6138688077747823,1.1262267307175615,0.8013466674388761,1.3372946663749605,-1.9938043684858178,-3.203621617033657,0
0.9440708278531793,-1.2734396474213425,-3.2207747116386725,-0.1276661358003115,0.28815846970306724,2.848082071562798,-2.34654314904765,-0.7169867064656903,1.4348253060202483,2.12570262675306,1
3.1808304346804137,-1.1005817682449854,-0.6805998672742886,2.9478697310938426,1.735521229793465,1.6328044489504572,0.1903806856466086,-0.020992313037705657,-0.37449505663890825,0.1226071236159787,1
3.749905978560909,-5.0790882471589756,-4.385083168587378,2.875887376410164,1.0742028065133051,0.4290973441534256,-0.18438670375997046,-3.2359956136592336,3.1812033676468006,4.238348750423543,1
1.7271940332396658,-2.2468073225048757,-1.2825934220406734,2.291249022156628,3.0899797279334598,0.8908420671010837,-3.865914066159073,-1.6500413423017468,4.3332684440484925,0.45407185370944503,1
0.5056537737836573,-1.2216322652244815,-3.260314978763898,2.262703297217874,1.5781480700314303,-0.24105925640504378,-2.341429485759715,-2.776387850996997,2.1871185107544133,2.073276257479957,1
-0.9006758959349521,-1.1376163828938428,-1.7992679323977754,-0.8943310377657263,-4.366870288786148,1.1980556853031272,4.849042535499928,2.3872014516985645,-4.032079630811708,-0.6007160269476992,0
2.173043413598948,-0.6229427812833277,-0.4223821396753402,-0.40461024213026775,1.2354919177977985,4.397864418655205,-3.439269950008335,-1.775540539799706,2.1482218401865225,4.395694116341366,1
-1.0594414012659477,-1.1432200649828883,-4.254542370352368,1.7692756501553033,-2.370250650326695,3.1942850464107106,2.159030608590101,3.995009226606755,-2.1108514228525506,-0.09489774033360221,0
5.713574819573261,-4.136381433453254,-3.055531257333231,1.729909215449068,1.3875590975759131,2.6526701292183947,0.5957574038161684,-2.846970178732237,2.456409680881867,3.233487454555798,1
2.5696192389007466,-1.797790674265289,-1.476320052386737,1.6713645309531522,1.5047426369578811,4.472274863461296,-3.7662774236177308,-0.7192777601924583,3.2283700868938165,0.25015821135829586,1
1.4685088365797907,-2.6080862800466478,-1.6874711516482315,4.867373909225929,2.3411124521971094,0.34511443983675205,-2.5319091210566382,-1.5222712760998665,1.8516202227158414,0.688554888503679,1
-1.4532924224205312,-1.91698494665996,-1.1723876398026083,3.368708513145638,1.4641746985661879,2.3964301313789864,-3.804083174854843,3.0843957632524566,0.5380184046918843,-1.957645265438511,1
3.4961143855930814,-2.522081804649105,-3.93777783412093,2.1070302192078127,3.0219720608420797,1.9574945112159137,-0.756582916991577,-6.251625203563386,2.0123388762674086,6.147592889511916,1
-2.968774067379138,-0.2812342252910711,-3.6940358444185133,-0.4613218202608893,-4.511462491360961,4.253760320840535,5.271746970176634,3.2092137300951338,-4.187010197588668,-0.2455438178911391,0
0.315009040098607,0.13811910713060183,-1.1684358045362229,0.11214736866654462,-0.8827314905328372,-4.272553974102536,-2.372977273286131,-2.133632063847168,-1.269664991642262,-0.6455704313179262,0
-0.9215878715585601,-1.2318680652753682,1.9703249954339022,-2.4158914780332434,-2.837176758438605,-0.20450352969780994,3.1934361414462766,-1.0811153360192498,-3.2115239027054745,0.9414478160991568,0
-1.789639007672657,-1.943517115646817,-1.2849697933726254,4.356400871872431,1.6151311702941882,0.9884607296786467,-4.427157902626315,-0.18479300730479875,0.03255776815607225,0.34494757531297826,1
-2.442966810627063,-2.6312627036519936,-0.8496414704232069,-0.5665800225438482,-2.4246477178006445,1.1579368251964524,0.35911779405411925,-0.7610474794493358,-2.7455615534168034,-1.499803206402619,0
1.0946843138075464,-1.6161509499320421,-2.239140070140973,1.724228009829793,2.7772018494077106,3.590536868544037,-2.6843316580254912,-0.9471677180801998,1.8239797263242994,-0.025503369067138237,1
0.6575255623852654,-3.6019112192183913,-1.8871597851695063,5.423492502200761,3.738920346453879,1.3238632727126918,-1.7373111423099026,-4.42183148822196,1.3857362113008835,3.634271381110545,1
-0.6986154978517529,-5.275720459213666,-1.2658936657712367,4.309015922647536,-2.2192341790789563,3.2427834957638977,1.2545305278459178,3.1846193211321427,-2.11727617255675,-3.7225580193056276,0
1.9991292800106637,-2.015120888857343,-4.0566004497419925,1.586755817567084,2.3288629157892773,2.57283009427667,-1.281478106865126,-2.597817559571146,2.419079573531182,0.9747060950538138,1
-1.039869025812933,-0.9537423760143184,-0.4384095911356818,0.12284109915221753,2.1610981424692843,0.7248281014715825,-5.724085386685955,-1.359923779145734,4.697180443682713,2.2249943899372537,1
-4.669979712750354,-2.1718139906866893,-2.942570542767408,0.8397592131545921,-3.2159501521251506,3.6284676913954748,2.873888280407171,3.0128791500962113,-2.638530495702149,-2.243969176352231,0
5.039239398890228,-4.993130488388071,-3.777237976835696,2.181602917535972,2.9810059479361377,2.2503577430984207,-1.247263348227167,-4.023669291251359,3.738945923444395,3.693309124240317,1
3.316766233437556,-5.04226910268137,-0.16510724412854727,7.095320817661586,2.8209831717915788,0.7350427062980658,-1.8363492113479183,-3.0318721845495,0.4375963360722137,2.567040245151504,1
-4.172570508723366,-4.046351798556053,-0.7650113575177124,1.8013168217688693,-3.0060584730444315,2.5521195739189757,1.5127635006589712,3.0235059758979483,-1.9973889976040873,-4.636978072824205,0
3.3199336978767824,-2.839407618363836,-2.446339421804819,4.860854580141868,1.8254675506866345,3.043327185501693,-1.2059976199986382,-2.409731511083977,-0.32588035651231273,0.99705770596179,1
-5.779822999557303,-2.580145558394209,-1.4851762849877859,3.883402682390662,0.09866159064206537,2.423798203885537,0.2845744392009386,-0.6267250630850483,-1.0717592929855124,-2.361309187356966,0
-6.323670560121124,-1.9093302627453286,-3.5983026250565793,2.515428000228038,-2.7558373198406394,2.5431762759255685,0.5594797962476519,2.0592561588989997,-2.232413875171112,-3.620179117530527,0
0.7759513569373175,-2.2688781814832333,-0.9416293825546522,-1.403765715087221,-3.081124366420199,-0.47707811190434235,1.3549596583622368,-0.7498937000084371,-4.891102490873928,-0.14721411688669228,0
2.9081664942259056,-1.4941941167597548,-3.9929446630108503,1.7992243191854318,0.3615657445056457,0.8542564350528288,0.44919123510964987,-0.4708988033522066,-0.30086617079590194,1.007793645655369,1
-0.3859598303964238,-0.02669580723477627,-1.488703257373107,-0.12880673925277097,2.1679781991139038,-0.16072674269513776,-4.445209316786961,-3.653345332979892,3.869463464859175,3.101308312387295,1
-0.34340454410379273,-2.5895654954496017,-0.41290761653189456,2.1135663295975666,-2.185901914679991,2.5794705415420007,3.505273191786751,1.0917932525473704,-2.5526615587036368,-2.048494039410656,0
3.06258316367673,0.32595268826173474,-0.9503865574262129,-2.4594508511972206,1.059847475261124,3.424905095045098,-0.5230011151474858,-1.229914704676466,1.2637491049565819,5.149391657374704,1
1.6110713791329363,-0.9161948916630738,-1.1802875586826596,2.5611024242143547,2.582944838223449,4.299793343111348,-1.5049395265227519,-3.008464126649905,-0.19540950419819803,1.6397960370575022,1
2.9598932990316955,-3.1606637386888305,-2.2532725995613,0.690710174301453,1.1491922758411097,2.678546990104534,-2.0556718161922785,0.32845578792068997,4.167985577053265,1.6074742589599995,1
0.6925248347784276,-1.7691410147248194,-0.6751479334610395,1.8268932840949303,1.8935461851560027,1.5022132460187683,-2.53840446329943,-1.1796971102579445,2.0587801477906345,2.795767612993799,1
-4.163664009037841,-2.1999361255811127,-2.885164805700329,-0.8617670577666798,-3.13875699002753,-1.4980799672021052,-0.5004260267125069,-2.367709036959769,-5.3700482200169946,-2.8474516513620034,0
2.9776058042579865,-1.748533584595417,-2.4891920256907145,2.391518690398796,1.5917547453841396,0.6164015701852703,0.33869579482237544,-3.331617324677529,0.1303335781193402,2.783291242481416,1
-2.711262250973153,-4.361037285252456,3.589191978452547,1.862969978394282,-3.2132810852665905,5.004997764599269,3.945337380761705,2.47175882696598,-0.5446591752874874,-3.667122871470288,0
0.014657499125757756,-2.879987532992249,-0.3267083824157131,2.8922979788012073,1.9046599266914506,0.4319221382974452,-4.57197438105252,-2.3786962640355473,3.0306983320016156,2.6096966482643733,1
0.1237250703021815,-3.431461780661947,-2.673101357285027,2.6770064483161127,2.355920015970657,1.3441159222406904,-1.1744047406548703,-0.4655925090707238,0.7321914329987671,2.9233735052563836,1
3.1052652973305213,-3.917966805878673,-2.4041675289137365,4.348870824721326,2.4564551445407754,3.0109790561996204,0.5102767734584917,-1.5236036613423796,-0.37754697509285506,1.4623425626471267,1
-2.2632767041688924,-1.513323939964919,-2.2959174760546115,0.48058231832536835,-3.4096492280641373,3.622328772267349,1.7770637000845135,3.3631858973776203,-1.45271026869464,-1.9426622627395642,0
1.285658973288387,-2.075409751632388,-2.106667270927236,4.1753034739984995,1.1056150566599907,1.6554238575269562,3.658845054004823,3.605111285939989,-0.3829044430911168,0.8088680620444868,0
2.9362144666900045,-5.2284412539807885,-5.975008999201661,3.740053847944954,3.3726967230098435,0.6707938173630401,-0.9170185569273348,-4.55061267155058,4.594275977006058,3.072548498880715,1
0.7857432902351165,-0.4107777284377421,-4.8196921904642895,1.4331838838373945,-1.4644937336166401,2.5858030141792963,3.0570922542304606,2.7879319953650263,-2.3744119571526174,-0.6597132199339719,0
2.3407352774820627,-1.5167085966513665,-0.31157980630740556,0.7679243415476649,2.655925636643218,4.237007584970307,-3.655027008056844,-0.7362232748845188,3.0038263796772595,1.068285943537973,1
-0.6405049560257894,-3.064012990547031,-0.8775759438923916,-0.40176988859588203,-3.2933537675951725,0.12711657502009777,1.8771190027484077,-0.6931416219278592,-5.03115638031082,-1.2845406026737813,0
-4.327511671386734,-2.8304736831572495,-3.0657500137289957,3.2011453178628266,-2.576249905026435,3.488027356424297,4.1508052760753955,2.820630616564728,-3.484667749681709,-3.483375710492343,0
-2.538373815889502,-2.2039255133783713,-3.1161593658137683,4.843303639492925,1.2095024237903784,2.902685757273418,2.9508638137878713,4.02918162820093,0.20541282765794433,-0.6177514161362392,0
-3.440109613005554,0.26069026900852466,-0.294783125741769,3.268931633895857,0.19584221883123254,0.7556174054756053,2.1799172874570183,0.49462561621068035,-0.3606477990276671,-2.9914364791104906,0
1.0811067196517556,0.5307729681985109,-2.3077351212722386,-1.8265122368999958,1.9993380583467768,4.46776954455669,-5.502786015946478,-1.5180830127474014,5.140435724673445,0.9413229631366797,1
1.404255864978328,1.3221849951748896,-2.54097148316623,-2.0725404366800246,-0.13048680447992655,2.608426366218767,-2.2734876246209885,-1.2653748037338997,1.5637751259371377,2.827822836156602,1
4.357507945265535,-3.3757014854784777,-5.208922600787768,3.5388628982298647,-0.28636931898936213,2.277792683018954,2.025287531758642,-0.5760290120629117,-1.890176623955576,1.1257163564043986,1
1.6314014431314536,-1.870110883985671,-2.469085693255386,2.5071990463080134,2.1483225035482967,0.5485490641401152,-1.923473981876007,-3.0425418004017684,1.7260777755505115,3.4384989761307927,1
-6.251487558820251,0.6984369046024077,-4.724841168802489,3.8453513488380127,-1.0801424148087961,2.7757623089546493,-0.1284667455472701,1.369435510290416,-1.2112680138166887,-3.629790468654443,0
2.597727244010202,-2.2500174516304456,1.036454766488737,1.8780544711328304,2.3891972749974872,0.9539079538763953,-2.4945992620431094,-2.478981749021517,2.615886165875403,2.6877858554835683,1
3.676079459753537,-1.0065140985853993,-1.5084971737960355,1.2048943460958794,2.037630149406438,0.6365572481605926,-1.9420934743881098,-0.46025606974603295,4.727391960448846,-0.7749280144755697,1
-5.862490341480283,-3.2846746178308766,-1.6906542925013677,1.0296734434620438,-2.3493867630882783,1.7533334810514793,0.9722199111434437,1.027987492080972,-3.8542345071750748,-2.9650905364902003,0
-0.1460205534102097,-1.4178677154763513,-3.430687020056165,1.093282809565614,2.4609135939912417,-1.6122455791106893,-3.1682207091894212,-4.059690187194951,3.7824615144356226,3.6892279980995655,1
5.686478367405872,-0.6335089816859856,-0.796080852996176,3.020867177527834,2.6789855557926194,0.7647216906283609,-0.6106584191860862,-5.323337118833924,1.8152989510456017,2.2541266142298935,1
-0.7277405331782616,-2.399947060363796,-3.1036387304055095,4.299987996108129,0.16429874333213723,4.879603971840719,2.0717115468615255,6.3273755465457935,1.5506086008160835,-0.6595805293973156,0
4.6775195662246825,-4.609915296890081,-4.449499668548457,3.1597753104963844,3.4695332151844536,1.344722939153971,1.323512533292042,-4.791617893708898,2.8581455978933117,3.040558653262386,1
2.201128833715555,-0.5220903511076498,1.7438644901677907,0.28978872869315975,0.6507756352348768,4.479469262756802,-4.076061832402846,2.046266807092982,1.4552110033474048,0.6505463660195081,1
-4.918718120572489,-2.9211885616565145,-1.8451761656474173,0.6998715923802943,-3.781405853948346,4.909723202057338,-0.03822731973229665,1.957196179871132,-1.9723451351258012,-2.1279451593074006,0
-4.369279252837073,-1.7428394038915238,-2.5240721707594505,3.4014466239803003,-2.2838828628572205,2.118422145712734,0.4518385505960205,4.722272383306895,0.4959090334914875,-4.579556975568904,0
1.6730532850022541,-2.593452785708836,-2.206266564987402,2.873354996233516,2.8510457916413805,-1.1103927967414826,-0.8666319568945042,-5.011968054031921,2.733677943965659,3.5889696552962587,1
-1.461784758088994,-2.8002850856808608,-4.908515762831939,5.370163578591942,-1.8093254817470967,5.554524419557268,3.771376281851964,6.38570225033521,-1.5710362608783661,-2.908240131774722,0
-2.6267039866649435,-1.859230950240588,-2.312184908478805,1.0912151935231769,-2.2625319655594067,1.1415166478228533,2.8223252590251375,1.8892401131481573,-3.1078646795775304,-2.370466360302863,0
-1.051230926195669,-1.742567261464895,-2.3786761619481136,0.9518938774192789,-1.476430106565454,1.9150674687751648,-0.8957242813378472,-0.6991735813872832,-1.9590296782494476,1.2282286766990889,0
2.741277997043958,-4.212179650175652,-1.2091123926302207,4.13851030988266,5.092279043690243,3.3170252809108103,-3.5666977661581463,-5.614972048540384,3.338779095010022,4.044865428962631,1
-2.9931061213182555,-5.932025868996247,0.7893196932433,4.879926139046416,-0.014066044053413052,2.012102923707185,2.715556463390894,1.2216232757819527,-1.9593327547634398,-5.65445403353575,0
2.625444520560501,-1.4256568700128756,-0.5351267923163185,2.5665965698828694,1.2841538108632675,2.2220864556714996,-1.7630228110073327,-0.8489305962784384,0.2785896959444556,0.3643347980458338,1
-0.42735999444363726,-0.6325554042661359,-0.7501198611347166,0.7052522218871415,1.67309429365614,-1.4038792327686695,-3.434103301462961,-2.8758843176442417,2.3073091654801448,3.722124908221306,1
3.252555320194338,-2.7250697097954055,-0.531354097688145,2.4042916250537463,2.7115258183235893,2.8174686648565377,-2.264382254580015,0.8594856174023984,2.8556311916900583,-0.5434186154581422,1
0.8337743226879266,-0.32903277533893727,-2.1686535894791144,-1.2832068008097512,-1.2929887109766014,2.0662607678901947,-2.7280411521071546,1.1513380243866034,2.2042505471046394,2.6155377328852736,1
-0.5616739970049687,-0.9708667103459996,-1.4009193503151534,1.8957578908402928,2.3070485098651328,3.882870665585734,-4.554733770387731,-1.3958388243753586,1.42141238858046,2.141034067465435,1
-3.422033756456825,-1.4429904555295066,-2.536094201879006,0.4828893538090624,-1.4131907874062462,-1.6057252375563937,1.4020819203153936,-0.5710786604988667,-3.4058857907544446,-1.9132480796971176,0
-2.544701102801522,-2.8664596671943303,0.12705126393727184,-2.02414534445235,-4.532432164674685,-0.6365497706329197,3.1126581190379645,0.4241901848627867,-5.258145226549992,-5.050452164231332,0
-1.3478930246094434,-2.849702965293652,-3.210004398144677,2.3243926505108425,-2.145886782857225,2.7037781351675827,1.9723488396920903,1.8487801620293687,-2.9348967467986995,-1.281537721575055,0
-2.8759632556093537,0.1237576217713805,-1.1733187509553002,-0.07484728201061008,-1.8226578607820212,1.65929114508786,0.24654797120208038,-0.23310637766969577,-0.33060804586941694,0.2073870260739663,0
0.9124647501483649,-5.106312122931938,-4.1644142605017835,4.457293656097034,2.9270381022590324,0.9276157887808631,-2.3061976946489877,-2.5854757136512765,3.319715129731022,2.6812102409195266,1
3.8581372455151883,-3.8144654645931064,-3.05784875584364,2.954740373144965,3.9910619842633412,5.640135988172389,-0.9884594458671612,-1.0596720901508387,1.6799252276766634,2.391711135483839,1
0.2255888388848133,-1.8036562401364569,-4.492131622108378,4.536700223627622,-0.8306966689705435,1.3116149848038225,0.827115064540102,4.095957896398179,-0.9350274121910178,-2.134162169209641,0
4.509055610264554,-2.5363398054033057,-0.9904452498581717,1.735849097656604,2.882672326282462,0.49827996670185315,-1.0502168252357755,-4.450411214214953,4.235994333637013,3.9172814568887766,1
0.32020784123030976,-2.909056731289047,-2.4899242177740586,3.7536161501194547,-1.7519321779569998,2.0870815216477956,0.5723928810182095,3.5122868904782854,-0.9723947128857782,-1.9013727389222963,0
-4.154559245102147,0.7641467093250025,-2.774633958376748,3.181337140189868,-0.9459084346332443,0.9483834960189643,-1.6398163576236686,-0.002046994727565199,0.001373146488925947,-3.10561283187784,0
2.2579251982591844,-1.1968135827513073,-1.8152040361784838,2.9949314550724093,0.5727027368310049,1.66107672472834,-0.9819069503026803,-0.16604285646427197,-1.3533238080271777,0.7614649734048966,1
-2.241752163468667,-3.957991654459428,-1.4970011520238362,3.915845582060273,0.28370980246905164,0.19401143346086647,1.049551782573619,1.8080848762446202,-1.2925835950760431,-4.115764481329553,0
-2.201272722911983,-1.3878536104036185,-0.4994109452904574,2.325431541169073,2.4182441542199067,1.606744750146432,-6.911056093367732,0.8507539647581766,4.12080874324467,-2.8197389753292867,1
-7.066508906897153,2.0293779440619018,-3.6793144276727556,-0.19001790587321699,-4.8784645278786165,1.923791075322358,2.67142529615465,1.942356871021378,-3.5424284771414034,-5.312646977816186,0
2.4667238513934606,-1.7851274102414796,-3.666469373271222,3.5653884129259783,2.0595916890252752,2.009353932334849,-0.4893728781967661,-2.2575922503596546,0.08188621008043251,1.0081589496624996,1
-5.1390221543074865,-1.8999218198143364,0.8137132188335738,-0.200334610272336,-2.924330410910787,0.6648431766719511,-0.06652158241500983,-0.7346035988996307,-1.6972726779867087,-4.072556848098095,0
0.5322323041909796,-4.831438769384378,-4.032663160803276,5.459215644163158,0.8194634895877906,1.7692973029582502,-0.6488359510147443,-0.3451528877050154,-1.2182030150472065,0.3823407527745073,1
2.7408935953700446,-0.08730881967528892,-3.685614917739108,-0.18841521960665908,1.1079564981011143,1.202068328307468,-0.40970214425556395,-3.4590973805329597,2.1962600477428302,3.3164031539069416,1
2.1768795942273025,-1.0103888977017728,-0.5732504062718558,0.7551145524477529,2.40027935657896,4.295090100215196,-3.6268445328596126,-2.8956163952761895,2.665002527221477,1.8777083484718637,1
1.0558785431194693,-1.878394046324646,-2.311540174374578,-3.104650596080239,-4.350686031200284,-0.8952282807764176,-0.4745589569778561,-2.765131817421726,-6.711824273839548,0.3271840288388952,0
-1.4614300550673947,-4.5439461351059105,-0.6779189844513753,0.17420224217265146,-5.236592240551988,1.6419063368149902,4.189876992916714,-0.40346201030087236,-7.424418685355247,-3.071518675150513,0
1.5086120302422452,-0.8835250374363768,-1.25852178845293,4.131059880845546,1.5349646006867852,0.24703269934410566,-1.571942626846982,-2.220908766233102,0.777408412192462,-0.12492806284771785,1
1.7166704757129274,0.4006036295867461,-3.315268769864148,-1.8416496756769027,-0.5597787619769465,3.485254010079678,-4.004971046474332,-0.14493301200576236,4.367777906789747,2.3033963534003075,1
-0.12009011990537433,-2.870784063334808,-2.9159244941808526,5.640301289912571,3.7177830148710536,0.11508040858956003,-2.208785378787083,-3.0458775669309084,1.5959595343459465,-0.49119835576072735,1
0.20475416036936123,-1.19229567006479,-0.9318784681311083,4.646812665874098,0.14506313017913763,2.798474166094997,3.732086338582726,3.4862323207557724,-0.15151359191516223,-1.8302836448733424,0
-1.7886199224405614,-5.567481102586345,-0.20488355862370322,2.422665654119778,-0.4479969113759217,0.21787183944726496,1.8634400929911323,-0.4238579379627607,-3.595661794709126,-2.2825068322340916,0
-3.160335739999505,-0.6248843040182857,-2.6096152509894237,1.2422201685173528,-2.7246341447225193,1.134319713803961,1.304183206434045,3.0190332559078312,-0.7717794397246085,-2.510438289011655,0
-2.349880202860316,-3.7086139139607406,-0.8692901990932267,1.560203268387491,-2.016232070759317,-0.32432407366981497,3.07097076049381,1.5471737246396398,-3.1390507406134267,-5.3310128639437,0
-1.8797383598135253,0.5781703837902055,-1.7859536521521495,0.4940676941906397,0.8698953371106843,-0.9802004370872184,-3.765417307218169,-0.013359046389795237,1.9177954499321044,0.06778956478618281,1
-1.3696626505088898,-1.547417589547997,-1.178182395964503,4.624531322719273,4.302720010724295,-1.245502539829995,-3.863281903161048,-2.980751829831658,2.1252173282985716,-0.00033924927432638086,1
1.6143789159600126,-4.696046429228885,-3.200246371792354,4.983079210016465,1.6088757207726307,2.979248770646583,0.31659844995617936,0.3893344978474107,-0.9166422569336037,1.0018919379484355,1
1.05639248933586,0.31806084202089346,0.14886787133599322,-0.29590571800950727,1.253357840106827,2.2856089655939305,-1.4129220829562583,-0.2627424058036887,0.6712331024142628,4.2416441374730365,1
-2.162816989617157,-3.958110798413876,-0.5984742447056033,3.8173323846028984,-2.6051751512062813,3.0900216377488374,2.2403090631950073,3.108897502535156,-1.2495931129014637,-4.345376735043457,0
-1.70749697317999,-2.523784131431391,-2.2437993388175728,4.786871219630705,-0.02890692790644378,0.45758451908866005,0.56388785825526,1.2912983940160896,-0.5554309778470816,-2.680108066264926,0
-3.4978331820616244,-1.306018295581155,-3.9956357233202535,0.5017471548173706,-3.8823225450136882,0.6720980428798469,0.4527863455223733,0.9889525058308191,-3.6046540715456743,-1.6398621166881004,0
-2.0519964570076836,-0.5551300466564115,-3.2096401620720134,0.3352653393212357,-2.6861941707173878,1.3724156304480943,3.603524747876303,4.467938157420042,-1.7011562066413548,-2.7530991421557016,0
-1.031459380002572,1.1101662334539837,-4.613600040471898,2.7048059918822167,-1.4955580470241938,4.006714279586482,3.6906115705557268,3.701325347728506,-1.407096367881334,1.91075398457797,0
1.8399622438978358,0.7536518523394253,-0.30029315619856156,-0.9458281459825404,1.1679927568684592,3.609896081260696,-4.146043535052678,-1.1751946024755342,3.1260176644090647,0.8963709568061642,1
-2.0133845882278045,-1.8677436635675444,-4.568064966186066,2.7522457111007417,-1.3767505961572042,5.24350356913179,5.084671278322784,3.50251126962483,-2.667543283689218,-0.5776064485460579,0
-5.588854804190129,-0.7736409186215194,-1.6542400621335855,2.327575651106002,-2.697535600971372,0.47406461141613554,0.1408693056291066,0.6384497149583739,-1.1190750179248012,-5.456806250685451,0
2.1400133469685647,0.20577218071297576,-2.6019026140631354,1.554702777929318,0.1434602679888033,-0.4640569935427328,0.510801702525608,-0.46386708484210404,-1.591042233474105,2.503823240534037,0
2.2432077588584196,-0.7978942904425597,1.247948911907589,2.176105620492751,2.2848753033318374,4.102303780985377,-3.9193490237810504,-0.10149847665912515,2.1981907961788925,-1.1717726051889512,1
-0.9885126771245163,-2.2541430645972325,-1.7962724926737579,5.587373580580236,-0.20788583642358915,3.1415971081903837,3.8227017889534585,3.6346658883742045,-0.28193508485234653,-3.7307202941995294,0
-1.2494372241397547,-2.5224782117146867,-4.382002655937787,4.639876274679544,3.3886552656965065,-0.1641721994856229,-3.7658990262997856,-3.1235226897805375,2.2311123122938543,0.4075268430813763,1
3.1283308080415293,-2.2521570238140285,-2.9526444429933503,2.456372085158113,3.2746237197822508,1.740279805221294,-2.989678467452829,-6.22120454909751,5.156619499391169,4.950403092658471,1
-0.3901596265400058,-1.5527577347173136,-1.2042404087572982,1.7021361335257783,2.1489579428039223,0.7544394928057541,-4.14156037747899,0.5395182267063707,3.2586359239167577,-1.2178402613127894,1
2.106638852232486,-0.4710869767141672,-4.130171002188511,0.5454940180734638,0.28346720072445075,3.0741950870990333,-1.500283861415446,-2.040464961884072,1.5143618077499725,1.8246522617694758,1
-5.593112595962044,-1.066928506563479,-2.572572535736081,2.143358282331713,-1.896727405462254,1.9944266987434216,0.2568034373925603,-1.4267698399182742,-2.5664163183141437,-2.2476930627177456,0
-4.332120734453428,-3.2979874772329834,-2.165041364051063,2.572375011363023,-2.291577663133262,1.2894108720633597,1.2521314057333586,-0.008984691282447166,-3.5035079288797304,-4.551083298517252,0
3.401665494490834,-3.580745363908878,1.0659504629911485,6.2209774071971475,3.6865959764993375,2.696483547381971,-1.2207262162781438,-3.8436484614922515,-0.9789548819142686,2.031507203027203,1
-5.544571438098812,-1.5318530526714162,-3.3553960250800374,1.9184157345458803,-2.9558279178322815,2.3190195585523727,1.284769209633579,2.3393446726325307,-2.425816170839999,-3.5726369189478255,0
-1.8748981503381996,-3.0193785353754423,-0.3682470904477684,0.0019235549371219296,-4.622314970312135,-0.22926474936455143,2.2217557576253024,0.7148515846363164,-4.746578239691655,-4.774935884231169,0
5.098159421851017,-2.8040120682615357,-3.07568777791882,3.6948245120775716,0.6052745518933009,1.029158903468797,0.4488605110402184,-1.212327182378678,0.8828137766443198,1.2810346893768332,1
-2.582803577085706,0.5358077107440633,-2.8719398314493185,0.9558234192942128,-3.5948109395008156,2.8463475436984322,0.5452920079609964,1.1264153117853888,-1.9478905618939553,-0.8401662189494385,0
-0.6857358962948412,-0.9697414443398904,-4.896304276560257,1.748614202775401,2.517980276975286,0.7021435306968538,-3.653699465512224,-5.3716577854457785,3.2021878968374056,3.324769245601833,1
-6.732403096899097,-5.417073114383251,-1.5443430688291664,7.339723838592724,0.26597703834823694,3.0516630798991353,1.5564635626268906,2.843540973535708,-0.41463553463477076,-6.457118407889491,0
1.498580645379011,-3.9146520981486503,-2.22463576669374,3.9457388294825257,3.025209529931712,2.422689922819282,-2.9042754777905104,-3.8927120754768305,2.9004248861005295,2.9920637440084743,1
0.4372375556445789,-2.8907833914326977,-3.272432055746119,3.187415774268438,3.127160132142131,3.114505109148916,-1.6572800105375958,-3.7352992883509213,0.12088720494369753,2.6960014373418337,1
-2.4286299840824426,-2.704606537478705,0.7470142427853661,3.4476758742473264,-1.8664482836742107,2.39652678201621,0.45215242594531246,0.07467416268072813,-1.624253584111825,-3.3531240740780244,0
-1.9032943121255215,-4.996928731740336,-1.261629440581601,-0.6445224135637471,-4.299735771556088,1.5042333985620142,2.804050287361195,-0.3800704401602757,-7.060474631026781,-3.1828863757774526,0
3.039123201672499,-0.08051920034220728,-1.2586393627048302,-2.585555217276177,0.8907983908001875,3.0616677463455293,-2.4909243890847,-1.7464085731297472,3.389739115486174,5.0836365032538335,1
-4.0403538776438825,-4.4767348198880645,-3.228524601679963,1.0978582966951387,-4.463849659046399,0.3817753257284151,0.3026458486412762,-1.0634336497671302,-6.801883559577696,-7.333183728255007,0
3.2500974435646413,-4.438129488985268,-2.9729588043020505,6.498724286789803,4.56603122342362,-0.2665356849609739,1.0735711669254928,-4.820936607560694,1.4547277552220983,2.5870159052362927,1
1.8582574159263623,0.19363109589750183,-2.9602294166981937,-2.172613141472996,-0.1801609761184948,3.404318357335117,-1.0240040699375879,-2.170826280960366,1.3513132549028324,5.869332878277695,1
-2.9599577174518057,-3.8517401734202226,-4.035146014582788,1.7868580324688754,-3.0363794243698434,3.5348531017936082,4.685765285780869,4.559346867037788,-4.0743723778558465,-2.6503368676365495,0
1.3713470795180913,1.2732881598561394,-0.9919034155182447,-3.8839954513067827,0.5324531293891375,3.0123759849509275,-3.875580555950436,-1.9974370305617062,4.7404242042800195,3.336194801855834,1
2.4700546857164274,-3.3547075704613336,-1.7494899594585078,7.996082723250415,2.1491036543445787,0.2490460868998603,-0.6508289791604618,2.561963663599853,-1.7353578220024382,-5.87958831908025,1
-2.522554136624219,0.7970681899174692,-1.7076322401297956,2.2372610516931064,0.1969830180999974,3.9973273922149892,0.35771912713343146,0.2944322765731353,0.9548359985226047,1.2310763550453765,0
-0.9594041557183628,-5.561841149006604,-0.3995380254237859,0.6526267365812715,-3.6583745963463503,2.3805310601332215,3.7303363530627167,2.030794410524928,-4.805853755591192,-3.480256386433396,0
-1.1136596684734283,-2.20701789918206,-2.1287221956732205,1.4973724485692448,-4.797486847856298,4.167147249213672,3.5156057772476825,0.8963465116688136,-5.251059968885487,-1.7687477162160006,0
0.532012547927013,-0.7292589938507927,0.3830824225398519,3.7443824173081826,3.5629445393135653,3.852060334437032,-4.914603553818748,-2.835133757334055,0.6741703462770474,1.2885784184676004,1
-1.5865037295302955,-2.0294512642569353,-5.606620757777195,0.7654175339094198,0.70279716544646,0.7926241286830131,0.5782877191422338,1.8758702161891119,-1.7565559264989412,1.0901875862358508,0
0.3020283413881495,-4.3687641722825905,-2.3406961179796686,5.575870991440263,3.2625663270322627,0.9534053387206765,-1.6643766086474168,-3.8209817770519297,0.43931352422196834,3.2190181247635836,1
2.8858848971758935,-1.832004583039915,-2.47648785918899,-0.9654241623755269,1.0420734029692884,1.8391160314905104,-3.28799758660336,-3.5811302638501186,5.546173595215542,4.240460328148868,1
-1.2339084819184247,0.0076504877037471,-1.6213971057379684,2.222210380141336,-2.017694075910637,3.9270193908248605,4.538747320758583,2.6468244073010014,-1.116371001471519,-0.7914215002377365,0
2.781036481453259,-2.2327546593880747,-3.03001106382823,0.7700126818596849,1.305654707157485,4.096658293386745,-2.0741584427538458,-0.1058475268510759,3.2060544538201605,0.6219655748775241,1
2.17265236617845,-2.415171670175097,-3.012034884902605,3.02263469689745,1.6628287401224335,0.7842733323840598,-0.6944620345292771,-1.1087665012912442,1.7790752662235876,0.6340535699085086,1
3.5543572762812916,-3.317693396457824,-1.0386823000832703,5.079891038672631,1.7640021925373524,2.161795986765017,-0.035429858766163,0.2792974148637417,-0.34697666897815527,-1.7449067766902804,1
-2.3111774815635076,-2.145269324368064,-0.8534647873863377,1.2973242728379923,-1.3793492977327189,0.3107132520232254,1.5579614579372743,-0.907097073653178,-2.560533336840078,-2.189084475468493,0
-4.508768285489022,-5.1908847209673965,-4.092695488821548,4.633869668095114,-1.3957853096816017,4.745879881530781,1.2869709404484249,5.365054163379412,-0.3721922143721621,-4.65886709185714,0
0.809838096986133,-1.0539306956577357,-4.669902435680163,1.7061164620810858,-1.728546768515036,1.4617045858789885,2.930864981751358,0.3732751147290103,-4.77114414298125,0.33300150922564953,0
-2.7276363490766187,-1.1822769706759861,-0.9025350820380704,1.2785445111293843,-3.788794718831493,2.237804864516847,3.2201873089968136,1.407037431877503,-3.24849913441658,-3.9847435653959895,0
2.151607742271434,-1.3436566753968697,-2.7446784101925936,1.4582903950294908,0.6499072541097413,0.6438577416127989,-0.9174768476448507,-4.228979021677308,1.3747849240273862,5.222005629956721,1
-0.6426851726557612,-0.797391706942131,-2.977717128815166,4.415280454628754,0.6711475358372749,2.73555511544454,1.091453863512876,0.5553539464781676,-0.18274865913075344,0.6319899708400691,0
1.2678180380780688,-0.9516459427890864,-1.0690397401214775,-0.7726866075662113,-2.616606763381413,0.746575083014674,2.894926880812389,0.6591517403298257,-3.634941042246818,-0.17456351726661468,0
-1.6298101247829722,-2.207957623726527,-0.906017007880223,-1.2448426749763293,-5.018318529413078,0.1366304973141339,4.500205326370275,-0.1567008843622686,-7.296975895048797,-3.730006600675237,0
-1.77923411399347,-1.2468984143629194,-1.7773437275678767,0.18375240900616907,-4.948066221708604,2.6157278055378628,2.6382781914519082,2.615237596014996,-3.324501869225955,-2.198174257150112,0
-2.0407916475282786,2.798108877079833,-3.078229640624248,0.6214568613562239,-3.5841699474150834,1.8170102178054492,2.037960009058501,2.7581281552449104,-1.1520943817187175,0.3304245253472864,0
-4.6877736975812425,-1.177035576279779,-4.113065427797506,4.47671565681245,-2.303092723128551,4.3364911062051075,-0.6581325487448693,1.9327554148952568,-0.7692653146037804,-3.8114390063888104,0
-3.4867140023816043,-0.6070475352446383,-1.9645757790349625,1.766763277839712,0.44669065525595064,-0.2921218198817286,0.9381073924717309,-0.48417485239618063,-1.5237912726643565,-2.3292527325836363,0
1.1592538449564427,-3.9469879246177513,-0.08500651690203709,5.545513437722254,5.092194414675527,0.6883764959326022,-2.059035331770077,-4.8221696763498425,2.1069887309182422,2.0740071478085915,1
-2.5560469706420332,-1.4965293847762045,-3.1256435280560906,5.9885582684652885,0.7818202051327501,3.907695454714456,2.1475512880444625,3.782835192958828,0.9140811658301651,-1.5562710061540788,0
2.8558994811497875,-1.5153123389415821,-1.2501119603417243,-1.6080557484775073,2.048680057003089,2.440542701073533,-3.758346831208192,-1.6837188570532906,6.331809302997489,3.4786170268638017,1
3.611381360893658,-3.262518924068727,-0.6233020638814459,3.1019349904209523,2.6236322180957656,2.518191209078293,-3.2223306845102098,-0.469384311571037,3.4161208372225786,-0.39144583030381064,1
-4.9607276431790135,-0.4466682916630671,-3.423470982235751,0.42125308623877933,-1.4873085323149673,1.0357892693024353,1.5352848664205838,-1.1812150309931853,-3.4644216564029007,-2.999037781452531,0
2.962149230012016,-2.9338607003304196,0.21979351742121178,3.7378810083931526,5.065210842116019,4.122693675115942,-2.0386562307219953,-2.7985242912183574,2.2415700762892232,1.564080757244564,1
-2.6104219220815574,-1.666271100133657,-2.6210317899147544,-0.20745544404477334,-3.7816377550248275,0.43104532332667134,3.84568755688196,-0.2241904375823367,-5.207309303453069,-5.111521228898589,0
-1.115379305206948,-3.141198940937037,-0.06045458009489746,4.165198768980532,-0.32083950464091915,0.6392203249758852,1.2307320855196973,3.1432434203535404,0.2662607796565295,-2.8874895714095548,0
0.4765034161803705,-1.1163247499341518,-1.0181812380295296,3.2049938163776615,2.0461351298453843,-0.6302298821463568,-3.874300466393114,-2.2499883061437114,2.6760257190787033,0.8180495027139156,1
-2.411442373436559,-3.236770498150289,0.17748950328632285,3.9495524913671485,-0.4554930796126879,1.2933705675544127,4.652289012079566,0.5932844835671176,-2.7625642981557235,-4.165585903268168,0
1.8542092662083758,-2.038347833379128,-2.7900898075630787,1.3347686018433413,3.4726369995937447,3.4721402899471245,-1.5275948426191528,-1.3100419017799436,3.4286791784766986,1.8767220661281485,1
-0.08002441024623552,1.119616549204304,-0.6696640687773574,-0.9479110299648923,0.8994039029200664,0.6079765367727143,-3.4618029294918973,0.23037747780430484,3.466050647868088,-0.3995092135267053,1
4.009431270246527,-0.4744207315543749,-4.004829288504616,-3.0734381059801583,0.19730523775792874,3.6684473445082246,-1.6149961683360332,-1.790715373185308,3.3602865503321437,6.246059285552094,1
-0.9333998718710921,-1.443820003507697,-1.6232271252499424,1.8684115766511848,0.42290546078986857,1.9158982398005682,1.3931763956359402,-0.9849893507302276,-1.984121728929274,0.9165613129289558,0
-2.158240834698094,-0.6157035423990573,-1.6637811864440948,0.603225810404,-3.9895290607258764,0.9625710076071707,2.210957306326186,1.824492525254285,-2.909236595848019,-3.9858124352908186,0
-1.305812407638679,-2.8313427578804884,-1.249418875919674,5.086690710210865,0.7706953612388854,-0.45094515744409325,0.6718507206808648,3.038555675870132,0.5348756062518114,-4.428139051457146,0
0.07633193242023006,-2.6360242051582725,0.0273160676660682,1.528439585062317,-1.8733824029352502,1.9984808231175877,3.255543494711919,-0.7002620457741147,-4.141298085844782,-0.2079282777593945,0
-1.5360143784796279,-1.6545530665537507,-1.4900754413556023,0.52856207009606,-2.4131879166541075,2.172795119823164,4.451095661632799,1.0093108363675134,-3.216952519365549,-2.032839808822485,0
-1.5062067312150498,0.7030207334172194,-2.6630657633537265,2.665972386416858,0.5523706841296332,2.6139561703072984,1.5435920100145186,0.8722012441726528,0.46957306092016005,0.22841904930216295,0
-0.4374714586159265,-4.334667408482641,0.06495556554921,8.046175320591797,5.265219333660054,1.8383285470957056,-2.078284643623729,-0.5583744341815609,-0.3747305107314056,-2.3681909724078283,1
3.329836159299825,-4.318062471096679,-3.400746865509681,4.005864935763686,3.058586570326087,1.597910258281296,-0.24402996473683025,-1.890822601531959,2.547101675056885,0.49772728814739553,1
-1.721253077420986,-0.45000929166729864,-1.8546693170797512,-0.9561331255046808,1.8777114952353189,0.4448980664201547,-5.106277774981498,-3.4938688781455656,4.463652544320112,3.847919001004056,1
1.0716943227888476,-0.48374026277517057,-1.0800063319933206,-0.07472030683982522,0.4733445259461344,1.441851216719567,-2.747079598524309,0.1140252794918859,2.7056517605637866,1.5870993616040092,1
-7.185187871741553,-1.3588255170329,-4.346374350341762,4.424491515946531,-4.2369740464071075,4.510444308089147,1.057934236187616,4.926625488934174,-2.0112909066555935,-5.234012117748366,0
-5.318010739664872,-0.8001571118432105,-2.252209637903738,3.086069838609589,-0.09211934813591105,-1.5298723212803966,-1.5445089785443984,0.560759377306322,-0.10364007898150618,-3.727158905172079,0
-0.4522073978105161,-2.8759074715388757,-4.5773708437966185,3.832791931075043,2.9997559473215416,-3.087833665095184,-2.863206989069,-2.7223517946166287,4.313279529001836,0.3197820395657083,1
-2.4752758887769843,-2.004875800703586,-0.5043448944021016,3.278305885543995,-1.7901215928999086,1.2915299223725971,1.9425125103445866,2.972661410714317,-0.9330428855368142,-4.468087140760257,0
5.370346753784384,-0.25312552476222017,-1.3982047529591144,-1.2713450545021936,-0.6848209233070683,1.2932220056021198,-0.7956137588528236,-0.7418696595288119,2.7714665777915592,2.3818521161146164,1
-5.070982570527387,-2.6845947426452303,-1.110130114307819,2.6618539639138126,-2.594982156380995,0.21362788153064227,1.0036675101884787,5.008351017792847,0.34419161155010647,-6.220019253480774,0
1.1094938447538598,-2.0941487609752008,-3.8399167728520234,1.792588726351768,2.001223506083456,0.6049505058917821,-0.5027945871645132,-2.856267523611656,1.8160171790469228,2.5898420969612004,1
-6.608639775599325,-3.7328824149947177,-2.8681237390061796,5.428102408536357,-2.364933457424945,3.949467072786679,0.9219130988416391,2.494241801089399,-2.272015877619065,-6.004776778632078,0
2.952710944688255,-3.304407756731954,-2.3405436667807322,4.384025468612599,2.954147036454458,1.0288839215775623,-0.2812836407129744,-2.324843515124334,1.307937808720454,0.19846041290763727,1
-3.7913583820327346,-3.5036376587190365,-1.5534363092238221,1.3901140883934051,-0.8983804992206676,1.4495005087832542,1.2973897775773842,-0.17852187984563495,-2.2505658085291964,-1.2068310051899611,0
1.1135145856119009,-0.22587191576794874,-2.282136068039859,1.6883472557995836,0.34835054159583323,-1.246763298026531,-2.1696266416767305,-1.627744019103282,1.1751875595958676,1.5772960544898642,1
-4.8441237628812495,-2.5663030022848403,-3.8724586380015737,5.09609517677497,-0.651168552528911,5.02522361156001,0.38623751337681456,5.3080432251018115,0.7554125128808051,-3.649575136663932,0
2.6379389812429297,-2.5380942082722613,-3.5227395686998912,1.8582102163398224,0.45796403044098355,2.5557842290166515,-1.1769106110189549,0.38860229886055553,1.5151969818213753,1.6196942512698373,1
-1.4244864179799221,-0.29249361947459573,-2.1812072022685154,1.0442457042332607,0.3985791593961199,0.23957042736822642,-3.4802718172409683,-2.6972504402931734,0.9765809796637404,4.6078884834545075,1
-5.169570850415627,2.9315288343492796,-3.726073230267492,2.684202264406587,-3.422635150130051,5.976063551427712,3.633261737772628,5.638868012801749,0.6268927065844228,-1.293486335984746,0
0.6455475193580726,-2.600767699998305,-1.326311229605151,5.472195533435098,0.007848598315471467,3.0538406750035225,1.9910736632017558,3.0905488929222535,0.5718518444262717,-1.7198981316790025,0
-5.35760805251506,-2.45585210177029,0.8001952666504861,0.1891697338926852,-0.4698625957893552,-2.6789397140302533,-1.2953993708573268,-1.8553442309456902,-1.319411276813681,-2.0005587521023545,0
-7.0686575292987115,1.707483490261399,-1.979822488216664,1.0683913257646225,-3.566242917148911,0.4957869521654814,-0.35341119185307646,0.6625598451242538,-0.8870789119240892,-3.679448927559524,0
-2.8438917176237006,-2.3266682143332478,-2.146413588827491,0.34592169342318435,-2.604972255936252,3.2005385959988475,4.007920288010894,2.7975347923480047,-2.766245921295278,-1.6968963461251876,0
3.531194607333501,-2.6247041353809957,-1.955717275634641,0.08834016321040061,4.009715513839655,3.957449562294245,-3.3647499843006683,-4.971168126662834,5.976284242273591,6.701590011509362,1
2.0502797355679268,-3.756431425619671,-2.5390588792907756,3.433624243654699,2.9654861139344844,2.6693023588882205,-1.085697445443298,-1.626525080141293,2.7655060388145642,1.1890113466656098,1
0.7964697173097068,-0.01606961976648935,-0.7860161944489823,0.762665102800024,3.3797682242416895,3.888914419661594,-3.0600967192961894,-2.3504178885188227,3.1840143110738746,1.5909872812564698,1
-0.24151351521444542,0.8768799516179091,-1.1444107200867468,0.558884335421173,-1.7149151426690739,2.157376570345904,4.967653817968642,0.7412110859987733,-2.371717113996332,0.49601330149100065,0
-1.742769606076727,-3.407925812170723,-2.0279179053935454,1.238787331088889,-2.785721079698968,2.6173444450684915,4.874459345793998,1.6880608265433095,-4.369980158650192,-2.6384081447072814,0
0.15483208432253637,-3.7087499126669985,-4.427416906243874,2.386091769560526,4.112658743040652,0.932592723072736,-1.10498738568756,-3.5378173407468694,3.9243671609881616,2.660109273484435,1
4.118672001160762,-3.82748018854303,-0.9832018731868315,4.771212663611842,3.7794758222953773,5.241708691411873,-0.4259322182335423,-1.6820061205165058,-0.20045307642556276,0.9479875788860861,1
3.6324110212786564,-2.9442597904983216,-1.209251646883833,3.6446111039981295,3.0191684782991235,1.228586693607229,-1.343131150256354,-1.5473287520150856,3.080290882609063,1.6740106728668847,1
-2.013882631314492,-2.038846567988957,-2.9627543629790623,1.0012183203425205,-2.9655822066956032,1.8772165226365654,1.464985065490937,2.1286116757705655,-3.09275701584962,-3.8243675586749335,0
-2.9490369439843445,-1.8049848383984308,-4.05924072423986,3.8137097604612036,-0.6750818495117834,3.0731450112460834,3.280859509940313,3.1318926017945534,-1.530746027515852,-1.5127099180349235,0
0.8173972880432498,-4.320419300281992,-0.9879841811703032,3.745557208390042,3.232101683334547,1.685478546199092,-2.5232909903731207,0.3022669607401558,2.932213729062382,0.7066045780780355,1
2.62799613772778,-0.41067568856039616,-1.0968590705343264,3.3165453903565343,-0.245980044797383,1.4009325296708641,-2.571255833736415,-0.802519375369201,0.3106124501065102,-0.5012988943828689,1
1.9133025412506022,0.3620983254847854,-0.7979023501006706,1.3408901548860226,1.8064308721700455,1.0045031028173785,-2.5648367333267914,-3.7489007550301565,0.6829673166230075,3.5828890966143527,1
-0.4177014522596276,-1.75800325304757,-0.9232762535815853,3.093254387856433,-0.9274554531990997,0.8220068251794042,2.2015932144687924,1.1504160729404105,-1.1277275675003164,-3.0378050251057904,0
1.9348283071486034,-3.501674424177014,-0.46465878138267147,-0.49735644648790256,-1.5765018803438593,-0.4416360248124942,2.741385425571394,-1.4651287589375026,-4.985135099166713,0.8519248088367637,0
2.600193427677518,-4.716916239033708,-1.5650942737887978,2.9777309211526823,3.3760308660032643,2.6326376839861436,-4.361008720875981,-3.220908180888406,4.665675849154532,2.4764757861576814,1
-2.9209280201051384,-0.6186029638008839,-3.8770560898522186,1.0142583528264173,-2.0867837174533794,0.8274368443521103,1.4083468208076864,2.1709233852173755,-2.5847379364909213,-2.339230234732805,0
2.380428757686161,-1.2378280562078976,-2.1756047846766724,2.0104709145457935,0.9575115083436925,3.6390556841257244,-1.4659260430789822,-2.0698369337649187,0.6073859838363684,2.1661576909685714,1
-8.216381439448504,-2.4262804210442526,-2.913460989830843,2.4369629629111986,-2.2301985791108607,-0.9390391583528896,-2.646599555142785,-0.024585695827806564,-1.7849391029929276,-7.560157835045221,0
-5.720258415005336,-3.6723369272966564,-4.466420411904794,1.4003968348449873,-5.240739268693312,2.2753305234187406,1.5124093472061007,3.1423857139907954,-4.80792590574938,-6.328001119881428,0
0.6072298714575517,-2.4445332605991625,-3.619673995353823,1.8994296738619136,2.7661146818038573,-0.055966437017411774,-1.8129627261926846,-4.487890714410122,2.3131760370075076,3.6583953150228217,1
-2.463085912121499,-1.3332867268303472,2.018279890476105,0.9511088484917192,-3.3411890405007796,0.7567521583773569,3.3638404238303705,0.41286512068749337,-2.0587607368166503,-4.731840347672931,0
-1.7345792235453839,-1.1060127861668305,-3.8412076616052624,5.474393616619327,0.6252930970573991,3.4155014088045057,1.8633463158623964,5.170455220919459,1.3395561796464341,-1.147490803839558,0
0.6616740488601227,-2.4619311775385038,-1.2568343795772026,1.461893568780888,-1.6377144352450026,3.7599618666147316,5.279841710107368,1.447934647085572,-3.0472021686293536,0.65135510392457,0
2.5299437765155472,-3.657823028925797,1.5977333936190647,0.5725490064921719,-1.6710342572279202,1.340288374027349,2.33097283618752,-0.7105232968693862,-2.6788789917946487,-0.8613307962528307,0
4.027989573938174,-2.1394763629398743,-0.5157057103880605,-0.13136947875083616,0.4248219092081409,3.7621633453278975,-1.535296220795188,-1.1614421978480638,1.9196049612154094,5.544502019961055,1
1.3373303491965678,-1.461213654954554,-1.9665448697658683,3.7655178721267113,1.1648016129803194,0.47413705496078684,-2.5893557369854565,-2.131775567860076,-0.020516024819262846,0.24089024388399394,1
1.215187289950077,-1.2330544449210317,0.8373464096735703,1.4112337675569147,3.0281407829614144,2.8927886420438558,-3.611485430311646,-0.7742783773954665,2.22083776077319,2.0800095327377623,1
1.707889988614577,-1.8664536521370327,-3.531980752052869,0.6795527845370102,0.9010814231217483,2.0421321755656763,-0.48003496290782954,-4.836615978101726,0.5306163183662822,6.2708561903136175,1
-2.8086687188245065,0.3494064451679155,-3.4554863405568534,5.039966208202869,0.4784184255953732,3.5998397893984184,0.3716939555880807,3.6255030801877295,2.838284355742453,-1.2453824001940712,0
2.707770023525269,-0.5075780989173742,-0.17827346770439312,1.0222152185068758,2.2323760719887704,-0.5293413089326875,-1.5357934458312745,-3.6704869509739098,2.7403293296564804,3.9154688282259364,1
0.5880985831592902,-0.6466167221741468,-3.787597177865636,1.548889048761511,-1.7723156313852613,3.063650369692178,1.0980074071322978,4.158092714907635,0.0018315311339365259,0.8196632217217887,0
-0.561404757246855,-1.270049808748098,-0.6743385779138718,0.1539511884015916,2.0275894565384682,1.4483607869327302,-3.127783476840349,-1.4265934641516442,2.83696409414512,3.4638310281312648,1
2.717565853837362,-0.08936532487243865,-2.340901028619123,0.5261507464382795,3.2327638612715672,2.8258988969617813,-2.579891043458915,-5.842021420660929,3.838693042082034,4.1495564966136875,1
-0.8217353071095712,-2.562007766524893,-1.8585350074213465,2.419560258760827,-1.1629897103680769,1.0968198908090452,2.1455919966450296,2.016666655920965,-1.5117234022680406,-1.7860305395625793,0
2.8367942041692156,-5.262632420611984,-3.7727279311463047,5.504963343410767,4.118370850823821,1.604779283453364,-0.9510974489877027,-4.820701198723155,1.9727962802010781,2.1945711747507417,1
-2.2553974379258013,-1.8786344392829433,-0.4916353168882983,2.92944867544166,-0.9279985438800344,2.343259360726618,-0.4893797170175693,1.4464723401825927,0.4511120225139811,-2.5667939876297106,0
0.1423829663295526,-1.8046510831795504,-0.3266171708351535,4.007560731964331,2.6675515501017495,1.567297910712234,-3.30540659639391,-0.031859393251067125,0.5108092672951408,-1.5466094786763858,1
-2.4757374872479936,-2.789239682090459,-0.61612401666717,3.199585964321386,3.092434860160273,-1.5552142151841517,-4.546759706025808,-1.9973523498976842,3.4934092102246037,0.14358035289353444,1
2.827959230771847,-2.4219194224235276,-3.6510519705265443,1.2077522487947538,1.7752512273032204,2.328486904437348,-0.03303773756058903,-2.399297402589164,1.0648929507717317,3.640706774637146,1
0.21809147931170947,-3.4325443543109273,-3.808009469200412,3.041497048757048,2.5439060997809255,2.0380577344885484,-3.586503068431699,-2.0507350017395227,2.2891945330336085,1.7385376837353061,1
2.2585899695012177,-0.31437062522742765,-2.212092419052962,-2.490854641446611,-1.4779053240221467,2.6087602112800217,-2.358005678634676,-1.072632880538713,2.8037760304367727,4.040246273299367,1
0.6862959844240888,-0.10317622470278187,-1.6453012687479942,0.6539587198904775,1.8243173600046434,1.8312304192189275,-2.8875574500246945,-1.1412368295769864,3.56555270982335,-0.4057584964864551,1
-2.5891648216014382,-1.6469429520960885,-4.093903753791581,5.518269486076189,-1.0709109038556819,5.8103722692561135,2.8946832362190404,6.696294167871756,0.21038043434179654,-3.498292027005297,0
-0.5340488525302731,-3.2954907171268535,1.4603090118571695,4.0820491311016625,-2.259495011914283,3.3661980410431696,5.8762245896251954,5.799428541388689,-0.6236343290427531,-5.841739404266685,0
1.5556193818969313,-2.4249138905532233,-1.0128707842536604,1.997492839077463,2.92606672176544,2.349827047389286,-2.785816425234756,-2.1032792526773827,3.2293231784067125,0.6481884850355202,1
-1.767422309562245,-2.736228317715712,-1.8425136460751335,-1.7948041491012896,-2.4117885459313935,-2.7670117398713536,1.215866922141338,-0.7304562941790933,-4.284814025161914,-0.5098665510132434,0
-3.3840827352308125,-1.1961710097033982,-3.210621694885164,1.9855575896370035,-4.806708292471377,5.456798742602592,5.893278524303517,5.527279786725148,-3.015827606955844,-2.4167592051055746,0
1.092273577089109,-3.142829197311772,-1.7061736890333592,1.7425851879516663,-4.252436861116605,2.1990569619440157,3.1018774534207614,3.5793048176536746,-3.6966494543447377,-3.1504672277828014,0
-2.1381113804226084,-1.236200367987721,0.42300418178797106,-0.24978858461976072,-2.287159953280399,-0.8233224060087898,0.46767582147021036,-1.9857133519125711,-2.820164399871178,-3.9595925943692283,0
-1.320445657988251,-1.3935254926612153,-1.5611740659510576,1.7125907270198781,-1.1553063723463186,1.5450226753222882,2.498834364613576,3.0824449353287546,-0.031109348264624526,-2.614775244147605,0
2.6793713006304807,-3.748103253306982,0.8561508549235031,4.86580151872847,4.086153683104535,4.296427256635859,-2.2927365598601845,-0.31670340577459766,-0.6063014582992814,0.06995889839459446,1
-0.9781332257318329,-2.971940158492779,-3.056143752443763,1.9898415149714421,-1.5153594515861528,0.805778216962241,0.04775899727325661,0.17038526269960452,-3.105771283505912,-1.1674064894252525,0
2.1100248375452573,-3.0498121821855815,-1.1086388009929224,4.689629546760355,3.135866812074291,1.6339405932188007,-2.3989257320831125,-1.1031559245086262,1.7634022168868029,-0.27315143675616316,1
0.5289709676109902,-2.421188384077925,-1.146131807802809,1.062906635730676,-2.9866276532608933,1.1293594894524377,4.533146767957895,3.1865622966201914,-4.075985394288603,-1.1394017114791488,0
2.580991176278281,-0.09645840732323063,-3.3338175236654393,-0.3660442506051358,1.0580472593573933,3.1563870074404696,-1.3293852030304656,-2.3393219936008984,2.4663997019366874,2.265991114804392,1
-4.934965998251604,-4.2631387240539595,0.10299131199274969,7.0467073131697555,0.24947049480898142,4.884763949621224,2.924101968234538,3.861477188150208,1.1869553224704616,-4.025907070541676,0
-0.9701122248081262,-3.1835088652417984,-2.0317908724405687,-0.9868698254743236,-5.945137479882132,2.6764625561269524,2.4377656400169814,1.3147777977560549,-5.728830195326141,-2.1154144780015645,0
-4.871694003510997,-3.2656875955093105,-3.844202855668486,3.134500010184139,-0.6632619065445893,3.1158076088201083,1.8686620298777854,1.6847744610339817,-2.3802821292210035,-3.5260526616792216,0
-2.014374526478519,-3.248234512768104,-2.22172726857856,2.9755861971310913,-2.857693501457666,2.5729830384321692,1.195971041262621,4.227695071265443,-1.548231733636306,-1.938612424291208,0
-4.65098514363855,-5.379071645961032,-4.869732759960952,0.7132539396731459,-3.794515901300829,0.6484198849031926,2.6112593013515015,6.395250036561944,-4.344820087959765,-5.737618980821731,0
0.9280942958496552,-1.6069709216150552,-2.0153434045224174,0.9131017469614127,-4.9451621535096155,1.9552278822181925,5.224296000876693,3.4993037167873875,-5.144072700103832,-0.2688660012552295,0
-0.18193186783276216,-1.5865661947715792,-0.6308507719952225,0.47095484684791344,1.4522534793535447,1.149113388912679,-3.8521431733476614,-0.9889142815918184,2.577490834276374,4.487595897912824,1
-3.7907490080796284,-1.840847542931686,-1.8396355691846136,3.569874051605125,-0.845761299581621,1.0016552178482117,-0.8005329904069534,1.1467378347395332,-0.15522177330696896,-2.631866361545934,0
3.246933156187814,-3.021296208159506,-4.349165619475876,3.0420615202563783,1.5063554572555802,-0.7941832902016563,0.7142513894290574,-1.5452499820982348,2.2138232312424875,1.0364411633076709,1
-2.985227543382269,-2.248649630735515,-0.7064905251667928,-0.5119002727368556,-2.4825006980912168,0.38646814450349565,2.124415552278732,0.2031137218977912,-3.97304782646892,-3.952002951615523,0
5.011644172211502,-5.902647008238609,-4.715086066382746,3.512910333638964,2.826120926120514,4.117554992818626,0.12307363833429719,-2.125811670426766,2.246182253694672,1.1565358362598963,1
0.9837256913570069,-1.4944957097453475,-0.11392920344268753,0.4942886143509526,-2.3005470410258417,1.8418912484974947,3.453195306667066,1.6987316589433132,-2.036846975335661,-0.9957170652919223,0
0.42245473095979635,-0.998281550637645,-2.876116124295198,0.48456695694377383,0.9603982808409195,-1.9238811895890118,-2.221443496872984,-3.1171049228798218,2.9877467543714866,4.107668961837961,1
-1.2174504504259331,-2.078907229750336,-2.1679272538937666,5.264346848469014,0.45512281113962993,1.8340847257249913,2.242553303217262,4.039662631781137,0.021168006566618214,-2.1105571369930627,0
3.841469346995534,-1.274629836521358,-1.1112012502922428,1.2349610531849415,2.1030598161291927,2.7935271727337074,-2.985494801770401,-2.5408520092057807,3.4152241955808043,3.187312400663605,1
2.2259750476387636,-2.399172752402979,0.7199263834763237,2.318610037001938,3.425024684968356,3.5597623215149805,-2.6894914136770542,-2.4956008428471486,1.9706894819226664,2.949171255721228,1
3.8133632240470057,-2.638729527557887,-1.2257643245169632,3.4871113875625683,1.974490913775088,-1.0317598186533177,-2.051514346597439,-4.499743725045864,2.4514508737470306,2.983490953125451,1
-2.4051978686013507,-4.298145818250642,-0.6972721853239761,2.8072720719690922,-2.430278324674635,2.5526307091895637,3.0147856931018397,2.765753975013465,-2.107664873516699,-2.3490101163848096,0
-5.085493652012417,-4.153281464024799,-1.490252768798007,3.5975900487931476,-1.1075010807712773,-2.5871153611155906,-0.5524700841933736,0.31823549225631886,-2.0932413046802267,-8.210745514665422,0
-4.580135316446169,-0.9732322625561112,-4.274848997084952,3.821220983569094,-1.4934184350778597,7.0906934572119935,2.573648741347968,6.625596082688134,0.5885884016005156,-1.92285730318389,0
0.49696053404725093,-4.287500960318896,-1.3201864016608171,-0.41494274211736615,-1.4163078589775662,-1.3531179669825684,1.4083242806053042,-0.12767867739342176,-4.331899139589252,-2.022499120079926,0
-1.9290019249154222,0.8078577621416931,-2.751951253593854,0.5164548243500335,-4.291371181257951,3.617065980282547,2.185704826740292,3.3366082158918386,-2.1310036123080205,-0.18029959473184554,0
1.4620065736428676,-1.4935026091829524,-2.339101870194633,1.1808066113279267,0.9554548319080174,1.705601682691765,-1.2209671877464983,-2.179211061247851,0.5843232123419431,3.431004995528575,1
-0.9555046936409424,-1.8471576030320467,-1.5454666934311776,3.7926193465906923,-0.782099934699837,3.4170412486154778,3.3452550373659236,2.7353594911553936,-0.3661861684089718,-0.04486422388379041,0
-0.7124568761347712,-2.121049643986406,0.06215402831961603,0.9933166780851197,-2.728488757747065,-0.8126890224519991,2.3181343244682533,0.9258440759772577,-2.578394021349036,-2.346996675961486,0
4.065435209884692,-4.6146262458089,-3.21920297157299,2.9741213613545723,3.031326235076838,3.6436255217210753,-0.5249519831217413,-2.435831461746111,2.62738708670244,1.8788115143823674,1
1.120997581372198,-2.6306274661764646,0.9882636474972095,-0.7760713260324814,-3.265339839166966,2.0829976253616875,2.204041382390022,-0.4742610379041543,-3.312219865877476,-0.32692193008856285,0
1.8943958154556764,-2.298862704458318,0.3463476606150202,0.8744016966698587,3.7558520072043713,4.9385705640441735,-3.8486776066231263,-2.7231591857848225,3.4916914248387965,2.1101698648771463,1
3.7176740721380206,-2.7091411307999262,-1.5124432410424211,3.6082654826333203,1.8566791977204753,1.4863674434230312,0.4785519953650801,-1.9581642422603645,0.4046167450056182,0.23799011332485054,1
2.265177577534544,-0.9159363214186615,-0.15581460911903622,-0.7386338795035243,2.3962988922920934,3.913156683564008,-5.855065461924899,-0.8278252598444236,6.195897592339982,1.1752349932376998,1
-4.408222774221084,-0.954475408976768,-3.499969803504526,3.942639252364718,-2.183533498011608,3.9310749969869567,2.1022383623148655,3.116768256403507,-1.9245172949090223,-2.9204459687719466,0
1.164860671018856,0.3402871714828195,-3.1231548899557167,2.7507846845948474,1.6725726294003886,-0.8161505394953683,-0.2749702495545454,-3.279757112433145,-0.38769862881531214,1.775276565009779,1
2.4480582238950523,-0.853282254420825,-2.301729478075719,1.8796840194289788,1.2599395929932982,2.920466476116057,-1.9045442537678994,-2.9251147126369372,0.2612673749419445,2.7082786554869314,1
-0.05083256810268377,-1.0456931983832645,-2.8457074352661316,3.3495352100726294,1.169004718748831,-0.5954155521934053,-1.500837099438589,-2.7771433233589247,-0.9952077271609898,3.6285087246500076,1
-1.1628812192428533,-0.6002293347767276,-1.5840699329566639,0.9095900972869468,-0.13220539314376367,-0.0522444404219824,-4.641426644858754,1.0988022034834453,2.6057494649776283,-1.7229454489382894,1
-1.109717627232661,-1.0625650707026848,-1.0901989205454587,0.5247604273293169,-3.4884739358001835,4.526434148079501,4.549919443814153,2.1095904792279687,-2.577640952982902,0.7273684458325658,0
3.309042022492503,-4.587239597083862,-4.015358778780527,4.291837812167872,1.6332241237571856,0.02784334599607141,0.8260377120925133,-1.1485401928581114,1.4873726056024288,1.3714116192157297,1
1.0522975165531754,-2.229319754502198,-0.7858463220477558,3.6273833312539097,2.3936012304874716,0.7761812676677895,-3.341470447089213,-0.8573481977836745,2.163772935092546,0.4856742242897347,1
1.5616750050586616,-0.7370426965001029,-1.2021843316417447,0.05179959620947039,0.9004389766856007,2.625385778217454,-1.629271141034999,-2.688380504952999,-0.6543640453159787,3.3514498566934945,1
-3.230510489102521,2.9065089028837523,-4.952388485062114,0.038849157739414775,-1.408701328339207,-0.48726160458301226,-2.9128042933634477,-4.5201415731813075,-2.6247604150347668,0.40551527201592874,0
3.8226554282306067,-4.0181081070984375,-2.9594079443455747,2.9955823296134936,3.565948678677543,1.4233411090644599,-0.8573412051524969,-4.715322429337624,3.1983258100453362,4.983805194648687,1
-5.128208038231916,-4.063341171098587,-1.6206013831190709,4.552163679817946,0.004386347328302342,0.41215976507295493,1.7183723697694562,1.6686485784640253,-1.4116237490769263,-4.969683403601638,0
-3.5741436779853957,-0.6943326656767108,-3.0871117665653998,2.495174170676197,-3.523613212900482,4.882740218656744,5.285144789160047,2.575349569248096,-3.342944184472147,-3.734168813413839,0
-3.413962110151691,-0.4399315256743819,-2.2190884109602798,2.2713824755738763,-1.5600357184445612,-1.3136198946896633,-0.49584096379574305,-2.4868174886797014,-3.3092248464245824,-4.546817022410833,0
-5.281626809946482,0.7951217415462617,-2.290985826652805,0.7556376106652807,-2.6208398508015454,1.8189032171222466,-1.340007088490767,-0.8974395923164424,-1.7779939877685214,-2.061455057736917,0
-3.887906733483049,-2.2094452865119547,0.11248501034084368,0.7156539277737413,-3.3673791675797258,2.011133435601899,1.527063599042002,-2.2916530917982962,-3.650684576700284,-3.8070611036731417,0
-4.400060703133949,-5.275731393865213,-3.144230835491183,4.246833569934066,0.11078236071244696,1.8354700453823851,-1.8021000691957436,1.8926075731798702,-1.1007170506494264,-3.8465012426040883,0
-0.5308013471219493,-1.1206661601052403,-1.086048628717018,4.559036306452725,-0.029914610557183696,-3.9064838411544516,-2.803412786126361,-0.16760903996717413,0.4900441198680019,-1.7278107939617309,1
3.867547580019539,-2.1431011390631647,-0.13458021404372222,3.4400096478938496,2.1212531673938595,0.9827733691558829,-0.5733229678357008,-2.5406534502529383,0.9270644870847968,0.44746187747131283,1
-2.578272850866664,-0.8853493584326637,-0.026758050918447962,3.987956624634312,2.723135319619674,0.19823758376319645,-1.2136686897015836,-1.3300778942323963,2.0929257745885437,-1.314831328973841,0
4.586243293681642,-4.137131956678322,-3.9244740848252686,1.8581824668722604,1.1355871034531293,2.429929519135874,-1.087032429945265,-1.1471644050486944,2.7868350684801806,2.508308188740907,1
-1.290652275624846,-3.7657127769313545,1.0067955168078973,1.9642425645731134,-1.417009617862517,1.1432192620875634,3.6389222248345536,1.1075938196426274,-3.22699292215814,-3.333553230416965,0
0.2911779367505285,-0.5064799418928487,-3.64792658880666,1.9543231679021271,0.25795230547058656,1.8097982765939193,0.8446670783999455,1.5554324828237065,-0.46399225757888174,1.2224268175719502,0
0.5873208034890842,-2.8600052620314056,-2.8907368461939815,2.9446644894823595,-3.9638710569035913,7.14388548346945,2.963099568516102,6.4400790483189185,-1.1729923817520507,-0.9107102730312961,0
-0.37635332837800295,-1.9825091063731295,-2.2519602206313736,6.272308951724169,0.18946971826210257,2.4344256489190617,0.6956914740410429,5.1912246024329,2.4425193328563894,-2.535710888563175,0
4.8803908421885245,-1.80594189159278,-1.4289964797945314,-2.3632812983470455,0.6783540406555384,4.99758600475414,-1.9740804567132266,-2.2347526568290412,5.124905582727415,4.536469087423416,1
2.242820166526694,-1.3912366257885875,-3.7092991348991795,1.1308464770352304,1.9967897555775238,0.07016803482467004,-1.5939375320139701,-1.8813284279076943,4.017985974735799,1.713055504086975,1
3.0226662550719485,-3.422494786747361,-2.0874404889083062,3.0733154168529513,3.763305679734297,2.8694003879767807,-1.1129168361777575,-1.7137049412332992,2.9689287061503955,-0.01399967033896976,1
2.847250968162399,-1.0224741455680606,-1.1043525435693278,1.9365771772589266,2.3913226081965915,1.6166364627394734,-1.666137762791636,-1.7593358448809773,2.499630650878185,-1.079936026016163,1
-4.518125794960876,-2.966214273336573,-2.8855877563973777,2.4800069616357705,-1.2118434313343804,1.6915929721776681,0.6877366864209118,0.7203613425862507,-2.103932237174578,-3.7540918638864125,0
1.1574149531304954,-3.048331075940915,-0.08720975607471448,4.874100480709559,1.4129604080359597,2.859396481433297,-0.23836165354218575,-0.3526386663828589,-3.2447132333439797,0.5005495181232069,1
-1.111632633863945,-4.447819622149208,-1.015077837118282,1.2971025696833878,-3.1905889691525893,2.064151951704116,3.0443308865442287,2.1686155004847048,-3.884392918359974,-2.067124914910311,0
-2.8368582480982116,1.08267119911784,-0.042864390093727556,-0.07452944764193337,1.5638032464629392,2.741284231302014,-6.278540463533846,1.9297527466895592,2.918870601028997,-1.9373031906781573,1
4.627271703675758,-0.3634484760518304,-4.127391272134439,-0.9003361883337209,0.9015469466694905,3.388237792862367,0.12313625794513472,-3.33357094241597,0.6754512018471259,3.9567261379663954,1
1.4174935288523303,-0.4065329037184946,-1.0883299410234901,1.3251121471613572,-1.5991095231268537,2.0550830371897395,0.7662002402420773,2.1812500558149726,0.17350611706700514,0.7433271866003959,0
-2.4103635768089524,-2.0669677155431594,-3.9312102789914998,0.4004705242217246,-3.847282392189484,2.505228776234265,1.074198575196977,3.135793343599279,-3.5181672664661883,-1.780581958915699,0
-4.6214190741381,-3.5347673097608414,-2.1356608997219757,4.625306472778798,-1.4812687467853172,3.832514810410495,2.1520423305887344,6.1878425530322625,0.7157538372480112,-5.631591568381643,0
1.167245410036478,-2.485251325342699,-3.9026682669246426,-0.48710650928878474,-3.790622002555841,3.1712809816639473,4.169878901774895,6.004891903707589,-3.6905089675726117,0.806539188868046,0
0.7776195631621035,-0.23000493962982604,-2.0119107684540185,0.6853477835534165,-0.1641727062587388,-0.5940729720185653,-1.6073991083414483,-0.504110290606872,0.9912206898159748,2.200377125431793,1
2.8236179802086157,-3.1289633209607164,-1.930821955904356,4.475362776477649,2.0596278977568727,1.6837716343813351,-1.8330905352515519,-1.9578640420845845,2.030077110036743,1.3783225123014549,1
-3.2633082112225074,-1.92588452551907,-3.784705382788629,3.985089301823808,-0.26940596966260877,1.358758039614906,1.4381574437366438,3.8283949931047987,-0.041054829593067055,-2.097084470128624,0
0.5836682038052479,0.5763511749224297,-0.011748572395399393,1.2252747169482174,1.8695051754965544,0.29677579346309746,-4.368230726095989,-2.32581261428581,1.8700216521491528,1.9987900360283757,1
0.6625336196997913,-3.8722687104001543,-4.13534392499607,4.1391715970704706,-1.6214138634160302,4.414021822345283,3.8792042122638235,7.3513705603158055,-0.674302335056814,-2.122976709956768,0
5.261201354953398,-1.8815131488034367,-3.3024744446855925,-3.988735330653788,0.6396712833146838,5.333463526714875,-2.0372063470932886,-1.916265403831335,6.475064344308564,5.908326501631505,1
-0.582479727214843,-4.901812318271858,-2.09980462604519,1.2634468381125115,-3.390986686141222,1.097900007928391,-0.298917397085086,-0.4399946975685989,-5.277015555462329,-1.5806699323455677,0
-3.17053988856708,-3.65297378952748,-2.7266264481191604,1.4989421182563785,-2.935040743316382,1.7251494279992308,1.2737935104159535,0.1230903844909692,-5.5638999991533,-2.239063742181159,0
0.9000401687654624,-2.498247427627675,-2.914016174874233,2.583682015001534,0.930905160796913,-0.3582550387467647,0.30469218780450946,-2.3959528021846332,-0.8335468548780098,2.922443764327776,1
3.757318023741788,-2.1207300368296007,-1.6483508120126704,1.456230294375625,0.9350960384453288,2.144712544431206,-2.184343833643783,-0.31419836344119045,2.6467598016900595,1.4499979258202114,1
2.0686078697500707,-2.3278915162194957,-0.4536668789991831,1.1410704727517902,2.9154489277090394,1.725821089420674,-2.958782739024734,-1.1777973868451996,4.238919110033395,2.7003274943111037,1
-1.7795046236092091,-1.9918742467672759,-0.775686839444911,1.6195201736324316,-2.007884508887848,0.9409101814541931,1.2767374413785548,2.79690304662471,-0.9435895437684174,-1.7384396812535712,0
-1.5230375328314079,-1.2640768011592969,-1.28684017524888,-0.06318644171840138,-1.3276648217392495,-1.852774361063879,0.27838898951337376,1.9148917382724369,-1.0238135654675258,-2.6385412711685348,0
-3.233066065059761,-2.258312237099971,-2.814734079498952,2.175567600222953,0.09992351709204117,0.354417319010786,0.10833860726391542,-2.7783222319796357,-3.2195371750593194,-0.7183824270932153,0
-0.14499344869995667,0.5888232832466818,-2.742496631689582,4.037240267362812,0.664338417923827,-1.9940440192047615,-0.14957035564211552,-1.564131349110999,-1.091584552838873,-2.68148754527803,0
-2.2406294527825916,-3.436977346847695,0.926209914780209,2.5798846836360494,-3.1219639819188894,3.182912571922633,4.528443475261,2.0603555325158665,-2.1496005061511285,-2.65622230665607,0
-4.923505714631622,-1.692897917327252,-0.3034008319926018,-1.0242498539548075,-3.547142159596639,-0.04459239900989376,-0.20519217799103417,3.1151112484921697,-0.7013338691709543,-4.218489340655665,0
2.0447889885297776,-3.044903439572229,-2.6695771594913915,-0.5024100834060605,1.4672416923617866,3.768906954461566,-1.8865094258227488,-2.6708766437666402,2.416400255444026,4.939746059015098,1
0.29380358405148765,-3.099535858724538,-1.0917050324459763,1.4640981317581936,0.046926158157686526,-0.800594781427086,-0.4694044253858842,-1.5222102514695202,-2.587070575914792,-0.44846204307379933,0
-2.425868994629531,-3.0798379860573597,-3.2958411519743254,4.873693640875049,0.12485419778778262,4.574913171750996,2.8003813862890414,3.666188824269091,-1.0121694827147207,-1.2073563897788806,0
-0.6923059838556767,-0.9160612763144191,-2.7905616031245417,4.903267739543871,2.462532220966359,0.4990519249678582,-3.2971424105050984,-3.772083753596257,-0.010289887219513183,-0.6506570438997952,1
0.4408260296159461,-3.8811227756351325,-3.4544696098199665,4.189696423630637,0.5087887692958004,4.752179089629887,6.30363111486864,3.3786035263865983,-3.524886985052508,0.2510558590393508,0
1.4709262066506246,-3.309643520686027,-1.0927108350840347,3.992827397921502,1.8495040017065472,1.002497972312275,-1.8398297477358505,0.7889890993456494,0.7106315869155659,-0.8689902493382813,1
-4.231320677477859,-3.105354397400948,-1.8821222013688217,5.319348749444163,-1.806385954904057,4.644482485133512,2.334567579194949,5.181261921548952,0.31148294718840797,-4.060648481052867,0
0.5645086144832809,-2.7643306518808877,-2.32508387169893,4.265119869820808,3.275105406227837,2.1230898522197172,-3.345981196765199,-5.5102160389909685,1.3647454810316688,4.326700061704175,1
0.9675295820308285,-2.7594363685392453,-2.489364666855878,3.9251300532587825,2.8749435475568745,3.2566100751897995,-1.5738703442529203,-1.1886750940251256,-0.22009388566017307,0.4702264963240008,1
0.8195727624499023,-2.5426297847457384,-3.5851484050248352,-2.0139709114920024,-1.6898447560586247,-0.41080245719584463,1.8177789077541544,0.7629138089440093,-4.024560707934695,1.9406631304511235,0
0.6673528178401762,-1.0880858802609283,-0.9092936345019043,-1.328752108968502,0.5916888734597179,0.1921255690575394,-3.4565317823727897,-1.5579322749452653,3.821076122684498,4.300184731893562,1
0.1220588209210054,-3.73112722371397,-1.469805028043146,2.3297059402317326,3.505617175821012,1.14903565748461,-2.858869168611961,-3.20491760951242,3.403485883829065,3.4919371403442803,1
1.377590521378837,-5.060068427355953,2.2141088909191513,0.5509738406395424,-1.4773386194583489,-1.133586410878424,2.8982578365664944,-1.850928787156282,-4.671173121896248,-2.2416932321166287,0
1.7237400721810823,-0.48868128456373716,-3.801023562767665,1.950971704690317,0.3582382968446063,-0.8016031788346845,-1.5452505254689983,-0.8475780435540348,2.787217974206533,-0.32159741337464176,1
-1.7694370077822836,-1.0441769981505362,-4.497238834243263,0.7779406992565714,-0.835914875878395,0.864802374438602,2.0501161561476353,3.7837377754142727,-2.475975342654837,-0.8110488651783323,0
3.10952331409276,0.09078161083482916,-0.6147719285929423,0.10649183475231871,1.2833225648443483,4.152416118571876,-2.4709724354894322,0.19909923566089427,1.8564119526913965,0.13541072898328732,1
-0.6163546520706364,-2.8746221432750394,-2.6501736026640255,2.676898100149986,-1.156614611255102,2.5034667495053005,4.002205372344835,3.3132344222889043,-2.158736871930846,-1.4676750159777978,0
-2.456774688001362,-0.9223464990441239,-0.7651346913194113,1.1992699066230024,-1.5856767228604451,1.0856633821112607,0.5138170759952139,-1.5187391936568884,-1.6510123307655995,-0.5498416388905871,0
1.4795308357291093,-2.9075966891854903,-3.9357913669004914,-0.8924289826429619,3.530014952201188,5.1036127515518555,-3.193591701238315,-5.97910676498941,3.801085094807027,6.917370025509942,1
3.6153388731576164,-1.0184093972929955,-1.194015429470561,1.2357613520443729,0.5585684036398433,2.752643458006998,-2.2606510739309926,-0.7542462815564803,2.564205600678658,1.5061273647248408,1
-1.2082031798732333,-2.4857108023165466,-1.5217907919095355,3.5813431362686243,-1.4406723453201604,3.4493543251317305,2.280122909072542,2.9316925988022833,-1.13903551492283,-2.093898084665353,0
1.5052656264456787,-1.820057397259244,-2.213336039978297,2.406340083428854,2.5589965568040682,0.48827838329197437,-1.5273002900162693,0.015058776720334954,2.392270252729766,-0.8765497717193282,1
2.8669124107241273,-4.529341802068213,-1.3618217042340555,5.710231350715857,2.4147100960729198,1.6576775122433478,-1.56451834367339,-2.551285583894928,0.011500276755535443,0.2140742329638663,1
-4.090128384461904,-2.8912732889104817,-2.14697989040478,0.7800568942038726,-3.445171800045984,3.3309404008942476,0.9813178394539508,1.9549796612060197,-2.9942694596347716,-3.4950395694600926,0
-1.7702042141168801,-2.1441623481522547,-0.8282011044243904,1.0108920229731926,-1.9055894245710343,2.908446012538893,-0.3601544964093164,-0.11182536088597228,-2.4847968623299743,0.25570116612980565,0
-2.711532484430057,-2.27686807013248,-4.15099963411772,0.7795640323753228,-0.3501163078321883,1.6034643576234189,-0.21198506893326297,2.2339157975819184,-0.9913742898812117,-1.0503074955022154,0
0.2862645739870193,-2.8879227728807555,-1.1885571583084737,3.20832253304712,3.2350873214266587,0.13976781958440454,-3.8315473467395016,-2.0733782622381005,3.6146813396402377,0.35060459353032924,1
1.2697416699790542,2.19337962132131,-2.5672743004945886,-2.288384179323721,-0.4937408827733698,-1.1436287713930717,-3.513814327924401,0.8773388864134346,4.481144919164302,-1.8187946865192632,1
2.302693944374214,0.5016031513243586,-0.5479513242335483,0.08904745474036413,-1.5173083499784528,1.7714987757300191,1.2512862210844267,3.378624308022116,1.027485716536928,2.242293158672334,0
1.3684787400625213,-2.324045560844437,-3.665794331148397,1.3301946382940053,1.8339479677913246,2.187948687866789,-1.7594983006240932,-4.672750278963891,1.84880054989908,6.041428096064316,1
-2.0639800140028797,-0.945337939965301,-2.882613840636004,1.9416020853825602,-3.5995230186545797,6.228674675154059,4.720774837835442,3.1807870474695474,-2.3383695384298404,-0.5835931814258946,0
-3.3065504471363836,-1.9948252434208915,-2.411279546697363,1.3137003646534757,-4.2923617961048635,2.833092895114717,0.16436671855578422,1.400946124271909,-2.6181543538790653,-3.146295388984633,0
3.1374121867390317,-3.7122467030116715,-4.173445325512192,1.886504760194245,0.8335720198825671,0.26129202755521175,1.0131687228382456,-3.6816625108433714,1.6163651172939597,3.6112851929895333,1
-1.0640241592572428,0.32929422476363523,-3.9624550128577054,2.1448522935412573,-1.2840157926919158,1.1905087183752396,0.13591638102944748,1.3955943306721181,-0.8832292291683193,-1.317122947086738,0
0.28944926409333016,-3.360573866523582,-2.717546346692921,5.079909943110069,-0.6598888150969497,4.013092338951429,4.4176532678833915,3.0488045927204093,-2.3060527375022595,-1.0072724003178157,0
-4.454430565354012,-5.354555872373449,-0.28066409388536995,5.042944069361928,0.33078374137598976,5.566454663449157,2.6635710278287226,1.5808829042505026,-0.9233843137880577,-2.6817958107422837,0
-0.9899584232553373,-2.658861400223306,-5.009375293832849,0.9486295248304235,-2.720496091342816,3.5148590407173144,3.0802021208115598,6.206550713288357,-2.7207495028626205,-0.39816242199393814,0
-1.6588876010657283,-3.09304302321578,-0.814706857549979,3.2163890220931743,-0.38852820478758665,0.3434766917580767,1.1578728602115467,1.5829726358443879,-1.0187212727254975,-1.382318174911815,0
-5.6605961837255165,1.8344005866479995,-3.482815394390017,3.3321935756363272,1.3678969608930376,-0.4233896522186966,-1.4854221260619371,1.7718715420942748,2.5018148607868245,-2.913074502175927,0
-4.391076811173632,-1.0104672979116374,-0.704725710160848,1.581787190843101,-2.0520986892715274,0.7046393498280852,4.348421803829842,0.45588381716720283,-3.9934437156940246,-3.6026326041753576,0
2.7439602991140193,1.0963176934754135,-0.28079678748487513,0.3595827297379386,0.405384097693005,2.72910781175361,-2.33539462662117,-2.0366298562751526,0.32498662786972865,2.920302647150014,1
0.17453070493912537,-1.8802858177003157,1.8572840814929878,3.6764603264820543,3.7487195515426395,1.9730604241431977,-3.246145295869848,-2.943543666115667,0.31066885318662907,2.5542333475060865,1
-0.8647841137935175,-3.4899852071772233,-1.3761249806428002,1.6599640571070455,-1.9123633915505087,3.3933671364488784,2.9158840803053643,0.14450744106105962,-3.7576852267112173,-0.83232482490658,0
1.9372682880056495,0.4308561700831848,-1.8631118651817808,-0.5641311251207366,-2.7367169138388547,2.913593946541807,3.978165598391413,1.17695682911403,-2.572618530818821,3.4020410149090052,0
-2.6406537651352324,-5.5615041479957235,-0.13488757372785587,2.331538762236579,-2.908763933013005,2.796883624284283,0.9698027813532955,2.8036877288167954,-2.6913414565863873,-3.6937914716675992,0
0.38728973973960823,0.7106301153164001,-0.3014523661870152,2.8793907027379624,0.06938432804661243,1.773169269867783,0.972166001013774,1.4617773902630755,0.8412660008405437,0.5317454406961462,0
-3.6475314343201717,-1.208673187167165,-1.6437312613622597,2.9763140085797923,-2.892415555373808,3.4423346928041036,3.9075989228083667,4.19319038796325,-1.4328875473609504,-1.5101451031826914,0
0.5278801291509201,-1.672037898668893,0.17534957895966397,0.2245799969630875,2.9868510326536635,3.979455316424387,-5.53091700299851,-2.799914046210613,4.63703293156917,4.9915652852914825,1
-7.6566244167088815,-3.659980554276916,-3.426253989371035,4.020275567248767,-0.4952369373546919,1.8177439702818057,-0.9466460471844615,3.6906145001963635,0.7850493788966166,-4.55324112312563,0
4.8005950142793505,-1.4463381314535948,0.05891886526859924,-1.156564836141598,0.5742577371965003,0.88899124913778,-2.569139223378217,-0.7940925352903658,6.187499361911657,2.0181543552180714,1
-2.94296335292543,1.7530739615200033,-5.524141230788164,1.1623354611643781,-3.9070798424858793,5.345462603864462,5.231751135964025,4.82981276620869,-2.5924642151095667,-0.14723356324861303,0
-1.633155122273418,-0.836774521720199,-1.8748160776515852,3.85905797891857,2.7306851635065357,1.821622253721936,-3.232641033423626,-0.21895163177408716,0.2014092177135569,-2.243111430329032,1
-0.24603990324747516,-4.8600257480750955,3.0547713382025385,1.1836689703662637,-1.491413028213969,-1.4381176743583723,1.1168291769485919,-1.714646099103955,-2.6024399311163053,-3.5669774499603317,0
1.1614570927707206,-1.802378226409369,-2.5577035108724036,2.0319010944408302,0.2647209118638054,1.9806785848131936,-2.451282618583689,-0.7491474532658302,0.8409964624095512,0.034766202951006075,1
-3.597320094124993,-2.8815820259343496,-2.85328776535928,1.179734825523989,-0.9685635642726032,-0.5122349124762273,-0.2379488928475597,0.06885978537191595,-2.3228179835924623,-3.373370113209082,0
-3.279175751942188,-4.3042077196528075,-4.144523809106351,2.9066199461064617,-2.2991897708701705,4.4375805044291985,2.6554129423020933,2.506901004336026,-4.185001408923336,-2.493411054136335,0
-1.0604768099491682,-0.8462178820405224,-0.8990647482678114,3.0793175691242305,-0.2010022311240134,-0.7198922842521576,1.1394463924251055,3.4587931219884736,0.9224077834387265,-1.9765916133307362,0
4.27256938405142,-0.8744073939816925,-0.54361988410861,-2.0183474224750864,-1.998337728071723,2.1869696336624322,3.2783950646793603,-0.6845403984828251,-2.791777879174097,3.4498068941747375,0
4.5060444209458,-3.1571848723154834,-3.688632504999245,1.256133564745241,2.1360900772768403,4.123328909758014,-0.3553399852105925,-3.0670697243967524,2.225002667294363,4.079933759216445,1
-1.8277185567930563,-0.5028297694074615,-1.56523317587586,2.1245364376955176,-2.528099216392537,1.736625519392434,2.190803557602387,2.8901411514903907,-0.1571252683741109,-2.6216539739910054,0
-1.217223201086219,-0.714424310049621,-3.709938892266024,2.3309071025104826,-1.486054779674216,3.3276584501883093,3.2715218722684885,3.1078769998618148,-1.5559017652408698,-0.16067121880014956,0
1.9903957061762152,-1.2625080796955164,-1.6661316563173383,1.7842642147495729,2.9932186130883034,0.13438225490795075,-3.0698019455959615,-2.447659245779103,3.8138851779249108,1.8964469020045018,1
-1.386168173570327,1.0976886681208136,1.4824569055161043,1.778125783837343,1.892179343893231,0.3854367591400958,-4.322169093176096,-0.48344499735224256,1.2128827838504335,0.12907930098080667,1
-2.000191724225817,-1.072530106804277,0.47992900113753745,1.5076847953308523,-2.953699972217455,0.32922350510067444,1.427666031429775,0.06324137145532194,-1.7577787630647428,-4.285683787440558,0
-0.5137414909235809,-1.8580768575773234,-0.31999494987512067,3.2940376873106736,1.006021041848558,0.14942622119186533,-1.7936206233250982,1.6235759836066834,0.22718116904326768,-0.4341471599115847,1
-2.619872758589694,-5.16064186956039,-0.33637760659682225,2.986669079672474,-1.4464162537191823,1.5813933590448002,2.6203209528477274,1.5089832393992684,-2.937610415607943,-3.522308534660647,0
3.050658806176588,-3.712983225487643,-3.82034475313628,2.0511796756901313,3.0137134262754435,2.1730020807536072,-1.2740755527170622,0.047775283367500254,5.3843738954152265,-1.3683758212212198,1
3.464519743635391,-0.013638297568910884,-1.1160619918850763,-1.3389937742082543,1.947967067483388,4.027734413940955,-3.091577059265002,-3.6646208885521565,4.426278057985723,3.8919726560792824,1
4.281596072228086,0.7394863628215851,-1.542383345212002,1.1530079422581974,-0.7069840514222845,3.718492886102581,4.981504834392032,3.1760375853384586,-1.1814625694887702,4.196430721885106,0
-0.6763633577259909,-5.296758740157434,-2.5694563288607832,0.7034265429158304,-3.1709699523382513,1.139169306087719,1.5001419346604052,1.4300125685639664,-4.76730601746811,-3.408240098477018,0
-2.649798775806641,-1.3089180462077492,-4.874707126796449,3.066901989671658,-2.0210854725093292,3.439689287684817,2.25453140383186,0.9643178663020142,-3.6706619466722747,-0.005877337053115994,0
-4.023693503865571,0.16354222424710008,-3.6443010804398743,3.7185182707108244,-0.610797016221442,3.8842110936441756,3.398337277870955,0.3645711706124506,-2.474961853572686,0.06399256959014954,0
3.433797757035161,-1.632843168646232,-0.885021336906332,2.4915468384493598,2.815946908919193,1.4719668299445552,-3.4302488939064926,-3.7366979100535778,3.7535104766373495,3.265846118619828,1
2.7420733868974927,-2.83293960726515,-3.8692644508656664,2.159520571210998,3.9762823512377787,1.880451362298113,-1.5518608849563493,-4.270345234459144,3.8314088908650357,3.0332897710172864,1
1.8251888206028508,0.22544345308203484,0.573936465266307,3.3388826288350346,0.013039295577230048,-1.3911507026488663,-2.855832735571458,1.0223275893017778,0.9424639129868735,-1.3383818876253013,1
1.9803040250062651,-0.7737492968466593,-1.0643105505922357,0.37857773945664097,1.3641226029475189,1.5519998043630583,-4.207755888778747,-1.329338846358875,4.157994648362528,2.371036672426663,1
4.33550738790619,-2.777041413392198,-0.28751299331903124,3.0339286539584043,0.8714851608191234,1.8497723757538174,-1.568061414227339,0.9721601342702986,2.8422554790586654,0.39035974400845697,1
-1.6405532081064016,-1.192286459073747,-3.281076664039289,2.344809221103467,-1.4729079213549883,0.7699403658730009,0.7638972533272863,2.7584286548531205,-1.1391694874411864,-2.3459327134811474,0
3.3812446625022123,-2.106609562741124,-2.0093025424369446,2.4020201075173557,3.3455090101492755,1.3097949615251094,-2.021967906578335,-4.195733053099046,3.0871278950987295,2.3193045718228533,1
2.28308341691388,-3.842128465640733,-2.8953491127726823,3.7550904443200945,1.0718432042289074,1.1518745873341953,1.2628892599738406,1.463291332263982,-0.28372750509472144,-0.9447389472371159,1
4.632233795152381,-2.2564166013440414,-3.2752739820184993,1.3830901785446366,1.2215660354442441,1.0318488443180207,-1.0444429244708187,-0.10452855095184743,3.814224613650957,-0.9696790502454276,1
-3.165263197535985,-3.6279664606551467,-0.27063110022923986,0.47017733692376473,-4.161606205018875,1.629743126157162,3.6971615411325454,2.075965128547538,-4.584496662797632,-3.3116791441273286,0
-1.525013152754879,-3.110814113832283,-2.3514935450288426,9.287583827452597,3.518478050647805,0.03493172464958527,0.34215336785013717,-2.8919746961864687,-4.28108339483798,-0.7779932648047105,1
4.098064996894735,-2.9809197941422356,0.5029967215434485,3.7496638425952735,3.290012083818193,3.0140331589883,-1.2934249528627566,-0.7504193287216174,0.9267226975687519,0.49461132710606703,1
4.303764874533243,-2.455308895113733,-2.5803455313915835,-0.13045750286489088,1.4839806905218054,4.640452172080769,-1.9595975201634086,-0.7981398448025006,3.7588674097292825,1.081517641828785,1
3.4470717829872113,-1.9198105887410657,-2.598924310345868,1.682785803558597,3.3849068385344454,2.5819881624877716,-0.35167036933931617,-4.417241035457947,2.3691431357632515,4.0908071247058775,1
0.5863834653707181,1.685357837679733,-3.7440797648338355,-2.119268921167693,-3.725763417568549,0.034063727531700394,0.9910962477082605,-1.7518293036217578,-4.180084959208205,0.9146661063788217,0
1.6362867264622916,-3.4883999210487153,-1.3501101813312248,4.8517281088451565,3.017053918270591,0.21169429369513093,-2.2305759251961197,-1.8937687055429853,1.3469859148134584,0.5291600500121338,1
-5.670391147366625,1.1001882856508765,-3.490263351176159,1.373071294665667,-2.534359015444931,2.104582150819438,0.27929169148765687,0.5272676812923511,-0.7432987540863234,-2.494835177357451,0
-1.5505872988014797,-1.6601262830958228,-5.0672749873919525,1.5976753165056954,-3.2958100290295773,1.2712085949717646,0.4226083696473413,0.22129345839157932,-4.407177092594525,-2.580150641565531,0
-5.479640733172457,-0.5546044412261071,-2.916376420808432,2.8232233534562403,-2.23713990695596,3.488969684612182,2.0969285728593245,5.098538946218865,0.012356317639260705,-4.4809471052479894,0
-0.6785623636063531,-2.0452624558275936,-3.2974918976192527,4.577583529928061,-1.2737632649730686,3.860203927232731,-1.6572007910766624,1.5614379395154832,-0.9574933512540975,-0.22172726372850637,0
0.18830961661433387,-0.6143247246244998,-3.588513687597897,2.768478288390807,-0.7325276352619063,-1.5724876938983177,-0.5360190397829592,0.022893550021973574,0.22936461711043332,-1.3479639648146056,1
1.5633026337692417,-1.8799229594425604,0.17099239955730194,3.330870114752554,2.726216300277324,0.9109003324262865,-1.0125867027149331,-1.0030719361812608,0.9681258616397459,-0.6575566758844746,1
-1.6229034052087021,-2.246493848190073,-1.1169225046819062,1.3702843185778049,-1.8487698801482908,3.8061433692699502,1.7136184757340098,1.7364227427113585,-1.3486098883006339,0.17872180703483487,0
0.7634883795817209,-0.9388613792403031,-1.949688388197155,4.916601137902932,2.5954445178516483,2.324048543743256,-0.1889111575435951,1.1680393744523436,1.8924353077433942,1.9761014574086526,0
2.04748231028122,0.13672102430755784,-4.311002257314043,1.685192225740264,-0.7293748279713181,-1.130842849069511,0.22253706264321593,1.5093251076705658,-1.7360500933706222,0.4556276467904037,0
-3.6690711081565333,-2.378870607875315,-2.6339651213994397,2.689668575858729,-1.2069890194332684,0.8188964284337101,-0.7716957907525575,-0.4238213490381848,-2.063434562748951,-4.0312918602042895,0
5.257702442009315,-4.565275273715524,-2.0230986748070574,2.8615425144196998,1.6005722547882901,4.139535872375945,-0.2261049054965094,-1.6892770201826257,1.528405405724943,2.311102213441844,1
-6.834557949513434,-1.5386304990007678,-2.1323691734379335,0.9652113641810467,-4.288411413341441,1.826266467392425,-0.6495122313393202,0.8325679846416769,-2.811748462766987,-4.214011191952585,0
3.8495746571354648,-6.135560418053459,0.07923372497202763,-0.04120434523875538,-4.108187181985857,2.6097343186962245,6.01240045608871,2.283059942886897,-6.0567243009639595,-0.6273291619410162,0
-0.12232840191084438,-0.06638938078856449,-1.6807554374946108,2.016393665489199,-2.097283351228596,0.9348878038152346,3.3471118884688664,1.275918549443725,-2.2265566417832967,-0.07014824523886709,0
-2.9098198893393046,-1.3826849463117843,-2.7838733785541985,1.924065848316327,-1.785645623255913,3.373279388264862,2.861674963003874,1.3032858545877926,-2.5379614105413912,-0.7025948407986597,0
1.9119107093088223,-3.2627486899321063,-3.723509276570719,2.6741675887221064,1.7902466731890558,3.4905042806801476,-0.8571531474013157,-2.31236312856757,1.3498266945064599,2.0919901071870166,1
3.3636170452324863,-4.663893999178358,-2.8241317922743407,5.557977543723858,3.9372828728143334,1.2381331126794686,-1.3450255889023155,-3.236885182012876,2.3598444945523536,1.190672176740459,1
4.599432986024576,-3.9546235781328374,-3.3538879283561185,3.974090994122117,3.0170118000462107,2.615925481982603,-0.779696805666112,-0.883634158707687,2.2018037947985447,0.06749225958351879,1
-2.8280461613426278,-2.011721548759002,-2.0097084940619423,4.058662278173843,-1.9506328610329775,4.711799954137204,2.4479868504963767,5.631677493962145,0.4035630210016201,-3.1796889993743442,0
4.62763290171054,-1.792783174511465,-2.769440892005904,0.9762489796100589,1.1238752951214201,0.6441038854402061,0.30686408805768783,-2.402048079547265,2.962665984413926,3.9856011398618376,1
0.46482050893002214,-1.657278424553784,-4.171644119821073,0.2759927522925263,1.8772738409384093,2.171868350550385,-4.885105920820973,-3.872839439392832,4.9877291592403985,3.31760949897053,1
-1.0887894793674318,-0.92932254202296,-2.921674622985233,0.218876871893809,-3.07343488356131,3.483074697562725,0.9532785592585233,3.6744349526077884,-1.3133934451146256,1.0262504109229065,0
3.253640002452898,-0.014700506437550498,-2.902140092066027,0.18099680022605535,2.691817712336624,1.4491886954788997,-2.732116190984108,-5.1708204988596815,4.40845953790876,3.450267853631573,1
0.6865121709404227,-0.3802214160367152,-1.1302104266480675,0.7552080743977052,3.5300979687830063,3.8745093121440286,-4.992248830829045,-3.5395821160459207,3.5141230340745806,2.3559777037193466,1
0.26961696915952915,0.5286151787417301,-3.455255858201337,2.4512798207512088,-1.3699305826569848,4.10532260047048,1.8918107012790426,3.4098315768907987,-0.643089947659905,0.9257300476797137,0
3.621895344813024,-2.9993682716693204,-0.3612243887364168,2.5941414188041843,0.6230935883257098,3.498464788721998,-0.7346048149952027,-3.7120318519641806,-0.6964578623972608,4.289093607425851,1
3.108794763982338,-3.51244967058676,-2.064335094384502,1.988158527854542,3.549035526854302,3.153079984509431,-1.983352084605072,-1.6725173307138643,3.3302762802789525,1.027616085256394,1
0.03624554774547395,-0.25663027353310786,-2.477266346579472,3.8285643929475697,-0.5112970464406479,1.6778098894145757,2.4365655678628366,5.0958225974971985,1.1824366621687163,-0.14118049316087777,0
-1.4559277379197237,-0.41156933423248376,-4.027623603905239,5.442105722198956,-1.4626030795158007,4.559710054677137,3.4822919530387155,4.973265066219287,-0.528921682405278,-1.8326417928077046,0
4.275747348234136,-3.2592574388342728,-2.058799479919362,0.8543969222494867,0.6454917923806798,3.782727951562447,-1.5032263359695148,-0.13245115427431076,2.6811008503434555,1.387170409334714,1
1.0332770157344706,-1.8954073057606848,-2.3849318701446514,3.695132594353562,1.3848278132857463,0.728798910904801,1.3249693989565292,2.166290842721235,0.30582315991179243,0.8912368785692375,0
-5.343384082404879,1.3948056292445474,-4.3508756539208635,1.0549136035808813,-2.8499790267484606,3.1731682234298257,2.3424706646226543,2.7597632103808154,-1.9477341056850226,-1.4015330354774507,0
4.906558803344145,-3.4870307927458315,-3.1794103704317678,0.5786390110566404,0.9458600084816222,4.03755570492397,-0.35133279269207707,-0.567688655635618,3.120078687402919,0.9589716077939232,1
-1.8536198634257497,0.536209807945597,0.026185454664277685,2.5672118930911676,2.9213547436597196,3.1133798093650427,-5.663480558728519,1.1824065868419713,1.8389558030934992,-3.308587908374218,1
4.564975507965785,-0.07682433802258104,0.2898621068297804,-1.4884065245954101,2.7819914557098113,3.2904142078352736,-1.7123551344887182,-2.974935025427333,3.526337685229789,3.3879911939306617,1
1.0787764409989922,-1.4880968515275896,-2.685263037932833,1.7611226243943314,1.1575532893977696,-1.2008317610303143,-2.3161677548806487,-2.322926888278909,2.316001002749717,2.667759935924129,1
-2.66278303732644,1.0597074591899225,-2.707066117650491,2.096551446133056,-4.135070998586635,5.125481820515516,4.188529107659644,3.8871586618097234,-1.1558705849250055,-2.3831350704052903,0
5.644998986954881,-2.7017308634651056,-3.328371386532389,0.3380451416813326,2.201739992580247,1.6373444138040107,-1.2415368045660604,-4.648909937844767,5.484744936210738,3.6284662719603284,1
2.276851134346414,-1.989284514184589,-1.0121929497330033,1.4390954779099632,2.214692155349503,5.388662626771561,-1.8657827756039378,-2.1397698777560663,0.21039944051088444,2.665467217029267,1
6.0093796708003895,-4.598455866925557,-4.695406898158984,1.2982221489232821,2.900947183966827,3.799251932772991,-0.5176518925760583,-3.4648465548615746,5.5597122778801005,4.059439393119881,1
2.315547239712494,-4.2232560823459995,-2.7745508445492315,4.773443523205735,2.365736067576802,1.1603514406861921,0.5144747960813447,-2.446665223115164,-0.6995986134484333,3.4137909470702845,1
-5.396742180268245,-2.006316451750769,0.0933462486480634,4.529584128273058,-0.12114785662872873,2.166912188923467,-0.7600296583151622,2.000684172364944,1.8695586046104178,-5.261919178946823,0
0.9105175441899476,-0.30996985531858234,0.2864331979342376,-1.0043088256569699,2.822685139025299,5.888863093253997,-5.93742542365184,-1.6281499153946586,3.618458407375841,4.076158972861463,1
2.5062758621997894,-2.928911844858692,-2.677973854924228,2.163467608423012,2.9082140848874536,1.0336892145454644,-1.3702773058572997,-3.457966810978675,3.4112107799489024,2.0793091829787134,1
-1.6868337455504403,0.6404104768578125,-3.0313817697246073,3.353579710510586,-0.9963714430264434,2.782628711903347,1.7009263828429262,2.4053693474261015,-0.03500061262832843,-0.13329046569655678,0
2.0829658094590044,-1.059729821219951,-2.696877576308318,3.5470367892727594,-0.12071125522986348,2.302330817484673,2.5489911315486453,1.0486022178411512,-1.2203714398961003,0.8811665189566433,0
-0.06193157168701946,-0.5403989212988971,-4.179343364120867,3.318721754934169,-0.10648453047144835,2.3812634722848345,2.499092109561011,4.255854906108215,-0.9547208727704537,0.1620809899534974,0
0.07920662164544767,-2.1053621994603593,-1.983432126156614,-0.2025363049022899,-3.9007001142288407,2.509832905511283,6.287406103537218,5.531657099920443,-4.227363564920951,-0.7313889118024466,0
2.7962470605186693,-1.7330364171503616,-1.5402046246917032,-0.28338368263457037,-0.1316182258309655,0.373004352905451,-1.2668774961338913,-1.5553554751930343,2.221035315526317,4.48471159191715,1
0.32065653118267345,2.429549974586317,-2.599561717865569,-0.18498957882988654,-2.068497759442639,0.9760478252708846,1.2958122838653012,6.277958651694379,2.3096896185459252,1.7496044031418982,0
1.7014609814743569,0.16719898062871819,0.5207956610684468,-0.03319790661917166,0.38038452627921227,2.9086320042624685,-3.224925583082425,1.7328504324736271,2.469122074952298,-2.1918079496325387,1
3.3536406209083367,-2.532055690212623,1.3492290577695178,4.2829840250841595,3.898802672233569,1.9597935546300174,-2.0109005652863514,-3.202120666533335,1.8473292014176907,0.47085900910755507,1
2.2707630810973303,-0.7048318049443332,-1.0758669974011146,0.7517026815231054,3.6118476754772013,4.09276246099739,-2.2405027706546066,-2.285503558307006,2.771631123346016,1.1947386536158073,1
-3.5874533471622208,-3.646032795716372,-0.9866557623373995,-0.5863437843550439,-2.7890490734024223,-0.2513271302736091,1.2674784831182504,-0.7666802768823482,-3.9712045176050235,-2.962879371557687,0
3.7126353663728233,1.2465041475617822,0.19759217744413426,-2.572229310696412,1.1781252670957827,5.130961008501224,-1.8434193975961957,-1.2975710558289644,1.8114089898332877,3.1814749762576255,1
-1.7410415888206525,-3.823727807933861,-0.8305971018623655,0.10550978430550906,-2.830032578766895,2.3251906791457158,1.5227228517288989,0.9191630738433993,-3.0116123240913213,-0.56916149617007,0
2.514991099485358,-0.9381320069840893,-3.0426320894968333,-1.5588867773048047,0.39911904688294175,1.4704562499593756,-0.5513071123308935,-0.8788918073855041,3.207385378205887,3.555421116680151,1
-0.24688424943261844,-1.8775322517653432,-1.2190469700079414,-1.0966885778777655,-2.851551253190374,0.4514076806163714,1.2162742499230064,-1.787845372787948,-3.5043617833139757,-0.3769322477002448,0
-0.9285026888880679,0.003786046673714072,1.6044501549368544,1.2746252538424927,0.501684716477256,2.495812716201389,-4.508766153728947,2.6817579907727005,-0.313669545201412,-0.9589762775967117,1
-0.39133979567463095,-1.807480479120244,-1.4521239719653258,2.7309383847100746,2.1579296321151813,0.9747152345557739,-3.3882739162592452,0.5657734967654955,1.751033033464199,-1.0811553781790217,1
-3.6749954470629023,1.1410398715217331,-1.3642071452695186,4.837370367990639,0.43618761933411543,2.2405543856408388,0.715957017449961,3.913742266065679,3.9725924153484105,-1.773711177801565,0
4.50032765440268,-3.622419646190533,-5.125899661565702,3.044564210198666,2.1904466821792616,3.5387228935293944,-0.9717754104184284,-4.120437361074915,1.5169821825230771,4.2012667467987015,1
0.30220751050280015,-1.0713923193283725,-4.113288062025434,-0.34203805464849424,-3.663151647601123,1.351332726859955,3.653201711366874,2.8320552713144465,-5.347240150188025,0.40117819610889116,0
-7.301880560411016,-0.6437250976155364,-2.75496731275324,5.342532783293554,-2.9701561856654033,6.801672126889628,1.5864358631162427,6.642908408877942,1.8878067020428388,-5.5236359248600895,0
2.879164513109488,-3.0116546980306986,-0.8881271891972695,0.26377955830983213,2.918521810940752,4.847462274489203,-2.345680203368972,-0.9382090872202511,3.8634703484705306,2.964473474096432,1
-1.9889241381911131,2.282605535724337,0.9584992006821076,-0.6000645296423643,0.34770599101084887,1.7416190355335615,-3.484676154760003,0.8781670783025257,-1.2596817214348697,1.2460927611304915,1
1.7044232260350298,-2.2749946024771854,-3.40979061395153,3.8126502234123825,0.6669037731478022,-1.929206383700004,-1.9029511594394712,-2.5155939803930893,1.3337942363631334,1.7928518884980087,1
-4.412928655157204,-3.3093958402206383,-1.4662770569593648,4.8955479040615915,-1.6629736555443644,4.662048733672902,3.9186695245620067,5.349119490241805,-0.8959528169399631,-4.1698712927828865,0
-4.532278240843111,-3.380209064818305,0.5974352275365882,1.4566477776567577,-2.428503624233711,0.2830882798594663,1.4316344608300222,-2.4873943692501177,-3.3793148326406826,-5.2691299223883235,0
-3.0521070799395322,-3.396756931529099,-4.044798686883874,3.32991068978501,-0.9145801846188544,0.2046683022678426,0.5659809811113705,0.11511492908905296,-4.251617329177538,-4.277731685175963,0
-5.722623877847057,-2.1158120737665174,-2.095631645877705,5.0494984681459405,-1.3777585612699195,5.766148855391064,3.109414127096934,2.350548402963988,-1.1817004820045867,-2.789455268334324,0
-0.9585279462097527,-1.4768375132578364,-2.4803140835184863,-1.8651180278208526,-3.314274106704415,0.9772057085231891,2.4471475199656956,-0.9559011989249444,-5.246512399240343,1.0618274598050874,0
1.7311854380264173,-2.603156226852913,-2.5141340776667986,2.471145958514933,3.031477708288315,3.7270453741542933,-2.5738839269076124,-1.8485826680532413,1.5682076514585903,1.5599140050219122,1
-1.4868437053139258,-0.9342606412121528,-2.0431518551672205,-1.4498333581098026,-3.5123684910033672,-0.4374395529983235,1.5549343241455253,3.335259429887828,-1.8096399580144171,-2.6247296623986083,0
-1.4337995002423445,0.9849116330599057,-0.8617054112122133,1.0493073894999354,0.6893662854906208,1.4035400682191845,-4.348951507403934,-0.05010009006701055,0.5135825776475853,1.046837737085454,1
-0.12395108405228128,-4.778521617170355,-0.7131986334437577,2.630674596263762,-3.658131611038802,2.5739456321483916,4.296852001355589,1.8529727027142604,-5.295404172002309,-4.4554063781580355,0
-3.428915294302113,-1.161340695805556,-1.2258198674211007,0.47273521892744985,-3.72167239469449,2.9505243091228213,-0.07359192693137118,1.039177780008223,-1.7260580535336894,-1.4289441147799793,0
0.7132338432340595,-2.609996723925363,-4.432752009256235,-0.3174506781074551,1.479481310250212,3.600318394053795,-3.6287703110070186,-1.7969599270268053,5.035431094716024,2.6865772851719196,1
0.4796405062826987,-0.14640212237790928,-2.5401655170619897,0.9911138885633317,1.2385257771281886,1.317621688877423,-2.2924516939434687,-1.326909199320932,0.6639724458119651,1.128041282061838,1
4.371126630879355,0.16720420814776915,-0.9671702509701874,-0.9138943941216993,0.07023762616483786,2.9162273936104777,-1.677166722952376,-0.9080642979323019,2.949688128325969,1.9598880178252558,1
-2.199686335070625,-1.55947166301264,-3.1907967109261532,0.6633543290379342,-2.1356460456541986,2.5168772319246555,5.131020043201364,3.025019092655243,-4.036115975524297,-1.0410289617416697,0
2.543197724507009,-3.1790428899330943,-1.969659087544069,1.7238229972514765,4.247421711311489,2.4250435800587584,-3.2017702002312807,-5.889077625378164,4.338191061243057,5.736949127428877,1
3.3886295678325418,-1.3882461035573725,-1.1171668585548076,1.045757493986724,1.795004577194951,2.5124381615437907,-0.9475810491349772,-1.325866983034107,2.033829767598383,3.0141502156345235,1
-2.9202155187853367,0.8728537797237084,-1.9562165710212798,2.6784417680997765,0.18217608408572605,1.8614536249278706,-0.28796496063342447,0.2500205010785532,1.2896106207587903,1.5170905073873318,0
5.700317518223582,-0.6850648144450198,1.0763374730893762,0.2730943188799002,1.87413573612276,2.935113268817894,-1.052706723861391,-4.993261479163065,2.705891583407227,4.519857527398072,1
2.763894507214579,-0.05793618008852852,-3.4073147308762546,-1.0105670316803668,0.8776376165095416,1.9597025553380283,-3.7263846780682908,-3.6021534488594336,4.290666634729693,3.579864889019354,1
-0.9946362732871683,-4.7848094246137896,-0.4820211569447832,2.3688062230194804,-2.8563206497675107,3.2449122648969153,4.947953289804784,2.5179245412266145,-4.684977196037906,-3.3105797009391162,0
-0.7542315825870536,-1.5220528672511306,-0.43002698265024963,2.259030964963534,3.8802318881755404,4.616117943677496,-4.806564230575745,-1.914428234408703,2.441799615887949,0.2010047231291614,1
2.9503400007613685,-3.1897377415033854,-1.7652532338941826,3.7404841873875325,2.511928480903935,-1.141434873860867,-0.8781483251074835,-3.7415983387583394,1.8929578316090467,2.508222257413241,1
3.8820542049860727,-2.9846422387670613,-1.2224802564356954,4.615100037899557,3.3540650989192926,2.9284245535032776,-1.480114541882584,-4.642637416659017,1.1724774908607545,3.717349134029357,1
2.6152725222429853,-4.158428170337421,-3.717287827953296,1.4150701653458264,1.275927832801611,1.076217700426629,-1.8672019729137375,-4.379062355159557,4.793734118510978,4.678977058119598,1
-1.6473186756339537,-1.5797679834843303,-2.4757091055997122,1.3813809830141435,-1.729971782627357,-0.1411748259120369,1.0335163080083525,2.3824795736459983,-2.0580082366104993,-1.041113508519104,0
-4.632998912046988,2.1022993418376155,1.0801125540814152,0.3093846443667283,-4.924856192122158,1.9806973296388255,1.7519901050148003,3.572867073591579,0.752704122261155,-3.482520915324978,0
-2.6254787228015557,-2.746767397738144,-3.4072967241429026,3.4383928363418867,0.04953143839194363,1.9609012075386132,1.5011511860087459,3.264693327931105,-0.39180763549971576,-2.1574768757984035,0
1.865391059342447,-3.5540917203578832,-5.322786191318374,3.162669220870584,3.209720228399475,0.409894210102115,-0.8308304789826286,-3.2170494393802995,3.7434047971391093,2.5075338807472747,1
1.0997191856829247,-3.0207918054473395,-1.1103371410154552,5.060244165878041,2.6185082366503876,-0.10325534830130634,-0.17745182046419683,-1.078786854959816,-0.3469662527840791,0.9474101028222888,1
1.6261881140285175,-3.352694669133675,-3.01354502842954,1.935795489887565,3.618154092969964,3.7764429171919325,-4.006496482400976,-3.8839992719708407,4.60959184093756,2.8750680547782492,1
3.4011003276731477,-0.9922464378038767,-1.2026652114431533,1.0229862048437504,0.5109949026335876,2.346336076789518,-1.9861448288918007,0.2765468641598834,2.3168301023896327,0.06919441723679887,1
-0.45904065978312203,-2.876791311697377,-0.2434277768701414,-0.9796917599284565,-4.867533992052426,2.527935158128779,3.9137444661049203,0.40506255427579707,-5.914818547462609,-0.5685601400981972,0
3.8121600858667897,-1.8977315108378887,-1.6051712933860012,-1.8288755714891272,1.4322818600787437,4.962585187087509,-5.390884050002119,-2.089404956115484,5.965127903595432,2.550112954488243,1
-3.367021824470576,-4.096996491868172,-1.0740726492221557,0.5571460219439661,-5.506599206883445,2.6953678248727315,4.330115382028461,2.66106808430858,-4.8290114671364845,-3.8925377839068007,0
-3.667085319668623,-4.120474413190182,-1.9559433112255757,3.1566801355212117,-0.38892385071444724,2.045884004782432,1.163520085035275,2.135046056145571,-1.0924516291179192,-3.688197307309898,0
0.2029829760331432,-4.783345009543146,0.5108676105766787,6.318379512857987,-1.8695369466413942,5.773610714044681,5.259889493531826,5.1094753727104685,-0.9813654350360275,-2.6498451036119604,0
2.040898090414693,-3.2359501816830893,-1.1362086083109264,2.669674530283835,3.26297123408031,2.162582440874668,-2.1275760636907863,-4.33454704940559,2.4632356886583504,3.763411740943852,1
2.5921283283459235,-2.3841122418171627,-1.8440217726412382,4.208256801911635,1.6811269820061732,2.1381145769279506,-0.723961669680228,-3.784290426390383,-0.858963194574903,3.1449666554115527,1
1.8091222623564358,-1.1052654288222312,-1.8085227352948423,0.32980964515761757,1.5615943014666054,2.3135626999689065,-2.549794389675755,-2.6463986383637432,2.471143857582014,3.1990838717102976,1
0.9691066306303244,-4.074971948162399,1.503817917275014,1.7732008566847877,-0.21073546089616335,1.0525159213580066,2.2517194480618614,0.9604218534906854,-1.5376635466504458,-0.07910870400490144,0
0.26213721274683444,0.09124416104365007,0.031542833064388986,-1.1097462531897073,3.48112708845137,3.3674997952164065,-6.242234620802669,-2.9982352380257704,4.962452718190448,3.406677393953539,1
0.8935632279896157,-3.222259538753449,-2.674720019454785,2.0019283158969055,2.1721318548936464,2.686146379062584,-2.2409745800320113,-1.0331032122223833,1.5768477274665311,2.3554886121710314,1
-2.1830286594258084,-0.08279698211331232,-4.227620864022223,4.426429319923898,-0.19748096569145002,4.453448881316202,1.6667927621417569,3.3929272954921466,0.44901305248782775,-1.3401519291001798,0
3.7749625581230406,-2.5427536092853242,-2.841549587590827,1.0156313195775875,1.8953725922838938,0.3322548676217121,-2.748045201216324,-4.869932177008512,6.47117413381526,4.006905098896171,1
1.9802809152145624,-0.7286033380524459,-1.996474744082211,-0.16847380495925934,0.3002330310686314,3.401295472094441,-1.881125498101619,-0.7986535896080376,1.4469935764844042,2.636237063749669,1
0.9487281195225552,-0.8206755017702743,-1.4916922519051043,2.984464471881638,2.6142877259412454,-0.629925281714776,-2.43263852125146,0.7838561222397908,2.3270637929446867,-1.3000409339874888,1
0.04188557819024252,1.650420138549979,-0.19084156435380972,-0.1347414238312754,1.2002279327257568,3.9909746560477113,-4.675603908817832,-0.22471034737174134,0.6998890251402159,1.6607599906199044,1
1.3842128188559206,-2.479879484390554,-3.8795714310492224,3.3451642760737834,2.2372690275292997,-0.21752147169863312,-2.0631462463861294,-3.871709887101459,2.8225024236560485,2.933857463653295,1
1.680095793804961,-3.66936689455054,-1.4544905303731932,5.505976807524471,1.953536928274244,0.4239031638615418,0.5009911576918511,-0.30928718518683307,-1.0842227388431893,-1.8186407708002306,1
-0.4502057550643759,-1.3152593017943968,-2.7081709584531644,5.856374693511745,2.1930797196299414,1.5937811755415863,1.7963336107703183,2.149787286429895,1.4357365104384945,0.1526173135569917,0
2.055488659884488,-0.16332404508349296,-1.0248417265492997,1.4218953718282101,-0.7031415756417458,2.219574992476723,0.6812536427373057,3.5579883075336873,1.7694976034625514,2.4141304158641272,0
3.5218809847864674,-2.3262863953401367,-0.08552397740340267,2.773368411751488,2.5325363421269507,2.479499867963086,-2.028158103839095,0.571627202187285,1.6997566624174894,-1.9979418482001572,0
-5.744612046143493,1.5212016725599082,-4.512574926552292,4.749255644677983,-2.2636239622922156,5.852277860307183,2.3080281126973743,4.839722909722328,0.3529596614927102,-0.5816899955721404,0
1.1252114542479723,1.3692478777568953,1.137125801185876,-1.9136870577750704,-0.7261104528665472,2.6606918930492767,-4.377489716772198,-0.3883617949828022,1.818240202048665,3.2533088764681946,1
3.0520237825287833,-3.5796105541132293,-3.4975407673384127,4.742584040207047,2.0137382150406538,0.565498125432703,0.37589831311963007,-1.7463777237330977,-0.3872485210770207,0.5888050216162881,1
-3.783643523547444,-5.095414419289995,0.7470696770446223,2.195982931499441,-2.1258605367587218,1.069021461879586,1.1935060610611044,-0.7502999753922164,-4.169839883186171,-4.173478797077852,0
0.7100989263147572,-2.0111215366330697,-0.7678246660695505,3.9488277362530155,1.7529129640386143,3.1243454576453136,-2.2139062072432893,0.6511724819375497,-0.564728796074256,-0.846295701278307,1
-1.9165527933748896,-2.9766613875667565,-1.9540450087067125,0.3186965866048066,-3.8841087164787735,-0.36393702084061097,2.064362870406196,0.9031359472577756,-5.0608882387741785,-2.970221388708765,0
-1.2338825241349678,-0.9107323556664897,0.259575423599117,4.873638800023635,3.022402325351851,0.15784724671047168,-4.82353438965122,0.15463349248129798,0.3235735721024495,-1.194918483316557,1
-1.5501497322327502,-1.2314729235781776,-2.2313569460072227,1.4604228568531399,0.4467852157753458,0.17041375344214194,-0.4418713769008047,0.4194538240269676,-1.620905870569815,-0.6637771093785187,0
2.713140561060807,0.9411527116276139,-3.5723823633347482,3.379586816576704,0.5958508262953992,1.866662036129325,1.1965081947138665,0.7353195288399363,-0.35920729603924295,2.549723556665625,0
3.2459205550399988,-1.607818717934897,-1.8463670093323552,0.9472383593888134,0.7993856466581268,3.3804281201762185,-3.047597839476988,-1.8798578043931111,2.4344182665022096,2.476838867564665,1
1.3647853980746147,-2.1156369627267257,-6.224777353925245,4.056461510393194,1.59044912005634,-1.0641292891098417,1.4950689481966708,-6.242522645914496,-1.450143289371837,4.199730443238346,1
0.4589657942023817,-1.5439914080743264,-3.109551825226725,2.0528782917383013,1.2113462135183686,1.7442183307704626,-1.6789463679027838,-1.888203269080591,1.138712845835458,1.784545719983115,1
-3.0318405372287565,-1.6335365162843472,-1.068135067440228,2.1286989295984107,-2.4265455243831497,1.1360969971647705,1.2823946324216569,0.038106539150668084,-2.4619991438640656,-2.1762476879264954,0
-2.848998087246573,-4.038598494016696,-3.460080815098043,2.086051618646495,-4.094499325612131,5.614946939884881,4.482779953057431,3.879376454297063,-4.877497006347054,-4.714237030572836,0
2.997437576434359,0.06782591443204433,0.854379259208971,-0.16718216297257804,2.897542724155265,3.679051154133611,-3.1506828390931165,-0.1934449580890607,3.538634137720626,0.7961557395682399,1
3.5714719803219968,-4.3112343959257755,-1.937646995345024,1.8800506119704168,1.565968040561876,1.6630468302864485,-2.0380327925790818,0.7394268800699049,4.147482491622933,3.1380477251049887,1
-1.7958728942965516,-3.3249890368397126,-0.7076815797325868,1.9353937327782933,-1.5273694743625557,-0.15524351357506916,0.09065170314982463,0.5849808794191014,-1.5097773288997498,-2.772714349864845,0
2.3168661896538065,-1.8159330618443745,-4.446438037240358,1.990832274863071,0.5328669247689799,1.4760749625745806,0.45189281378395973,-1.0871779873456826,-0.46422133633166496,0.19171546458169542,1
-4.421049138911222,2.6499339758931786,-6.578201370000808,2.2863157188846457,-3.5808650209370607,7.919044661140842,3.8029030127075925,4.863411187007127,-1.308116469898763,-0.5427677439153242,0
3.265961067042325,0.3313773195665619,-1.3581234859316023,0.7762397784437693,-1.9462482907930059,0.022434070820800622,-0.34289734064245203,1.402046595546377,-1.4173437979024301,0.5269228109344954,1
2.265044643100588,-4.134496982408374,1.6452560097348683,6.075942892590788,5.4556347767245015,4.731460533361865,-2.2298952797825398,-1.338263438374546,-0.1573940449751281,0.24596922435066082,1
2.2342076129677726,-2.9844461700242846,-3.3812058351060017,0.2546555034916107,1.5072792972772606,2.97697381737353,-0.9619995549185036,-5.00797231256062,2.615322702566851,7.439491275578885,1
1.0577750464700797,-1.4032968482717254,0.5385544262462196,2.8140225281685116,2.7766341812471866,-0.9048762221553628,-3.636349317461556,-0.03356687361287247,2.8450883490144547,-0.1328537199304325,1
-0.3739401185897391,-6.3178646247054,1.2599582418723072,3.0519136870090535,0.6284301654725977,1.4167111750057588,4.1744880588782465,3.4287516818060277,-1.190434228197287,-3.4504034825111956,0
0.09398341881819783,-2.3097997569692224,-2.8390823477808094,2.6294798018080336,2.6848624600908004,2.511053389231121,-2.8134943061567355,-3.069278509437459,1.2061512749903454,1.724832562963789,1
3.3405599007239264,-1.8949588118981098,-0.46282303957850357,0.07434748400005309,1.9827462896365986,2.8779246743182343,-3.4334206056053787,-0.6228900826505144,4.06463976490469,2.236855364872145,1
3.438036936190972,-3.14674236558172,-0.6171965501105703,4.661820648651412,2.0813884602511545,-1.0121547560758377,-1.662094612367379,-1.2273942503412845,2.9995293167396415,0.4224062992682742,1
-1.5751875130520792,-5.168633374776462,0.43248619980841596,5.490018536323114,-0.0858392804509811,3.950804078859843,3.7517708770174534,0.5778477148779837,-2.374679816676801,-3.1660057889431625,0
-5.400238426239477,-2.073920258052392,-2.641201080734313,5.752092104653388,-1.558930185935628,2.6304166113646206,1.3614424774587186,6.494303784168806,0.6964935710256959,-5.412111544494879,0
3.868834044870531,0.8916342266205901,-2.502621618723394,-3.3072375546550434,0.6264935233796471,4.5106419758647345,-1.6048375598031082,-4.599326265660794,4.262418436295029,6.535626854235835,1
-0.5593984452977634,-2.657573807454508,-2.258585092825302,1.6347913283864481,-3.2016225616164364,1.2458481323558899,2.9323228587509416,1.5840562540897563,-4.23796365106741,-2.799229295698173,0
-5.082983898376621,-0.21987262090986648,-2.1177754406835265,-0.8021502765609352,-2.3621765158681196,1.685142138135989,2.785878963967331,0.43071468630074916,-2.6220227620391587,-2.3206037006218403,0
0.16588953217599922,-3.6753510421838644,-2.071999913812088,4.110100928919293,1.9708693701374067,3.873121216698295,-2.034951226569071,-1.5550416295893705,0.12666919586338077,-0.12012333370770101,1
-6.220131291865032,-1.6136969222676618,-5.229533243056342,0.24684291602101438,-3.8037179733003263,0.6902231187922376,-0.5851019721556696,-0.8370092388178296,-6.2870167887800426,-5.800710435395104,0
0.943316463450077,-1.624151969384572,-1.007217548199429,-0.0819921471182572,1.459222549732082,1.5184026011791745,-3.8122830911298524,-2.1029943592117077,5.023934565702383,3.463972958909431,1
-4.677710457044995,-2.525811309280739,-4.533469722207698,2.038135724920367,-3.4907357107115544,2.5645355684626794,0.47176634787236993,4.4844973525341505,-2.231335024195909,-2.8069467354757953,0
3.074713961863389,0.04538756802183341,-2.0590185436378996,1.2314842338896614,-0.053095288926615414,1.5219452666374078,-0.5575202852513603,0.8479911212511269,-0.20401752370612014,-2.5673618958836197,1
-0.15989605730144452,-1.4282658666285317,-4.154862808308952,2.9032943207782616,-1.6356575026381999,1.6812334734094356,2.168997284259399,5.297088940994792,-0.5791702435648687,-0.794206628399923,0
-3.0919750147527583,-2.5337294602418017,-3.0749017932663625,-0.4042989398345491,-2.280322490364403,1.1801439325932814,1.4795186900165251,1.0524188857070562,-4.020519721257941,-1.3347288782393465,0
-4.3022406678608895,-0.15931579170740195,-5.082202542071439,1.7642473910453618,-2.9171819819707503,1.7064533069676924,0.5335207769409511,2.0817080199064173,-2.319637327806021,-2.314503742899058,0
2.405365295936702,-2.84132417754498,-4.233777975583131,3.9751582675973243,1.1686540303922983,-3.088971792267161,0.4669239250308115,-4.013395605620012,1.6075875873418441,2.699582619999242,1
1.4609305240134616,-1.9216905569699538,-0.7191309804943646,2.0780059805320237,2.1415432582375415,2.19773376304172,-3.0572824381953554,-3.0460367472908216,1.2411560485947166,4.283836727771927,1
2.74885922034607,-1.2389379822259083,-0.3764880971158602,1.9971291350477458,0.4504131436843244,4.657633920261803,-1.9677349844265963,0.39893008185966883,-0.0013348648695505894,-0.2788758512879834,1
-0.5516757272854764,-3.494951876624988,-0.12156158310735066,1.1021769237222008,-0.9944675521593818,-2.048500277981142,0.48890240584128275,-0.21157741052207868,-2.4592470062293197,-2.6345498967976804,0
2.799925321870452,-2.226558873777914,-1.4284169203322676,-1.375491644929832,3.3648812707778673,2.95616734995406,-4.309025692322418,-2.857670091469782,6.814622744425028,2.5869972927532885,1
2.082178011646681,-2.880255913949089,-3.0021185490433613,3.388281097015593,1.5308329702808885,1.293223655337748,-0.7226311785623822,-1.2862632862942465,0.6519794140168889,1.781583460798927,1
2.041423138865518,-3.437941739492681,-2.375498746058436,4.170589257063376,1.867035832975937,1.265529448510044,-1.1016587991102496,-2.6014984637786567,1.2361960543488455,1.720160147601455,1
4.352866915706965,-2.140457985440673,-3.8153193231587395,0.751806190723082,1.3294103573204659,2.2372509018671134,0.4287361681808668,-3.3441624399476257,1.994655129169076,3.790802537163338,1
-1.8634421666625542,-2.5113333885938705,-3.476909259934076,5.698360930124842,1.6176153469647354,4.0904335867111286,2.1704990674103355,1.0300997178511682,-0.9741752048029515,0.28867404932655116,0
-1.286557175591681,-2.89066659962326,-1.440115362882886,4.398241926636924,0.25173831207041664,3.5287237793493738,3.618452026335726,3.863526346065831,0.4561089279233421,-2.367762669079711,0
-3.845892777207055,0.26036700891729136,-4.350547290671132,1.5869618621758952,-5.718980756456578,6.622214343412321,3.4752652979484377,7.283316042483997,-1.5677215807939224,-1.3937383047848457,0
1.4135921293375757,-3.306027671603172,-2.9712843510237223,4.2204890094485,2.93827679795831,2.7902252590012377,2.1838198541146747,1.9626747658572832,0.4586114712028886,1.7551775792267152,0
-2.211980302767126,-2.004245553041704,-0.14256371691987924,2.3774424051352714,-0.3168856696296858,0.312810793089332,1.1787339452426684,0.3584715901339428,-0.4709507857559523,-2.2296339875483335,0
3.8489515201142694,-3.243735418647251,-2.001828080393165,4.292220024057084,1.9274197623892306,2.0681390554985186,-0.4098819333788115,-0.18987039160296004,0.23061993732412422,-1.0255398826475233,1
4.878095962565343,0.8790803071561437,0.6455928921529197,-0.8424647744504017,1.7114803782225263,3.9753524479047693,-1.7891323219258697,-0.4964188929240103,1.644719062460199,0.1991055321737285,1
2.758780110718818,-1.615595033092523,-2.5879199037561342,0.8146014572188376,2.3541748332379764,4.154306668551403,-2.4334818453595433,-3.5701608540048033,1.9233036284614518,3.3185747316918506,1
-3.706867844072497,-0.2114562571133085,-2.4042867330490085,-2.4639398982983867,-4.697973732712944,-1.9595789121828449,1.8637119327025247,-0.3477145649097979,-4.6947627224615065,-3.7308295150780677,0
-2.259739570028459,-1.7359714467132104,-1.4859185957074241,2.211823649684793,-2.5553057410394637,1.3633065495998746,0.49959920319953177,2.585291670125841,-0.5229208471583218,-3.153236660728968,0
-1.7121842378606553,-1.564484601052401,-2.1882814268198416,1.7733032512592168,1.3827987221393534,0.24745262500613308,-5.052748048916985,-1.4625170314360916,1.7941990167156516,2.7678609547903466,1
1.0611814510574282,-1.1391564748176455,-0.7731368730324628,3.347177138403431,1.1440389704730753,4.173076097782686,-0.16497555712736456,-0.040933534727684684,-3.1416902480086693,1.449646907349754,1
2.901178190414776,-0.12577035600332898,-0.278897286940061,-0.032261648907192964,1.5597982131828996,5.635055105477348,-2.5297428380996703,0.3451276684821636,0.8246431951716178,2.2253686816928697,1
4.075639431989772,-0.5209317798781863,-0.9986956939662424,-1.0676105786641559,0.7265660862180725,3.9539155006787525,-2.073437920354265,-0.2117420820087874,2.4126306688686396,2.010149407475046,1
-5.300645088683229,-0.9262451598888304,-3.6043523875666033,1.4807240340198633,-2.855398171754839,0.3857489933447653,0.22266090622041257,0.24004246840088705,-2.609168126073596,-5.018804615132403,0
1.1354924555418466,-2.9579027631920267,-1.0428985201128602,4.258881343816938,2.70495884323204,-0.9769862819222372,-1.5299809655870231,-1.4365022250646646,1.5382959359639528,-0.06520050579151881,1
-1.3426724792570253,-6.065805677177202,-1.376350424307006,2.9313515094093674,-3.4502504254297826,4.066031357466629,4.8358034934054075,4.999412196069413,-4.006107770903292,-3.976036478169646,0
-2.4446505958519076,-2.1716211758664623,-2.756113828225644,1.772545086360508,0.3631197282461205,-0.47910316823248156,-0.1882050121957617,-2.0007615024075935,-2.9295260005322326,-0.9302311775965066,0
1.2317082072236116,-1.8515768151307157,-1.6746106640488674,3.1834498691506825,3.504610532549751,3.8720800730648284,-2.2183249197567454,-3.222861726092812,0.5041698711221487,1.1698542398544096,1
5.907350067973532,0.08167007183793817,0.34299668603057176,0.007850776717349461,1.3668777602602828,5.421756605488323,-0.3353634585474745,-0.32193257074648995,0.18301070152319476,0.8405431198245643,1
2.22758994297183,-2.034469701820517,-2.52314361595609,1.6019849378394633,3.2118066142652264,1.8184920487934084,-3.4657578394970896,-3.59528800011145,4.2924071192613455,1.2153447472700134,1
2.2233408506133565,-0.8041563291030764,-0.8092159204965392,1.37341934438026,-0.7300322023191699,2.251996722629521,-3.096792860063907,0.1417209717656358,0.5717626470085526,1.5776214717135035,1
-1.3535708137478721,-4.398052720793183,0.23261028258958394,1.7931048341566627,-2.3714203051663336,0.7882888533199048,-0.5199944225835247,0.4655680407059426,-2.0301643651276557,-2.1299614787368832,0
0.9063545515449607,-2.1123023573574753,-1.4211040031609443,2.680130501795584,1.881138701931672,0.8309703627592779,-3.7545076289995833,0.3644916990550282,4.341728018276182,-1.9255308170507393,1
-4.579949980139531,-0.20303067331633318,-3.4319398649381734,4.797386040818088,-0.464328017532025,5.3555219218034775,1.9507248323407422,1.8266034119494372,0.010840913890391768,-1.4571338900991346,0
-2.317277936362127,-0.7341846191052277,-1.414303913431833,0.7953949831008071,-3.83982130504548,2.9079222427196587,4.539023591313673,0.9272386011788283,-3.2493769021241015,-2.663200416854348,0
5.581946711519036,-2.543256065825055,-1.1832581659131858,3.2055107683701705,0.9680868906438915,0.1948868934890664,0.3631229152830109,1.1370054633990363,1.9083661127191698,-0.19651975877162986,1
-1.0555282548291234,-5.183088686234715,-0.7539988088461456,4.792681403399416,-2.7559750401671756,4.535455879967941,5.644782034871115,6.40753506934394,-2.1017188214992677,-4.063337963128337,0
-1.734096577594066,-2.1284165153452004,-4.876402874661194,4.559202119461676,1.5852426107358775,0.9006533093285694,-0.7641036307608209,-1.1059834080394633,-1.1694309468922108,-1.2361655279965629,0
4.524455835205904,-1.304084750333864,-3.620225570150155,0.6616985199295542,-0.03196143410991459,3.541514820327418,0.15476096530678385,-1.683236132012062,1.532397232357524,1.7524343786356282,1
1.06667450519218,-0.6188597237886486,-2.6852199891410873,-1.8487618751171833,0.8194315764351996,4.549621523134228,-4.286694581916287,-2.403421375772611,4.1814226704661595,4.230956093279156,1
-1.8307478793860008,-0.929681685116355,-2.4321941842993815,2.2688696996049504,-1.3992096182451481,-0.47434576918835925,1.35169755272622,2.387909383647153,-1.4547213950771085,-1.5506520446182839,0
4.104126146210893,-1.7916479854681187,0.268253205845864,3.003140099919573,1.974575349503846,3.378763688842203,-0.20128721149177387,-0.4988399693777099,0.4750342927046336,0.3310650166800373,1
2.296794320815128,-3.9593469625020647,-1.500985466661753,3.925542762304525,1.679620416482995,1.076171852503865,-0.8215479813350464,0.8845304164992411,0.6573905012742862,-0.3475680901723659,1
5.610324780733624,-1.7591712368553905,-2.2795911532055637,-0.5123226683654982,2.1336754302649874,2.1893868092242914,0.5126633037726531,-4.124488902938564,3.4394535636390784,6.252317647584141,1
-1.9738305358176955,-2.675363367912624,-2.973157823822456,1.5633777195047356,1.810857717493066,0.29252921992612113,-4.348279328744754,-3.297945465299235,3.4830414431816177,6.105189790553982,1
6.037615717106837,-1.152216745241319,-3.3322273890529504,-0.2674744342099906,0.959471443071493,1.34309532958253,0.6517376555247956,-4.810661357440124,3.6941986525414556,5.039251770161022,1
-5.578829810126081,-0.37391917293543697,-5.194329629510998,-0.8373837903623769,-5.165879474887255,2.624184218861457,1.9773098500505026,2.1411878087569076,-5.96519897582669,-2.7925057776345685,0
3.4396076541973493,-2.912353701643319,-3.201414019431877,3.5715255387983227,0.8783153881350492,0.6882151592465446,2.038496775325041,3.1213512121004476,-2.035277601854965,1.3120583385667963,0
1.4390551096397073,-1.7990956160691878,-0.860696366789955,1.7586501212637,5.072213820377952,1.559241481390708,-4.094205004549059,-7.130032065065359,4.236136235243908,6.308189422949531,1
0.175369098848686,0.6980134259580439,-2.679375224187903,3.833933468382379,-0.5355338727833014,3.0599948765350793,4.910647857764539,4.915513792147138,-0.0868626767869678,0.5874227651142268,0
-2.084348633380156,-0.7578099023001972,-0.3945410948845014,-0.15879144303148562,-2.3980842378421103,2.715804109700218,1.9707867843363143,1.2664373989502113,-0.8154027134817636,0.07453205328609602,0
-1.3078066637938992,-0.3583651478869445,-5.164743384655053,1.6253429741369188,-1.6215541244390683,0.2861151358621672,-0.3703463159090097,0.6918062998406886,-2.7451182774434164,-1.290338727289044,0
3.1381052122780693,-3.158280024221857,-0.7960683693501212,5.335974138857955,3.7914318295577463,0.6745033033347139,0.025491230879870486,-3.320831167181809,-0.17067349281239963,1.168643884000614,1
-0.5299025823164318,-2.2343622457569943,-3.827884269800308,1.0328522636532171,-2.5920492208854857,1.5133182475792362,1.1892214960860494,2.2534077486397153,-2.525174755580978,-1.661771585957779,0
0.3512471326779927,-1.602060726684288,-1.995188341053397,2.6333344241299925,3.5536129857457626,1.8108253088703383,-2.7961050513151346,-3.031905361300315,1.8887765167649369,0.3389619900921088,1
2.3813318792840064,0.9666770402495013,-3.6266239699830845,-2.1946297637606493,-1.1325590216651507,2.065142963694818,-1.5144773949160948,-1.7547473558631037,1.1885205832814512,2.9397552594332734,1
0.9439723201929036,-1.421592361879829,0.24168228729218866,3.386856994780114,0.8656520215637216,2.385005579593167,-4.023678269551596,-0.0019846517943069575,0.9690094319509284,0.03154279519660408,1
0.45301038268668536,-2.1636029425616776,-4.273000369197538,0.5710696762955332,-2.776590866620368,3.390566403957978,3.3772249840888,1.7740995389099623,-4.236583892142691,1.2860459241608355,0
1.9878339262950333,-1.1411749304517156,-0.18791422868049446,-0.03876016573584762,2.9939905956225616,5.4308155144692,-3.9508388994177492,0.9600739426983496,3.9780886020677584,-0.3052528326824242,1
2.023844249559763,-3.7137306487144723,-3.8463895240388153,2.8949787013350052,3.0809162000047987,3.8033498629177505,-2.831609326607672,-2.8315413865275425,2.807474000876452,0.8920408549512386,1
3.499503291539277,-2.2374524769942616,-2.4878544402687495,-0.5534057482566475,-0.7049438587607686,0.6321274521932874,3.0095336931247623,0.6982100335168016,-3.127241128639029,3.366701519733364,0
-1.599576727164078,-1.8807019787894976,-0.6139342165065476,2.64732017050338,-0.6164629848225804,-1.7137597450892588,1.9592455688883414,0.4007664951173928,-2.5754802281108526,-3.5891827130445773,0
2.6360567591486075,-3.077633351493348,-0.6053411895587932,2.420855862168037,4.3750248147003425,3.189444865515884,-3.308884189748281,-3.4899357770169077,4.55094448411956,2.4787698521566695,1
-6.577692500574941,-3.9424457310440735,-1.9137079403048294,2.1473774426796646,-4.267731606159833,1.9004168409394335,2.806130860058785,1.7732333617138922,-5.0376706327534855,-6.650240050243297,0
3.557584544962947,-1.9764183850559838,0.5720992042184538,-0.4384646661901739,-2.7874925253332283,0.6203787978809108,3.0390074712235786,0.9704200131481668,-2.4201241021744826,1.4040602871252639,0
-3.2233931891332155,-1.7489338696239307,-3.4191365806016654,1.6320954199098998,-1.347104125205544,0.9643667677925187,-1.1957211739635238,1.5173246101799946,-1.4020131485650766,-1.579382546116685,0
4.65318701206202,-1.7809219544468975,-0.19845236047296178,1.7718317018125995,1.5867762427807757,0.8184314644500419,-0.7427828112205033,-1.390872778081182,2.165060037904014,1.855199859043228,1
1.211324615656327,-0.4548663786026039,1.205274774330547,2.736939823562579,-1.561450862239359,1.9023544202945646,4.101101084646322,1.7266839514945491,-0.7663928576644632,0.0962718749664857,0
-0.7956686943135582,-3.9203469396059223,-5.640440235808519,5.025624525858493,-0.2551356549835053,3.3539245244786247,0.3957403444659664,4.687723501884627,-1.3803413455967397,-1.8825751469332987,0
-3.304931469150009,-1.233158658771977,-2.3141547396040916,2.6030067256777594,-0.05178672707636034,-0.6504626075537363,0.057867495063615326,-0.24730323892401573,-0.9061647457094348,-2.579062929580064,0
-1.5450430867858156,0.9519890379120155,-2.737792705226781,2.83216123180733,-0.40994561992607403,3.2381010767093765,3.3163531150504677,3.070738282719037,0.6331180939882679,1.0834395910759174,0
1.7124445667454138,0.830589684220246,2.2604209249666303,0.15023962694929316,0.8921603656806738,2.8873953482877557,-2.6697525400463524,0.876802708146748,-0.1888435220058864,1.2192255863046855,1
2.6303148844569275,0.0890883893263692,-2.111521918515425,-1.4311188056907307,1.7336137046033249,2.4352381266955003,-3.5199706745170993,-4.245866918972896,4.079817427259973,3.3165462965714254,1
-1.580835787477472,-2.6136344300369467,-2.297178356810778,2.4581508089598443,-0.5863576866929259,-0.47532355000523996,-1.6604259191474657,2.0730794238054915,-0.6588207934857166,-2.1215602425352715,0
-6.0670825555787875,-1.990937823001121,-3.8616298146695733,4.2920979457992665,-0.4349802312630797,1.198470620597194,0.9654415356059185,2.015541541302986,-1.7717829910327225,-4.311352856393983,0
-2.904600900303592,-1.5498774788102114,-6.702065641046183,3.9151026501471504,-0.9277105884335417,4.606265056355607,2.243089871909415,4.201538357927825,-1.7348165110247726,-1.102949752160496,0
0.25456475629080133,-2.821291199769011,0.023130676842683773,2.7709265209609364,-2.662921298333394,2.7066798719226512,3.2275225850995115,1.9112882474400628,-2.707439015494174,-2.567175701137337,0
-2.48153549685053,-0.930000862087297,-2.4824808620243672,1.8089853236945153,-2.7657459713856807,2.8532895040012853,3.950771108452788,2.005936837104011,-2.5924307092675587,-2.287041136273751,0
4.670985701133527,-1.2714121546070472,-2.5937070515365535,1.6357518501041426,2.254585699182173,1.5080524921855802,-0.4766451181125593,-4.253374607305378,2.4727321760828795,3.7594092909373025,1
1.4319424461945132,-1.7298976184966275,-2.3756587115076826,1.4476426808137448,0.9623386860344059,-1.4915367533811157,-2.8596627484425827,-0.8694146556354947,5.287345258051449,1.5858620421632326,1
1.3195629028405995,-0.9112558957580725,-2.1843640900491086,2.1112984976700306,0.017194739058038255,-1.885972280433955,-1.3650219468123772,-1.5746457779894638,1.3257809266424452,0.49337535577512925,1
4.946602964079422,-3.1874318949626614,-2.7230355153076076,0.4929816184061484,1.9557841828197655,2.484523130274336,-1.6293809605137755,-2.3991987884191084,5.077496878152745,2.3976971964477385,1
5.367716852765383,-2.2278440284793706,-2.087851430953379,1.68581120612396,2.37287390426152,4.584267900751573,-0.49200760422152245,-3.4784453072276307,2.1444482205485103,4.337086931689775,1
-1.2653008985575043,-1.7050253422541672,-2.13270289450724,2.410899195671897,-0.6071163563034936,0.79423207875988,3.353701733866769,1.860953511896333,-1.8844660277668626,-1.1882395703213042,0
-1.8160400878281546,-4.738040542929429,0.5193314836198968,0.559486853284163,-1.9107871706201436,1.3815454994599248,1.831997566331389,-0.46961960942926906,-3.9468368128175957,-2.7067262054574184,0
1.8373547276646665,-1.1551787637721591,-2.063138969159725,-0.8763697003976825,1.562302469359007,1.9271389122407137,-1.9960213258918733,-2.8277715969503485,3.9990715277512456,4.538841645802441,1
-2.4251278030050596,-2.9966366834378038,-1.7412215911747146,2.1963779407693407,0.3183225730298398,-0.13125282585090448,0.9415174096072507,0.7300387573801996,-2.438785441532577,-1.4935392431300734,0
3.5233050920711957,-0.9416826374981617,1.203235173445,-0.4620151764217275,2.604580002929756,4.299006630487693,-4.171325398062976,-0.34347225826475136,4.861565073497925,0.5450579893397491,1
-0.9668249876217929,-2.6930218056222124,-0.5866623906229189,2.1020173885267175,-2.0997402713327604,2.4882740389539193,2.6397699474557093,2.1193338522296585,-0.9642598873927164,-2.3866568616276314,0
-5.723923389736486,-2.891773449681682,-0.49744957504186305,0.4335938395811678,-3.1829443440636793,-0.38449259529148705,0.5377283359366165,-2.8968292637260165,-4.6927649377742355,-5.1629128244789495,0
-4.7258929632062125,-3.000991510293168,-1.3992506143472934,1.2401785053196228,-3.2269009814319753,3.3038687722787325,0.44359311004694635,0.667883571828545,-2.325101185646611,-2.1751791877818816,0
-1.4025503398424735,-2.366628428155607,-1.9136886298734737,2.988983133328554,-2.4166876048911403,2.5450401549201644,1.3181055424672352,0.3507588220454634,-2.549948729434104,-1.9972339741606504,0
0.23945225629521993,-3.0417743419006715,-3.4396586244121856,2.769849986595625,1.7079652711076962,0.36974296106605453,-3.031976447378203,-3.7772313741148364,1.9759405481743366,4.839163353177853,1
1.424289458494398,-1.6389828217993412,-3.657823828456603,1.0798450398097001,2.0533644056722395,2.00870746957068,-1.625119404517166,-3.8549005824857145,1.148588376551444,4.289694911935028,1
1.893257107062209,0.6156252264527127,-1.7938959012894315,-1.1062480236208483,1.0580071489286418,4.175379431462282,-1.4443896396246116,-0.1507465616068362,-0.011614711220009344,2.285737966099918,1
-0.5520255468757673,-0.2712467541250507,-2.138075720954464,-0.5079104950370117,0.9115192934948511,1.0758182172589308,-4.88077548544547,-4.104353557215454,3.2087293679434676,5.120992835223916,1
0.6004113382340179,-2.466498921055844,-0.8990675862293975,2.156896220501569,-1.4628945179668356,3.5102873130988055,2.8019676993493476,2.6150825854689774,-0.6973993014843847,-1.083655938591092,0
1.307724939015655,-1.3389583059318046,-0.21315271055211782,-1.9201643625566098,-4.227886543910563,-0.8227479623298275,4.721358688885979,0.6347393718311971,-5.482916692821378,-1.4177514789143144,0
-0.5451507543764462,-1.6714272079922323,-0.35177384933190137,6.8047611241278085,2.0673343695675213,-3.559618714162875,-3.585490129585791,-0.3583603309415697,0.6701370102096538,-2.704557270192841,1
1.8948258632928299,-3.402012509673467,-0.2223507414158541,2.743480729348689,3.219830479521402,3.5599949198317145,-1.1896947544630438,-0.2927048783686177,0.9683414355633915,0.36530519870436184,1
0.02961740771932342,-2.8849275370662775,-3.705968844965431,5.675952679191832,2.1874913195726657,-2.1066759542961417,-2.116537886215914,-1.9949368260364564,2.7121092157076383,-0.6236080254014444,1
3.441369015969643,-0.6191396499019903,-0.24927375665043505,3.109992520561627,2.214743974801126,1.8799862512856311,-2.9437537849108457,0.7977574519506851,1.6997833362305608,-2.416923937418993,1
2.450629753898853,-1.168144627611328,-3.982285602591768,-0.9322894291309569,-1.1103820732151357,4.1598461609727195,-1.7448567731970441,1.0225710496144251,1.7682491313862783,1.7912086815055965,1
3.0254321603478265,-0.8888010358960217,-0.9869064371952629,2.355814932224328,2.7927730305740512,0.4078999551949769,-2.5106844721694834,-4.5370043756028835,1.6276952336463364,4.042031436078107,1
-3.6144348215109603,-3.1540758779236127,0.8133585844188858,3.438027310479681,-0.43377095814874167,3.144624173034754,1.9554338150326256,2.212937468777119,0.8190996282235399,-3.636228087335243,0
3.6886821353204775,-4.772978333421557,-3.8890747718628385,1.8090319721635848,2.3314125234506036,0.5128750182507946,-0.8746446712415938,-2.4783060773304477,4.305160702095993,3.2361100088839727,1
5.977730303005391,-5.082388828570835,-3.365232145171392,6.987326607746153,2.983154176009405,0.21449222894179565,1.7121937668441118,-2.523241790821329,-0.04436983375277981,-1.100077251050454,1
-0.6518579557379489,0.4231636123318685,-0.4424940216163349,4.149455594708758,-0.6939968413300828,3.857197143604674,2.8681268078414184,2.0730035885192044,1.16176351852071,-0.7198466034291537,0
1.3134142198447962,-0.9771227780922311,-0.24596449281810973,2.7369504774089144,4.339109206930848,1.9768391628193205,-3.621993465974348,-4.869081538451206,2.612874955670747,3.5473659996459626,1
3.766491758054072,-1.8983271912717166,-1.379039593904183,2.9707932610292125,1.835974062091502,2.7531606553472816,-0.4354493853643362,-2.3654783392604566,-0.18962451410214287,2.594180363357413,1
5.670224334475646,-3.4603837137587696,-4.786834317982923,3.2352630364387833,1.413473822971473,0.11191795179445263,-0.1345639629777895,-5.1502124320161915,3.586691491875101,4.264227427724508,1
-7.812909671596634,2.1733865634687346,-0.9533405497145542,1.4111425171599983,-2.403541923743519,2.477297691396246,0.21885382782319351,-0.10301607690338743,0.35412516373813263,-2.010322422879957,0
0.8556814740685628,1.9115489462590483,-1.7307912940344123,0.629557994979042,-1.2440371857278971,0.21075457355882632,1.462335593059803,-1.8272435110664769,-1.5841137052824568,2.1341304129099807,0
-2.692571724049028,-4.812063111608949,-0.10203445273738021,-1.4607974141444107,-3.1500788214226687,-0.8250696385712599,0.7031604662452062,-0.6304157248227429,-4.217753085883386,-2.6558835991869536,0
-4.472445761371623,0.31938122614955144,-3.7868299686045077,1.8170531518194206,-0.8172925337318528,0.6208731309123001,1.9457429723175796,0.8788770366718739,-1.6896878853861306,-1.9486046734291746,0
-4.000646054518121,-0.7843632441922204,-1.3145999862175253,1.901889032109052,-3.6092130234926345,2.7465560828726545,1.7843780879515645,1.3751600231864036,-1.9624616093689684,-3.2581686562866494,0
0.9519707717132497,-2.8990998555459875,-2.174389906277212,5.837818337883146,1.8183856661691573,0.6453796849771045,0.15860168113061546,-1.2453333218529727,-2.7410360937170646,1.402072168253314,1
1.7160321776926877,0.23320003626350783,-2.8187659074907434,-0.013902027482521007,1.179292184061615,2.5160692625227674,-2.207037713219844,-0.7054397968711006,2.1391300048774,1.5670522484942273,1
-0.8773886332143439,-0.6204746361531632,-0.7149464257821223,1.8631432172222324,0.7651449011856839,1.8447958823147066,-4.492142081779693,2.2246915952137174,1.3289974268998717,-2.4543781578200115,1
-1.093599603783447,-2.2055799610561713,-1.5902007429453187,2.364559833208879,-2.8435502524816876,0.7797061054644441,1.457561229932955,1.9126627780224128,-2.7796603181996,-4.563071671136903,0
-4.39758249290733,-4.043661710708442,-2.848913672210034,4.052438690966322,-0.6823799604198826,4.2214160099606435,2.1042490355900383,3.570605737592772,-0.7641382404802879,-1.9333851864149771,0
5.100980621881801,-4.812430784774386,-1.9903133724162716,2.6432020328673698,4.630920787790777,7.6468889306248995,0.019898977409761986,-4.544866314220453,1.2017175852828106,5.172458267511327,1
2.39281198599949,-2.224018985451128,-0.8878217968020214,2.715324763287913,1.2585020469324406,1.6801468217761513,-1.2853770917419203,2.0883092331669335,0.33290129889107023,-2.014509090948434,1
0.01793231046286259,-3.3250589507153876,-1.6382934529122648,3.7906301710607515,-2.335897408740762,6.502201779795879,4.352638740731678,2.7841333362083027,-2.478522820801095,-0.3300106006216439,0
1.4934520275258252,-2.2493010879537008,1.6015015962661354,3.3296272098427053,-0.09300558996376962,1.3242990360001916,3.5406066587636653,1.4803677604064847,-0.07519235394319335,-4.074597567906476,0
-2.390040495191549,-6.183657561340094,-0.9003979839385012,0.808519879877194,-4.738696522830338,0.9213790958454611,2.197959179043032,1.329769286403521,-5.908496295305015,-4.809672750099214,0
2.6231873773875902,-1.9613703381106224,1.9576291112787851,3.054278028790578,-2.1256275799442754,1.6913875488904981,3.0035575329192428,2.7507051497503907,-0.37023349524844074,-2.450857121055166,0
2.0317651274481108,-1.2257795957749194,-0.8385758473559639,1.2272774197826375,3.5510772514567397,5.38086698178478,-2.805078693046208,-1.57310633594861,2.528740078270688,1.0595215686858546,1
-5.332708294294288,-2.872844335799848,-3.638976851735492,1.6873833835523688,-4.346170189853632,4.196268769484695,3.1416598944033334,3.5186857870283204,-3.4712899637985526,-4.156597845167296,0
1.011524247774934,-2.1295345384626936,-1.3100234288810464,2.4139699422531655,2.8902184619903046,2.3621841874488387,-3.918687903132504,-4.161637953016713,3.0572918940303833,5.286050448809565,1
4.177616093065313,-0.2729539180055227,-0.7153949620131861,-3.0591398478704015,2.632301132632705,1.3016962033764503,-3.7054901848613593,-4.638071213608746,8.352870956791019,5.255815713283102,1
-0.26219185816183765,-1.1209229759261263,-2.2462811317193148,-0.2642192640745198,-1.1567516612877862,0.6992151427301354,-0.42434037179224626,-1.290283014786794,-2.2829279783345213,1.425352317102495,0
3.8897786127368477,-1.431285844135453,-2.5509507805087157,-1.5894115063144376,2.520622024244545,4.030877275600715,-0.3401258579989672,-2.286143936622871,3.9569368846366073,3.320245652818472,1
-2.7725291930580784,0.9549297250852442,-3.2519361765829995,0.6226336255765961,-5.266872866380651,3.920007429261302,4.393624644975777,2.773703838143266,-3.977196152722695,-3.0575673578226823,0
0.548062513651888,0.055720376479396094,-3.2827657140341393,2.3370650634844212,2.39773563750697,0.6466243730060706,-1.7014812736775164,-2.099522743426288,1.4384770736977446,-0.3081552188679151,1
-9.330332304099233,-4.667147670386611,-2.4016528637939234,2.140080026744136,-3.2075363001398487,-0.118114457896068,0.945788023722206,2.4679158092024176,-2.790685210473229,-9.715636233167649,0
-2.396496497373833,-1.6413264276440216,-2.124380264631635,1.6608124276268224,-3.9428187058628663,4.082104212636493,2.346980703778091,2.524086703483444,-2.7072746769383826,-2.246368718107947,0
-3.0395841439690234,-3.4468353404936343,-0.1260387560009144,2.659833284942951,-0.32857546875489274,-2.115988580831811,-0.5921834140125806,1.0538402391258495,0.25161917968430636,-4.3124584245140625,0
-2.074826125320552,0.7382728123434492,-3.418023792429717,3.8594102292536485,-2.408044972616758,4.465648525497421,4.3313809364118505,3.381850167350037,-1.629194678496634,-1.9135274361534043,0
-2.4374199220269266,0.09613274701615682,-2.32702476588208,2.071737039102831,0.13960843386635968,1.2155914382323323,-0.5657492793116701,0.45726710023896167,0.582224124113087,0.4633197619835747,0
-0.2654647218679522,0.5264619911288579,0.9560551251332692,1.3944685325483965,1.8739523263533413,-1.2644604269132413,-4.875551271717902,-0.49919723463937826,3.01478169297369,-0.09405339534625234,1
-3.1394635139798304,-4.128993527158066,0.4042524200634423,2.210745941635525,-0.8539434956953811,0.4850838470230949,1.5635366370551773,0.4241224653706235,-1.6394138365467006,-4.790440160267012,0
3.112832755262362,-1.4853538337310854,-2.9464178008188275,2.8812484020649296,0.4214203422133358,-0.23698426353778368,-0.3210829346573585,-0.8490343689576774,1.1529247281715727,0.7935027443090881,1
0.03510853332837405,-1.497942486322964,1.3677184652440486,3.0761309845084774,2.3504464563422323,2.769251901151591,-3.319438228218539,0.7018156008408445,0.664567506059395,-0.26486194084658443,1
-1.5342999884250605,-0.630509090570518,1.5528055011467639,-1.952695805985596,-4.602197443673543,1.0892137562636581,3.6923017704790464,0.6910234885570137,-3.502352027462588,-1.8961843266362761,0
-2.101085184515938,-1.0387011923528444,-2.4567420680659757,1.142169935962427,-1.2493086978012735,1.2408453553699397,-0.5833113876114551,2.4502306270995664,-0.022874502066043467,0.009988267540466556,0
-2.4683562924517672,-2.2002281683711526,-2.597925404711473,0.933156129874064,-3.688494840214279,0.30891273768200445,0.545959882280765,3.062175180114856,-3.648677679983057,-3.406619476722745,0
-1.9190908149300687,-2.144517190536773,-1.8958600795124994,4.74831842355252,-0.7273275814862081,2.6530949520868328,-1.0910818318551252,2.064789320912825,0.7008131849770596,-1.2451371298907223,0
-0.2566425393544898,-3.231589920243623,-3.313588531815168,4.9906781732171455,2.7011163315110687,-1.2325837188311377,-2.1983521196935225,-2.2612747237603408,2.0868912866743314,0.9991056125786983,1
2.3351235153053262,-3.6644810669442496,-4.6279518581417465,2.731065157088565,1.8524353089855052,0.8820428043757778,-0.9921909404514306,-3.3370960713432214,2.861959257311923,2.7841351342439125,1
2.505011905924848,-0.8108018915547996,-5.315226368882697,2.9787883296215396,-0.09871467887220442,-0.6307898814356006,1.7493773550799494,-3.00226394425618,-1.384614988672257,3.1450472425793454,1
-1.2852818936931514,2.170073935272965,-3.100390900758817,2.0891872589236766,-1.3639788294398318,0.04431092199454234,-0.552087233465556,2.354218253070699,1.9532005663472165,1.3780179019211798,0
2.9231216368914907,-4.02038497155055,-0.6356689467270129,6.87977331363862,3.0353936928750476,1.6188223241411022,-1.9711516418905572,-3.914988890767497,-0.5157403920993477,1.261984679926578,1
-1.5805916004165312,-1.6586386251741063,-2.472176458345899,-0.46610635981315873,-3.97307386794881,3.3788541555442233,2.6851699796024255,3.947957099698809,-3.0568609253514314,-1.5135408098899297,0
2.1666449439244877,-3.3545864075460123,-3.6468834609512464,1.7680471673943448,-1.8941651528551615,0.3463070683371279,2.6905140751389816,0.6747300088729358,-5.008689598164961,-0.6148087630329286,0
-3.039043499526259,-4.7607949196301735,1.899494680359219,0.6268124337949053,-4.3854013156455665,3.922585680773003,2.0583057105391656,1.4416292837019684,-3.085451585433785,-3.573852024360208,0
-0.23379963730961295,-3.52643996896826,-1.4772674090923759,3.655782883434709,2.236127286198037,3.9743941624910804,-1.9298511598377068,-0.29287708342204843,-1.4259753086486024,1.7306116156948286,1
-3.5310327961807095,0.7449876184751498,-5.816157844748302,1.153346293409849,-2.939119074114349,0.8763097528449426,-1.3683464351331032,1.4174917612705877,-1.3036011654117379,-2.4745443477978544,0
-0.6002486804420895,-0.30740293673586794,-2.8247589462255838,0.05561961173933927,1.8791430295946057,1.635358490295676,-3.764297195156896,-4.053620136765833,3.6887025426503572,3.417567682898618,1
2.376316771626578,-2.9420268400473297,-3.386321064869132,4.674253565567409,3.0746321998702393,3.0108076339775582,0.37089202913582264,-5.148292454448837,-2.0341321009885265,3.8892892707869606,1
3.881924945117065,-1.904728068892791,-0.5066278917308482,2.354027505191014,2.883144047332888,-0.2704661732035234,-0.9957024010265552,-2.9936920391889674,1.8042851306127885,1.588155287125785,1
0.3816597120409917,-3.374701178230949,-3.5260074797363643,5.174572268540107,1.675805840782568,0.48142543111653247,-1.2171646800048115,-1.4279561733083845,-1.160410155332913,-0.3154310299433347,1
1.655581684024467,-0.1311839542977209,-2.527845692929786,1.181162936921967,1.7047641784117933,3.394223601609032,-1.4829661191879233,-2.8269025180467433,0.22701607498549725,1.726349193848802,1
-1.8776091492666813,-2.2452918942186586,-0.4580021071017242,5.295128718438613,2.1122422259967735,-0.29321358377105877,-3.190090907046546,-0.4909653636230744,-0.24063092409413311,-0.10528690575416633,1
0.17173114773658948,0.3244105453933037,-4.054206566080078,1.740575121078562,-2.7332712139867263,3.0623146999340207,2.0420647778780934,3.3365979780011754,-1.3356571013645522,0.9561649595612707,0
1.6140373838402484,-2.4490080324620234,-2.408663268818769,2.161810951275108,4.3267147708307805,3.456322613862719,-3.438173640778648,-3.246354971678471,4.233811752469568,2.7818827395587897,1
-0.03137205014889366,-2.3317486642230905,-4.065635998883392,1.2721193248474263,2.9945148243321134,1.3955326283204676,-3.4583826971703515,-2.940430640576322,4.107733723316988,3.514012851262117,1
-2.0454502621509763,0.16406850224966485,-3.9445920687137317,1.6518983930381244,-5.064547838797942,4.0793268728995,3.2669184576470345,3.1428648135753035,-3.148885739672366,-1.2528733981380624,0
-1.155951033834187,1.0049629200915846,-0.4272292830977733,-1.9434970952540565,-6.272767909883421,2.4765838692229707,2.4667503966830884,1.6707534233013253,-3.41137639704767,-1.5610361957387713,0
3.4256433944678664,-1.8617730773637142,-0.9293608227400485,3.6910796960926318,0.005024324272538294,0.37470434576155665,3.547033015672846,3.4478646826943624,-1.128582803465536,0.10188840376806896,0
2.69176393858168,-3.8135418734248434,1.2306873811420043,4.239476185027414,3.5435486228272763,2.6980022912672545,-1.8106847170096962,-1.830155159976449,0.4894023903555371,3.5342999925339127,1
6.590615023286917,-2.444029938653246,-0.6781338267111583,0.002878995337832757,2.317045065748375,4.601729680416427,-0.2938789359709715,-3.497378158053678,2.364783410446732,5.202818758242749,1
-3.6847626648133933,-2.5844465021236953,-2.067166288375025,1.9216855696568182,-0.41213284184332566,1.3261330497791008,2.2236804783730695,0.14895357520005192,-4.0099638006212,-4.1461625090985645,0
-5.536591151468263,-7.281959782067351,-2.0387566637912906,0.8544910674556716,-4.973155555638412,1.573085507649387,1.55014312993379,1.0648222656496107,-6.743106627546173,-6.982605608549738,0
1.53567741669365,-2.023040632069609,-1.2269482747901699,4.852519831596645,0.8704666847271303,-1.361103679472166,-0.7301883517315222,-1.094387117846293,-0.10877109939099538,-0.5175704484697681,1
-2.845293459693397,-5.090795843949232,0.7602238172472857,2.3704325182164507,-0.5668178207666914,1.1442542786850967,1.781181238942484,0.3098320100386194,-1.4062748796634663,-2.400162825658031,0
1.1400371239245137,-3.4218561989434004,-2.9333754776108423,4.181346323056666,3.1761624209400825,2.654645857403195,-2.6334096586899536,-3.8555381255157233,0.5297684370835385,2.5909946845662013,1
3.2860123957004905,-1.7890133353992108,-1.2621084948607657,-0.848752978795674,0.9617551826989317,4.705091436887599,-4.942998604680987,-0.7575466996423419,5.311193625155692,1.825924874387848,1
-2.423308494246678,-0.9157606181754643,-2.1958971100660727,2.378923823785548,-2.579850457853104,3.0670409322891787,0.04752390088041181,2.0791123789948713,-0.863098342378521,-1.283735638910345,0
-3.548002830336077,-3.827299840819954,-2.7894653482317775,1.641095417367395,-1.9478257883789307,-0.42833157153771717,0.8958468818893919,-0.6975513199506467,-5.089303162778409,-3.831249412371709,0
-5.892739460078133,-3.7575028800060863,-2.0971273832354607,2.2872395809337833,-2.808291740472212,1.1162082501043857,0.8980094906090916,0.007247427008020502,-3.6073973102872126,-5.0202915044183865,0
0.9087015591726835,-0.931532727739786,0.8454950192185495,3.816298952262406,3.601020310336347,-0.5688553583927041,-4.168694592647089,-4.551580415472276,2.205637901268012,2.509883375345792,1
-0.7014118389628428,-2.05475430619818,0.5939229714429652,0.02995052645967089,-3.6014842926048822,2.409686881799048,2.857556998461556,1.1553736313602974,-2.4265800108914433,-1.7458162708696612,0
-0.8763237592619966,-0.7051537795602549,-2.6706933070225,2.581902672332159,-3.1354356943853636,5.062373960643425,5.72562898399406,4.076759212071195,-2.055015245037018,0.0030211774381911916,0
-0.10066995523462863,-0.23640858559940603,-0.4407379123773081,2.0318338989566533,0.4771104300301572,0.8571251180128463,-3.5646320249513526,0.6355732452563232,1.5316144588712581,0.45949266746563633,1
1.386820604316911,-2.4084870110842367,-3.3903066021148724,2.6685695566957155,2.901331346108642,0.9032504928437362,-1.517746179425449,-3.420527495045582,2.8017456199651467,2.017199541820901,1
3.857770654985573,-1.1987350798567367,-1.2757751111307887,1.244705940081368,2.9297599295096046,5.045872019531442,-3.186686606707774,-2.796420170500982,2.9944877936284557,1.6999716252880865,1
3.0467847343854784,-3.201537856321771,-3.1033574945765596,-0.16904342768835035,-0.023818117764187186,3.786195902587546,-3.5999115140902855,1.7885513026895676,5.109978251688896,-0.2569260413537009,1
2.6625379230241157,-3.5191791396989025,-4.107226642328971,3.7885783804584388,1.023137665720113,1.0442947624585834,-0.9542817006294899,-2.6364444865184113,1.1596196185375922,0.7108803442589846,1
2.6174227260269696,-2.2626417148250746,-3.395221402000293,-0.5629329517378467,0.9439462328883956,3.714188181468039,-2.923361731590793,-1.9799793952057607,3.9340460742843453,4.843602305220309,1
2.43408233408802,-1.7302733939442752,-1.739304220479335,0.008469179438673313,0.3183621074764962,1.014376970685262,-2.0904065722777694,-1.7444290043712738,3.6675738776467997,4.357732573044649,1
1.9304094593468224,0.11120089076757855,-0.09999215123403626,-0.4715762381722355,-1.5467896078952754,1.2566445002297923,2.783572346753172,0.9566879845912677,-0.4735413773156485,1.1105115462683433,0
1.0319530565798503,-1.78808440364533,-0.7391485302229912,2.852634387225141,0.011022928628590556,3.8509126705376016,3.1015857015216484,4.71846114733323,1.0782601051135017,0.5940888721321556,0
0.5647953940825876,1.5393873808553709,-2.9989247001922683,3.7318492044807314,-0.8484377097206455,4.303365095121224,4.299415803943091,5.403188258179072,1.1176241620386298,-0.1417372217765993,0
2.397122146687906,-0.08859223408111361,-1.5993121660328298,-0.2279350238419089,-0.2763726918423557,0.4504200381959098,-2.005051413329301,-0.8514689679954155,3.0415305986597962,3.0009557044974065,1
-1.0846996022150805,-1.3337802310612759,-0.5276651079432912,1.4298519108669323,2.817310046472899,0.9185662478402954,-3.5539526876148884,-2.2485619496740905,3.442201016489264,2.313614415714853,1
-1.6568239573099623,-4.840248898086806,-3.1460760026131407,2.4338470886111234,-0.28694549676227954,-0.028670931688330015,-1.1025910405620616,-0.5283581059862845,-3.42875842133663,-2.3414248404017792,0
3.90266932102279,-0.3385600907739894,-4.301236574864777,0.2607052301811148,0.4626601581583447,1.9758987550248,0.8868512481816824,-4.245506584808654,-0.7188575060977787,5.546737353840442,1
0.5087803579995898,-1.996595912064079,1.2188339388688942,3.44930096256934,-1.2607314234288456,2.9276100471463278,3.5584809111369426,1.9622863164600348,0.008477077189955384,-0.6230564103435627,0
1.8457404859264903,-2.739091495150472,-0.5967461548725383,3.0803686117956373,1.9648001261168704,2.4091439903236296,-1.9204348366053339,-2.6234577470819684,0.23130114416302483,4.28047085670419,1
0.46809647302700697,-2.014006118588119,-0.6005969323302265,3.793717128154263,3.327628288927304,2.3391802020440404,-2.5958106899104925,0.5780326778981615,1.7277410268009472,-1.8332076282065843,1
-8.222916466620438,-0.38441142384666116,-3.04798154093059,4.622074155394328,-2.440955893642171,3.151710301528648,1.2101387127482166,2.8246351514217896,-0.7109807292769876,-5.7418440961962744,0
4.909924877358838,-4.038159516235186,-2.3476819701746807,5.102931285618262,3.743060047152454,3.917923970565657,0.14757409092310025,-3.920648814945626,-0.24787846867760832,2.8450403048124655,1
-1.509216661338497,-1.3153594052646378,-2.333036490942169,8.036581955704893,1.4811436681524506,3.9385857599638494,1.6378208083053627,4.9224699828703145,3.1415698450602845,-2.9459740537910237,0
3.4884614188499645,-1.3219486078271068,-4.004280636843318,-0.8445406697071149,2.865820933762028,3.8091887795922172,-3.534153239052532,-3.6966017251507477,5.424130148943956,3.611705024133122,1
1.3226314013830383,-3.785112989806949,-3.6424428085626603,2.40480713259669,2.0438161672424515,0.5782971495852547,-1.1419167566473112,-2.2867859116818527,3.3665221472136877,1.9981582600008467,1
-2.481771703011143,-0.9939060152194543,-4.217720077812601,2.4022444874535127,-2.29763648943573,4.138738892048071,3.8619678539372226,3.727567522232354,-1.7908039469827823,-1.0281516166400237,0
2.3994291376531813,-1.9729550060546608,-4.052476409764596,2.314442113209125,1.1696830835603653,2.240914347996861,-2.5420743954642018,-4.502877550995919,1.2855378240658792,3.1978410840738194,1
-3.0738816083710123,1.2978384140852617,-3.182098725217655,4.85639189076908,-0.17363645444062037,4.5917169470512125,1.6090645386744273,2.7795220332345356,1.132897204274392,0.7531400967358999,0
0.5772716402838067,-1.3346801034069662,-1.8828408360378275,5.054509449259978,1.492296096735424,-2.7776425989533466,-0.9741372547849114,-1.6809709151950138,-0.03375668372612317,-0.5959761231178318,1
-1.6230573158640784,-0.5002994534453193,-2.6680920077931924,1.263559494119238,-2.746560998242435,1.9808421049170377,2.5932534482923253,3.597198573899081,-0.21207904920564236,-3.6170073187720297,0
1.7277131124828826,-0.009704914088637162,-2.5179887396672287,0.8649105390028942,0.0014057524550452616,1.9687029470018946,-3.1014176620312073,0.8299929910259793,2.368375520785963,-1.0123002811507065,1
-5.91363141494279,-4.480007754493064,-0.9323485556549453,1.6211949186204493,-5.165705599047781,1.9326728308601515,-0.5395161121837915,1.5744948926860851,-2.893932065828472,-5.942136640834724,0
3.4010849117716964,-5.1836364424282335,-3.0859983217791838,5.027130094887976,3.2990546260667006,4.645066066707821,-2.461509356999843,-2.777468821230763,2.360736460907578,1.9303474733450563,1
-0.28964185212796156,-5.120810099034033,-4.754223192204261,5.723712541905462,3.5374538248823315,-0.504055367908987,-0.5024293182589161,-3.246175706033447,0.8329927840724063,2.1860631178185135,1
0.983687028497453,-0.9910820082826277,-2.2483265846079723,3.6260022216586325,1.2744586055275693,1.552373163448105,-0.5096990400219434,-1.2541233172728057,-1.9340415271860811,0.9174656734414128,1
1.4383658874288154,-5.314912949890174,0.3285526227815505,-1.3449669435292426,-4.8621492889309135,0.6857951518406671,3.073028088185227,1.822687836085536,-5.144657562440067,-0.9998266283577397,0
-5.985638651560141,-1.6815263605311364,-4.527920761502038,2.99240614575826,-1.4148386604716685,0.44449673068493967,1.615498200040771,2.75529811140838,-2.192999946432738,-3.963974785895547,0
1.929459611495976,-3.3456092642587274,-2.0255217821250406,4.81764112938017,1.4691003537904033,3.212826075385169,-1.242933530693083,-2.3116673239598593,-1.4081440742111577,2.8760299985914877,1
-4.89072121257578,-1.6858388094971386,-2.913203534659801,-0.7106501593271313,-4.4180329821650055,-0.10071093420381727,-0.9246189011983756,-1.3391767446068505,-4.485281780845696,-3.619918819727923,0
-2.00319083783903,-3.1040348659503296,-0.2425630148331317,-0.4812687064640846,-4.187169515482207,0.2824865507718415,2.37331738841319,3.431756616257881,-2.6388734477692086,-4.731653448901426,0
2.409576765307981,-1.9010504611093249,-3.3575813893975734,3.8263508732823523,1.8344133556920688,1.3808996367015207,0.5170398614746632,-2.920946409421078,-0.6132707438571514,3.058125260343081,1
2.3155220190285144,-0.5361739724621633,-0.853725142903403,-0.45993740810515016,1.016593089743398,5.017861590153544,-3.331377698764242,-0.8760387320315688,2.3400962000677548,2.4515572594521906,1
-0.5281807968711176,-1.8257510538674584,-1.5970780512514933,1.1630182085003948,-0.9997570988900197,0.12634323820801074,1.1429916442251618,1.6056235205032092,-1.62000180347806,-0.8224085173514915,0
1.490226940432568,-0.9170218199716165,-3.6796637673157475,2.1678478716264467,-1.2151173483757196,2.0049417927904303,4.205344536976323,1.9521323780340667,-3.504755483728721,-0.9672167917666528,0
4.001779281077313,1.0277897533915867,0.7090178114679131,-1.4730796923429152,-0.035793578932076464,6.487294966399608,-1.687942269902199,2.105818159820741,0.1288319481609539,-1.3059207932161838,1
1.2854627479502052,-0.3962200647362326,-3.277377071154582,2.754186034459362,0.5065667661701663,1.2220026223170564,3.178433283684221,3.5821291353247062,-0.27430187444870624,1.7328656883182774,0
-3.8774921267585647,-3.778801943928859,-1.3712271849669917,9.030173180605214,1.528235730857479,2.3683544826620357,-2.112161927188125,3.6256956581648874,3.4418522049645404,-4.964253378416345,0
3.100816186577757,-2.0161538194113025,-1.1661940937617588,0.3216930106686504,1.4916225411705446,0.9523562429598118,-2.477999454574756,-0.6769205860167666,4.490798325221679,2.302860392651202,1
4.902095375944117,-0.607042793879103,-3.7383908370451913,-3.0368759019206726,-3.2403599584449605,-0.8365011850470707,2.0933191703064837,-2.7314041351060654,-7.492257582389843,4.028018224399834,0
-2.052414327457158,-0.36004204140502005,-6.262215379542793,2.4888554971885135,-2.224598847356707,4.416701283683342,2.15254325565838,2.395876350524487,-2.8977853969236262,0.18675135668117449,0
1.9784152096283298,-5.134717225439287,-5.481793678293279,2.93396704794399,1.8950280663687984,1.2785587352210244,-1.2557725912155657,-3.5822907663010817,2.5632524817843922,4.226067655873704,1
-4.526309643409315,-2.5143541911582528,-4.251633759598385,5.067497346727219,-0.8781352439071544,5.349960489954587,0.7479971401570149,5.046514519692854,0.44345247322574677,-2.6832922660212137,0
-0.1381544258539904,-1.578469587140871,-1.0365762451560552,0.22725208075443004,1.5627659440973498,1.6955539084700546,-4.848440379825831,-1.004807511648496,4.491222262174915,2.191660236873681,1
-4.16129839287731,-2.550130405315079,-0.3856657372585379,2.3196274321208232,-3.6227326054634745,3.5248046802481525,1.7792422107712464,3.256997550737906,-1.4143557781378808,-2.545672328167861,0
-0.7547930613533886,-4.618969853491732,0.054045322483498914,5.000274325793125,0.8571995702075079,4.669420879105324,4.712289051403612,1.9333846078287609,-1.0409564555543729,-0.29737915630636746,0
0.7919428341895483,-2.008572847350022,-1.5343121083909574,2.794751479794839,-1.4113516511537334,2.8132844057163435,3.7311310458308604,2.483276897454381,-2.3592063293618266,0.3144600500019279,0
0.06557796251108616,-0.7665992044601284,-2.484515341492215,2.9619979068224493,-0.45036191875035514,3.753877458854933,2.6848847510076146,1.7076397405474235,-1.4590854978296948,-1.7675039960753116,0
0.185399366043413,-2.4290997706096826,-1.703884290774118,2.3673090319353256,2.199157824164177,2.9603499825069224,-4.597314394852091,-0.3550935067828209,3.7889852498624705,0.3225482092250731,1
2.426463364013494,-0.912167822508545,0.3432869945573058,0.33068694786505404,3.0790256130478504,5.667462260059275,-6.12653640603157,-2.1814810108760567,4.64908466412275,0.7073433723127689,1
-0.7119734913831441,-0.9144397023879685,-1.5095013727893787,0.13041272334343068,-1.761057798756259,2.1412085383194794,0.8829833208470588,3.164315807849658,0.39599394369443885,1.1682775245508248,0
0.6624805906847342,-1.584649708931514,-0.5384767537216661,1.7979139817016025,1.5793675637998583,4.8003565765175376,-1.9249686919543838,1.7351547518565358,-1.6764287053131293,-0.2268427994935558,1
1.1099849757455567,-3.2911321933880866,-5.147603267832199,3.9116198914797353,2.170831168394619,0.48043925711174995,0.6648384241044814,-5.504440053464665,-0.5860762975248699,4.28029530686289,1
1.4648060964561695,-1.2898902672653105,1.0033901373431564,5.076823287045601,1.8831148838616925,-0.05621251588299048,-2.376773568027165,-0.16672083817967231,-0.16490923444883077,-1.6535505722771449,1
-4.643065035871395,-6.633679498062077,0.6557353431723629,4.0088282550029835,-2.5280246227313725,3.0363878825277895,1.8066849316414444,1.5981946651152983,-2.8885208991709725,-5.706461422909677,0
0.8494159495629341,-3.642579686289136,-1.96175214452357,2.9516696838918985,-1.594049959093318,0.9409323518347161,3.5571785087439025,1.3661046261760557,-3.649705679347773,-0.9871188684707517,0
-0.20877981014628322,-3.342921884484749,-1.2144779908309802,2.7097447083280763,1.7760370068777807,1.9613918738090148,-2.5414563951266564,-1.6857125879589852,0.33730836368735506,3.8968593212914895,1
1.6826115575249803,-3.0151675060011263,-1.7606781035262724,5.190830793306377,3.0706137652315455,1.42838904381973,-1.6417859318369366,-2.3133273825550145,0.06201723707502915,0.9441450016025854,1
2.5688583887264915,-3.9366364921171884,-6.226797878640369,4.6647964024638595,-0.252639092599654,2.513927636307965,4.015747428557166,-0.740425647411447,-3.4457111210636793,2.044203367457689,1
-4.364178278472496,-2.267617710158539,-2.096441078681586,5.110090031614709,0.11937810953099515,3.4247159131131992,0.5055120457501556,1.5925280611568065,0.6545276793276673,-2.7830782647812176,0
-1.1330023948613017,-1.2855194024111045,-2.1941338051390624,0.9828440613361289,1.8296869309470811,-0.47098052761353726,-4.210860364652344,-1.1349161141657298,4.174638687114454,0.501648316118738,1
-1.6880204803730279,-2.050584218519054,-1.6948047447343724,3.7737115124700624,-1.2134411170558574,1.2208795733214364,1.5167328052781757,1.398699991236745,-1.4057280639029404,-1.7289984963010954,0
-0.210642712887956,-3.1567186359801793,-1.152970514111167,1.838127484070624,-2.492055933290086,0.892169771221752,2.5278294359765363,1.7860232317215219,-3.10953468545351,-2.337090350704071,0
1.7232650577312643,-1.7976319592765873,0.1238100118318779,0.813188520146281,-2.146456613877615,4.170728659336829,5.642015325893587,3.618009570801803,-1.9091934348484634,1.9353314860920432,0
-0.2578977007244785,-0.8411471654095992,-1.5091967443126841,-0.7490756955538593,-4.547514793270858,2.3176593243340227,4.573140136973593,3.0793700372906647,-3.222355051264488,0.08907232743977511,0
-5.739773788053921,-0.9213298573239379,-1.955138312540906,2.5115085047380865,-2.786427709311911,5.774547014540456,1.535766440069438,2.4260867455847683,-0.6046128627318854,-0.9607351833839886,0
3.0472709812631633,-2.6818371547888487,-2.7554387658657147,1.0604341930616672,2.2537799331857302,4.264181668255443,-1.211497511637432,-1.1890831454928503,3.8196613585296264,1.7455929229887088,1
3.5691434922672745,-0.40547805576427765,-1.7084393828837134,-0.7931901649824336,-0.5024079999656887,5.9274969763471566,-1.345730176732368,-1.131556820869855,0.7804967333405193,2.280702224174949,1
2.795371184659834,-4.927101807623983,-2.0122144776271127,3.6174734652304594,5.110316212369207,2.6234725947831463,-3.192983360462052,-4.740070925159495,4.683218444463392,3.9691318934349646,1
-2.086688052891643,-1.6352401135354762,-1.227009950800343,5.369305124468763,0.5121556733175052,4.588025798272816,4.814165619076904,5.4570787950476465,2.0850624572219525,-3.3804364429951157,0
2.149388162584968,-2.585570491646037,-2.262013731160976,0.7062195269537845,-1.5653325032593715,2.73935906732825,3.9479890221198826,1.4677762602021092,-2.858414363105524,2.518329728076364,0
-1.9641262584771573,-3.731427067767126,-5.242955007290735,4.770658223061098,1.2384394602211541,-0.619422686843357,-2.8832964473940668,-0.9962790548026526,1.4251423270814152,0.04522226820765751,1
1.0909223190230226,-0.3964280345635405,1.0435411287459009,0.9019997260610113,-1.0823847583073778,-1.1494073254141655,0.16850478010467507,0.32787283056727734,0.5897822277895695,-0.5473338949872149,0
-4.164550624915876,0.8196024776862147,-5.76211443615136,0.03203602215914203,-4.265740232984832,2.545643107082501,0.44467218618808335,0.8761523234371602,-4.783816367207402,-1.12664449079257,0
-0.5865010611150874,-2.859883218227285,0.8792497674940649,0.9333564427897401,-2.8132270614760846,3.3050994953611497,4.00188628266645,0.8196798950773747,-2.7649829131027523,-1.9634578007887662,0
2.304011040030708,-4.071040089721494,-2.7660884207948624,4.747649914328707,1.8689588150203167,1.6857731968623355,-0.6627744215570737,-2.8297639380415163,0.08507942583532513,3.2654193991374303,1
1.4369248609021157,-1.4871379721629494,-1.6826090548151154,1.0096120495540175,-2.1225486763313346,0.8283217871841781,4.7973685196102975,-0.709759282106663,-5.638838503474398,-0.557606074991766,0
2.0524900391361025,-2.6860836564221904,-3.780027229646654,4.557498612829621,0.9678616685225123,0.7344356245966703,-1.6203299072648953,-1.5434167629569933,1.603234252073554,0.5113531446621717,1
-0.4898307733128955,0.2554646772046856,-0.3927689985639702,-0.10772956492702468,-2.978329770226197,5.84223954493961,7.484235381630641,5.015765285284685,-1.2510892617124747,0.46409327056885097,0
2.8010976368161717,-4.49550179177133,-5.033960647020075,4.782687550251694,4.16028841865462,2.1563224888916372,0.12764529718243756,-6.62645293213401,1.1275150780941248,4.441444144547324,1
-0.8755250170949003,-0.32630704508944364,-4.843167794332712,5.050010960017336,0.019559292545127782,3.4753152832679315,0.7034228140787768,1.9051618004695032,-0.17555843893738232,0.11643896651977892,0
-1.0040875238575473,-1.8263848214295275,-4.6624080806472445,3.5459003772423445,1.0299506991558944,0.3609069770570412,0.0930962669262152,3.3890740258745113,0.21343124224540855,-0.04756783607935611,0
1.6793882851748734,0.044558382181105305,-4.293778429806414,0.4517372514023239,-4.13599674556724,2.596547301044284,3.62790847944843,2.448733833929592,-4.527161361595478,0.14548022826283047,0
0.7026940130639434,-1.6437151185884549,-3.3728191204356515,-1.1880161042087218,-5.028731303434893,2.50705065615624,2.331219738383253,2.0228080841528953,-4.791590380297462,1.5501165739588871,0
-0.2012529623994901,-3.044573986837499,-2.1760433595735993,1.9467101695045645,1.7259896411999323,2.835313174153001,-2.940753699859276,0.10073579996464099,1.573372450755552,1.713847083348143,1
2.2385715204478958,-3.594590023115169,-3.7019650824240107,2.883936250230188,2.6154552613131394,3.393292280266844,-0.6566349033891987,-2.0218986510242254,0.8286642246645859,1.1290541452213434,1
-3.71195082582891,-1.7741850440182314,-3.1855821061204193,3.389175205618937,0.8052264972758874,1.2443397470327202,-0.4666226052896434,2.4297346955571895,0.6159689780064732,-2.005282164866105,0
0.5657445877075404,-4.510305418274374,-3.8150008677790685,5.034247028840241,4.5281646879180215,1.6970015951173327,-2.864815533072134,-4.122073816744994,2.542305954074431,3.151549968055729,1
-4.9645744653445565,-0.7435038389552282,-3.479056883784428,1.3555224288690844,-3.1133045067343144,2.8949382100575614,1.0977411848610987,1.0005106888473603,-2.72844048767399,-2.268693484621108,0
-2.1979801198750364,-2.4207683907871296,-1.8989895660895144,0.02347746793546701,-2.2516909667332943,2.2652047813425065,3.2138478550018172,-0.3745023509339527,-4.376886295788661,-0.49688125373766434,0
-0.12005283335980144,-3.280923673790528,-1.0171548379068835,0.5088480771596242,-4.025165228126978,2.744437900249536,2.7521449129595887,1.412429077313485,-5.109883888671102,-1.105302472912687,0
-4.08623638798936,-3.076775855014124,-2.0494192413574708,2.2476674849271836,-1.856963344105775,2.851691958115893,2.5526512254533342,1.2663644535451382,-2.273535207671076,-3.3058895153892225,0
1.4972013397258372,-5.2301411132332625,-3.14336279797182,6.716419921098689,3.174253625402154,-1.5055534792168523,-2.1095525327079727,-3.6074048542639288,2.216771486793858,0.4886274881063377,1
-0.19010816873624936,-5.614845073119222,-2.441841691742973,6.3190158193471495,4.570495234402471,2.3099729179088007,-2.6049712160053464,-2.9556168103348797,1.4550396360037574,2.058018400300435,1
0.4161901392255112,-3.331344245975182,-0.8961897536625256,4.782326778485976,3.6019741513182417,1.7826883796488453,-2.429713427859963,-5.283512595719699,0.68282856333159,3.219705279217601,1
2.5326789999450985,-2.1736276981353537,-5.060024582725276,1.9025123210701722,-0.7465618843843518,0.4944076108958644,0.0016164559469808992,-1.1982568557462692,0.8658959126915651,1.6005275241258357,1
-3.1285044903277806,-0.8707556266268051,-1.528304317778808,1.4633525764614774,-2.6013125669482435,-0.2516439333853935,0.737271074853332,0.6548689353388617,-1.9082008099775534,-3.7319618705985538,0
-5.456088181905773,-0.7307843920184178,-1.2999994273355098,0.7876078098260406,-3.191010983762909,1.155664856870616,1.966941347685625,3.8090084635442527,-0.5243234488509676,-3.324426408725733,0
-1.9519129844901921,-3.3341786898448085,-2.799397626358137,4.182352130846926,0.6732739878034883,1.6747853149057879,3.2251666162579475,1.6004447751820243,-2.1220882479941614,-2.2780516699412834,0
-2.4029631444820807,-0.5469844867342306,-2.083619303569793,0.7737791020635478,-2.858256331071107,5.25050306437195,3.127948277157258,0.7454726987885087,-2.348741504127966,1.2648754293435736,0
-1.8433739581984057,-0.7611453791579441,-2.4975434055128645,3.2041330354129665,-0.2187968979566557,2.142564318305826,2.8977283936177134,3.0256900605770136,0.10706094040232772,-1.0799302112066738,0
-1.4437372336891496,-0.11588637034629712,-2.2746921569116307,-0.08751889460212858,-2.8739577109193872,0.952492094663864,-0.42589339068097454,-2.394643460689549,-2.980358993832537,-0.7930901791821496,0
3.9246943412874895,-1.67242448395378,-3.4435611613313073,0.22269827101101858,1.0128621988184245,2.8551333023087517,-0.13976341506059042,-1.1603095490878854,2.8442298150820404,1.527149546739493,1
3.6769232233042386,-3.4862310660643328,-1.2811485429864482,2.7867907761557955,3.8162098050263307,3.82654213334137,1.5851699069657323,-3.846043706091604,-0.3680259266435484,4.250361206976445,1
1.1724737642647618,-3.4689560703216102,-2.195297347305321,3.5564514795239788,1.8278363202384444,-0.46866412140448155,-1.9313938073932655,-2.4285829457615877,1.4943604938374833,1.5541327838738754,1
-1.5660109679347676,-0.8988170017742401,-3.939982632589395,2.5628000808037457,-1.9402254403359198,0.4423892729290737,0.25464473893344497,2.4210227508411624,-1.2348860875850054,-1.9555992069474724,0
-1.7880011443102852,-2.347795510216626,-3.967844913758845,1.9041954188186967,-1.2849427013589272,4.08161833277344,1.1659764686936152,3.625402261887653,-0.7969269040658227,0.4134465729825525,0
-1.1367629715708265,-0.7315623905652766,-1.1127097041672043,-0.8605985993436582,0.771084221177931,0.4272082969338291,-5.3590451876429475,-2.6802352261697098,4.702207216636629,2.1036009376298264,1
-4.615194800994747,-3.430233073610485,-0.9225345328807371,2.890307159642356,-2.587169672212653,3.559596769696853,1.442817396256825,0.4861568967249572,-2.155191121885357,-4.907278533217706,0
3.247013879794383,-1.6111893396180361,-1.828296728611048,1.7142888620305243,1.5418646524609314,2.138928230147284,-1.505294905128714,-1.9956524347805937,0.9809632996547608,1.2618096384864406,1
1.839593981564408,-1.0727233728746812,-3.508788715123847,0.8518665301912076,-0.17670313942190052,-0.5331335218564726,-0.43927714163080167,-2.2922965830773836,2.7299254204083083,1.6906859931754938,1
0.3714933022746083,0.38023786377315894,-0.7599922453888315,1.4910260331077438,1.5800845867853592,0.5118048916891522,-1.9126514704494317,-1.0213882471959232,0.019764740236152933,0.43405172699332173,1
-2.859039120899266,2.5000238216335378,-3.4366690347164983,3.602219712760593,-1.5366328494588615,2.0947960470532143,-0.253950857025381,4.734850526141775,2.4007333249697593,-1.4528161212887003,0
5.164225525450426,-2.963397711691434,0.186524321755956,3.652838977998879,1.583924819394738,2.399790929657052,0.20322176338145637,-1.2020007080749435,-0.7120447261646561,1.120808927207547,1
2.593312691638805,-1.7429177796748896,-3.177242460965143,1.1218360258757571,2.062932490203161,2.675963222976175,-3.206101423142744,-4.605394726410387,3.448588866326935,6.790031384846627,1
0.5260195934326553,-0.1220986425213979,-1.7206810132117896,0.4441438331485912,-3.265262452158249,4.384890115960822,5.416147546748766,4.265135366578821,-1.85860965720317,-0.49588257539726377,0
1.2491266160293475,-5.563959377562179,0.2119602220545409,-0.29067582144236637,-5.317809325055262,2.539759413619428,4.433975745641224,1.7962722396822735,-5.256340781609397,-2.784674287470845,0
1.8152701326048906,0.2439900148927432,-2.114268883641236,-0.6041023800266858,-3.2071961174076167,0.31765206177572214,3.49980866135973,2.2921000461342516,-2.752651475790594,-0.18078211020062573,0
1.3505243239307865,-2.4860734011288876,-2.299664702559664,3.289677008885228,2.119428799812898,3.7401336780151935,-1.275374574704966,-2.314804310820204,-0.22420826142098127,0.8562447323360429,1
-6.213373040344824,-5.62063577345864,-3.537279352783324,3.6070738792042842,-2.5000518024569427,3.962097715170575,3.736430192239647,4.280839644516118,-4.240175084014123,-5.992834680249585,0
0.9992424803428201,-0.5658410579493833,-2.297305768764166,2.4404564354093585,1.8964834912928976,-1.3043719204444955,-1.9011078653730875,-3.541821562944198,2.884302203241943,2.944556504188581,1
-3.660506254470639,-0.699652719145226,-1.0760800769738297,1.9447688826114427,-2.717357124585925,2.1310953313962857,2.018350092322534,2.0141940049957348,-0.9711253323274001,-3.6252004896396626,0
-1.8551299237012997,0.342064909072477,-3.391122008882047,3.6757222171251156,3.036358227187086,-1.1651707752435598,-4.244429036653678,-2.9933689562044328,2.5594786908508222,-0.7719477732721747,1
2.4512155045042148,-1.7206724179856527,-2.5776087463249278,2.3810264547721953,3.1444756951113644,4.860771248826039,-1.6622353842566575,-1.0313172051915427,0.2514913033685213,0.2581690880765084,1
2.9664732737390436,-1.4053401949668212,-2.1695740710452465,0.44786422184113506,1.6441172124011971,2.3504141469119495,-3.252382884805994,0.3817280878300391,4.657200764018384,-0.8073698973173133,1
-0.5072530710139371,-3.7622435170775406,-1.8448306296881243,2.3577831473098207,-1.1461232218083168,3.0649715903550296,3.469515702311699,3.105351293086369,-2.0830888070739437,-2.80743992018329,0
0.5215698127050428,2.0718399696186838,-0.8511636527040349,-2.2147610818423216,1.027765877463394,1.8178445240353291,-5.798099714923907,0.47665030445580703,4.936688318576897,-1.6456547654409621,1
1.9826928833183897,-3.0148611491886195,-2.3262094792161268,1.6269610533084256,2.954761382068926,3.715421199996848,-3.6070880970979458,-3.2606824813149022,3.0838260023571378,2.336535759375868,1
-0.2928884213082956,-2.6979907264869145,-1.7050727263722658,2.112331027257906,-2.104530013959715,2.3869035832559544,3.6384120416734356,7.091787631540319,-0.16985449441569123,-2.3011701543836702,0
-2.7148104643501965,1.851158236877236,-2.999387798404477,5.691490376451776,-0.606039170449373,3.7131400841358446,1.9768839814403376,1.6849055807433828,0.4479881556323444,-2.272303291065247,0
-0.10760983971131077,-4.789452229386136,-1.1415740738979747,4.354911155157513,-1.2679197508945896,4.143419411395042,3.767047126966177,6.988794318864574,0.3587024342414491,-2.576704204982443,0
1.1148978272581191,-4.291609014962589,-2.4969484326202593,4.6552136589250726,3.969104768470041,0.3469641401354888,-2.3117006160823403,-2.4001286577670458,3.246253728680395,-0.406347613245333,1
-6.005548397942752,-1.9781686160665268,-4.497303461071497,0.10289239180664267,-4.8244197870804495,6.38398038855445,3.4139128816533235,5.037363700397291,-3.489552383106542,-1.084349671426271,0
-1.7221272742826912,-2.6733247886560516,-2.4212675415850224,5.557468233977824,-1.5229527601527142,5.792652152319766,2.070942777771783,5.0665535010731215,0.39364916830810737,-3.466276781743418,0
-3.4918669173401793,-0.9904276903999982,-3.4396787703229608,0.1022902240040875,-3.035902863045047,0.4388953274714693,-1.9265632336486158,2.3024410189169546,-1.6018952971730613,-1.2892264628556187,0
1.6400771207555713,-0.9182338183030165,-3.0900231015496757,0.69610284526161,-0.5408439896953259,1.5705047968035921,-1.5771534435961976,0.5564566738733157,1.595463985150709,0.4157006352147856,1
1.156569275783868,-0.2812209414278215,-2.9378238163465245,1.0352360048453955,-0.9556432550482765,-1.7989374876229034,-0.03656099622809417,-0.33391537072141575,0.6686893707566908,0.8696291521609103,1
3.5871836082946325,-1.4704202320057476,-2.5454581124890066,2.5986586067082493,1.4734462706223894,1.8084257512199682,-0.5999362330526148,-1.5458012360473858,0.3386792959148395,2.951900364192137,1
1.2085416697973073,-0.38648149647597796,-0.9510944584515284,0.0035943070434028,0.1333874814938254,0.706592970411932,-3.3841105438821346,0.8628408437207828,3.6666779782035164,0.7710032579967772,1
1.1380288420531546,-2.2175282150790347,-1.7566317409323304,3.4044833245619657,2.443398323218279,1.1986486323952805,-0.8681369183780023,-1.8373782119441964,0.8938452728284063,1.8985199105166357,1
-3.5252072682754605,-0.1520847406933974,-0.31188017149033564,2.2533313351008553,-1.2424235779024853,1.4108285546488877,-0.28347210671791423,2.308286200339382,1.379750734329655,-2.342220775704194,0
1.2151633932234667,-1.1429927681970171,-4.506103854698911,2.437003888999538,-1.1616614147972744,2.9717621069162408,3.155415628352869,1.3247209741544193,-3.14155613098821,2.260553825218599,0
-1.9751463772252873,-1.563261697447258,-2.330737964282209,-0.13025715804389737,-1.9734520252329917,1.605977949486604,2.5410980532388723,2.734728019220057,-1.916679435522407,-1.4120464025760517,0
2.8127397233749694,-2.164038586303365,-0.9121654358760869,0.01216579324879219,3.2191482740304913,3.813937070371667,-2.3868293624118673,0.05418410007738528,3.480399066889068,0.4999842864410329,1
1.6799783888107753,-4.505561332534441,-0.4335340677564583,0.25126834730861103,-2.539862873231672,3.7038794376415476,5.48975760469358,4.027552428828711,-3.754492347131031,0.6522750962241224,0
0.21974615278925325,-2.6611268664127885,-2.8102637290827723,3.2160833815550065,3.1359272216006144,2.1448095528917475,-0.05870430523089465,-4.579242569267253,-0.6133480939549831,3.7245041554912146,1
-2.659024848610899,-2.8801886711866924,-0.48278838705413096,1.5198460415418706,-4.763030196161691,4.644978642225525,2.607837968170759,4.495804020249766,-1.2329458322680096,-3.410258898028002,0
4.150053397251343,-1.273701226576471,-3.3351232628194447,0.8594814105543866,1.2165975029416431,2.619814353939515,-0.6543012044612719,0.513086426278849,2.8917321950053005,-0.6389977791050527,1
-2.94833634548026,-5.497762392691151,-1.8272051681501063,3.684034325988514,-1.47739659861771,3.647950307369653,3.3454804135373655,1.4602659108170715,-3.7015870223995067,-4.0523072178806245,0
-3.471252117732117,-2.2264144218874375,-2.558739365600033,2.2933012905355286,-2.1855865778120163,2.462705744612626,5.640628710468596,3.002528175206253,-3.6663763701102337,-3.432358414366207,0
4.916203515120472,-2.241253185543554,-3.699678098611926,-0.3734954188720705,1.7576434122207467,1.038179334618857,-0.8994150991193286,-3.203829607118762,4.584259403498249,2.907825468390236,1
-1.8077337982137394,-2.795750217178353,-0.9447586290792871,1.3333693480455875,-3.082036733357595,2.0999751560792075,3.8769308031341505,3.3734559929087764,-2.8267502836991607,-2.868422577368904,0
2.3909695555154986,-4.041576324603341,-0.12682445677606968,1.567627288263599,-1.4646351487690445,2.4027346326394072,3.272694394240439,0.8235685687551795,-2.790409153831572,-2.1212235748486106,0
2.0607559104960416,-2.6655526258160136,-0.17721104920900776,2.8917125628597384,2.1192033879173207,1.9013345517130513,-1.3967518289925658,-0.31311714561746595,0.22006300580148785,2.475730625015592,1
-3.5338584706550153,-2.44805456160102,-2.2953709642795714,4.667637420800201,-0.22366748276216275,4.037826130983646,1.2122078276085473,1.5594266533815433,-1.6005516811692404,-1.3710877099812322,0
-4.65953885052229,-1.9602790108373351,-2.12042999155918,1.682020216066303,-1.9020247264335814,0.7904108284963269,0.7072722616542515,0.3523690335801639,-2.4106144674906456,-2.4456296123064387,0
-2.2769458556615296,-2.4328476147608598,0.319082539492189,3.2526973387721454,-1.5553448119448086,1.0893962837409799,3.1104408859173795,-0.4011925627695745,-2.470021186249383,-2.901559006237398,0
6.504854696250885,-6.089865491353288,-6.594730651711666,3.7341730259936465,1.2233048573794678,0.3609060644084019,2.392233621081213,-3.9665147599888533,3.2795204894782333,4.051353190153616,1
3.067965933307452,-3.884055127423742,-3.0387594816900014,0.9929964919923553,2.049963592031599,1.835565656879682,-1.6575334523934648,-0.7649167631594675,5.023912731067751,3.4729540767881604,1
1.5918861034901362,-1.756699134276246,-7.349880237078023,-1.2214254062094998,0.8543037061527983,2.8841562842207393,-2.4521521976033434,-3.3926577659737935,4.571740777869441,5.286787678578206,1
1.488114182000285,-0.6572952155951781,-3.1566494026478575,0.9039201544709863,2.0306502343267443,2.619366823779036,-3.4296503015150206,-1.1283765373431962,4.987792719727958,0.3017659048477521,1
3.750006291609261,-1.9433836679052165,-1.852658597045727,1.3631646347067137,1.7409106440511486,0.005411950944860466,-2.2512428412107113,-3.700931496029521,3.5232915698125282,1.5497403515991943,1
0.9234170500561332,-1.2772530454329627,-2.2591940903636383,0.676106860646829,-0.40663742038029826,-2.492050884384658,0.9844626334528375,-0.6607149333282889,-3.3261325881353354,-0.9023897043116937,0
-1.8016180132484632,-3.581162274946932,0.7627922532160865,2.4360941355451975,-1.5784364290353168,1.6090322566939705,1.4671527628500518,-0.5239807319025398,-1.7249419031760826,-3.12824463207111,0
0.8978306824727427,-1.7762343869902715,-3.3193021456106946,2.8753714538326274,2.4751117868088404,0.7846102511933744,-1.6079852005496469,-4.104567912668212,1.1005182244709086,4.122982053465648,1
0.1284442754733306,0.4325614752984679,-0.8132308389637952,-1.7578554563055224,4.655868477350644,2.1149574087058056,-5.598625862685045,-3.236238139612727,6.66869938192772,3.1075931233999157,1
-5.752995604451055,-4.20314162256742,-1.639837659555767,1.981245301398764,-3.4189839111722566,0.3444995067054686,0.7609447219748746,1.2728694770204436,-3.6192073038219394,-6.707673172353934,0
-1.6700030450831858,-1.5050195602779626,-4.054262967194029,4.069022222081543,-0.6936800833489911,3.2009598637618053,1.282044160958141,3.76494163075553,1.1129869287239114,-1.6478756394104381,0
2.0607383687413607,-0.019283334420065135,-1.1268221227048958,-0.588118365355077,-2.342101578394292,0.8500129730931403,4.6522840928046545,-0.8802243669216772,-4.319611443290231,1.87494126374544,0
-0.4607101559816562,-1.5187624442265573,-2.623872526664446,2.136767916080687,2.2372803924105438,0.5972604901877914,-2.635530595371403,-1.9371978459206376,1.9764855523426796,0.6567511770257279,1
-1.1281390619925515,-2.0843161413581552,-0.5173785103486037,1.2946189878389252,-1.235347888966425,2.8651026173396508,2.0449724337211213,2.484818506591334,-0.8525740909429695,-1.3773628018064943,0
2.561309565758714,-1.3993450091085033,-2.7496032344071235,-1.6955317266733783,3.1799860155336432,4.580100853131225,-2.4284668595270396,-2.8893631567601066,5.0086963428851945,4.595478502528346,1
-2.924310099338852,-2.909842326730588,-2.4482421831847816,2.1458583154925694,-3.4789696068971017,3.330547088507516,1.4842879884839018,2.7019511111622587,-1.6033456934152472,-3.5990596340607848,0
-3.863372299789364,-3.501149631697942,-4.4221719389765015,3.826871844426256,-2.7376587768206475,3.5233547198542317,2.5893759309132562,5.715315202519598,-1.59992883140334,-4.693933744803906,0
2.0970906876165687,-1.395437017611621,-1.031853744792298,1.7953578250683577,2.971367110559735,2.631510958018139,-3.5521173925671086,-3.5476554821671016,3.1848677204675027,3.208709081507983,1
1.0563522713014182,-3.7868632532791433,-3.6297845889997205,7.240343574983089,2.1497973336951355,-3.129030789037836,-0.45120079463049545,-3.6527168737681075,0.13079665012706587,2.5385284994787627,1
-5.049472731047822,-2.543541439210202,-2.121246962297635,2.936600192350881,-2.297015242856436,3.4947940775169526,3.5540255554222604,5.2921515347055035,-0.784427405887222,-4.720607788272435,0
0.9450701549767082,-1.3973459449252363,-4.354228971708152,3.36538513220354,1.2615564690560621,0.6178733182659752,-0.9754372595710441,-2.5773768706885942,0.2402178596491369,0.5809662157934623,1
-2.6654508701706257,-4.002274509951171,0.7070671724125606,1.7249743981786554,-4.549260242050871,4.520501158045058,4.133104073678799,1.5134419952127935,-3.049507193564115,-3.500813742612194,0
-6.194872544365132,-2.536793631334496,-0.39124592391363655,3.3945103673111063,-1.2414599997670166,1.5217278298187438,0.6920767211792207,3.8905808251479574,0.48149485967440553,-5.0347048185595344,0
-0.26770285375225633,-0.2730114271926254,1.852727992816193,3.5743524054714735,3.210454963498214,-1.0032514719780776,-4.392221147095447,-2.891468701329343,0.9371247592718939,3.3781093672688893,1
-1.928704749297679,-1.8243866052766093,1.170446757278576,-0.46914972846227165,-3.2060828738707206,1.3329405150885223,1.9825184044385622,-1.6298403302373425,-3.8301570941551653,-2.1116179328717783,0
0.5922050264451562,-1.674705054086951,-1.8817635738669138,0.7929930526203681,-2.122970048704315,1.6827006614268467,3.905006050760046,1.9364420506656432,-3.04148407038807,-0.8864446014256084,0
3.9151672454835844,-0.19612880833170965,-2.889468076350247,-1.3441446219505133,0.6877371414865117,3.209634622982491,-0.6535697458578409,-3.6901797593048284,2.1370823972003934,2.9861169988248926,1
0.18795240958542125,-1.9131496944111794,-1.0484914316485117,3.7912022120286544,-0.44092085680453175,5.063615017904263,3.731512716755698,2.184417448751691,-0.47334974734722945,-0.23397622623895353,0
4.518203103634939,-2.239612085250392,-3.1148565889595172,1.8535834930764798,3.19977959422023,-0.2414784849554552,-0.10442402346586066,-4.475809173405082,4.654052436855801,2.525751393895917,1
4.265883885065303,-2.6355592324142867,-4.886725031951472,0.38544031131308154,2.499283943777646,1.8244244423834264,-0.9572018905564652,-3.8646242162950717,5.148974478760165,3.584362516097657,1
-3.9313569284279293,-3.1614824829242916,-2.4040396560235933,2.7288863008883686,-4.341752663665914,2.117308982545581,2.5243245111054415,0.9844950745756011,-5.451132572820165,-4.4914107203162565,0
4.262626384234986,-2.272083450669064,-6.409384099478147,0.7754219299188683,-2.1918421049802994,1.0106006807240309,2.581528463805176,2.4370939190762426,0.2934125898242246,-0.5548701585037574,1
-0.9471415427487753,-0.5260094628069394,-0.9646831429022853,1.0496873114746785,-3.498304418744332,2.1969465312865464,1.7932749441356235,3.6036381115818417,-1.200462594964101,-2.1107376228514783,0
-2.3051420310655972,-1.446018889557027,-1.5621399605214241,1.5907680818056091,1.2307149227124399,0.752287496640293,-4.76402253686712,-0.15535922750283704,2.081123793795043,0.005478212709525199,1
0.5913922002734602,-1.9979633522020463,-3.0758103482448576,4.626679792786617,0.8719478193021031,1.7782485514750244,-1.263820191859545,0.09588386378018532,-2.067784265065904,1.4691958050887242,1
0.8879457381678884,-2.7358839072102077,-4.225478339742844,4.7353935589996095,0.9265401474049637,-1.6065416472384095,-0.8393027774013484,-3.365567170670335,-0.48490255241530544,3.0241440161714896,1
0.07580366753808021,-1.3283898382621233,-3.604698144545018,2.022538817192923,1.7614063890896585,-1.7085856370383383,-4.777700288482276,-2.991882358337906,5.489322871419964,0.5077506191491448,1
3.3752161044594455,-2.1009572995867383,-3.334475387464373,2.132663964934311,3.8889567336409607,2.6003045226203714,-0.5792406071611431,-3.618765412831066,2.887117170982001,3.3442846098674384,1
-4.633024773703328,-2.103318106835501,-0.5312226626147503,-1.3750696101335742,-4.376657701335885,-0.9351445242038001,1.6713123857128722,-2.275167654399276,-6.072205855107362,-4.73684737059161,0
2.68364503238639,-3.6781789503099285,-2.1477777003001535,3.121059922949814,1.7912561913512663,0.2993045882943952,-1.352341293827366,-3.4581366446354136,2.3812174773553387,3.4694502593708423,1
-2.369131943139749,-0.7185957499006761,-4.1423433816860165,-1.5130253308722166,-2.5573840125967884,-1.2482880155754277,-1.419005937204803,-4.0680315401296125,-5.978049555099119,1.542180946782822,0
0.26512183579468207,-1.9156826362970933,-5.07147070278306,2.5761728973951152,-1.723173732715109,3.2415938461547924,4.520448503876094,4.870520481344004,-2.9691603269284905,0.8910737837227023,0
-0.3703658384428259,-2.058769554792587,-0.3104494874861514,4.3922709491893155,3.809389824357803,2.168467959499507,-4.842727258470167,-2.3874751142545954,2.35427784939575,-0.5431559952626537,1
3.473670999190025,-2.526599476249115,-4.204180116763198,-1.9879409468701135,0.4069213714927449,2.3206101461697384,-1.111971455076172,-1.3993107469754977,4.6271065066834165,2.713320719037409,1
-7.64549926806166,2.252473954321122,-3.288144748360288,3.378949057601404,-3.124932617911754,0.2394772672948482,-0.8104153609003983,-0.0610566799489618,-1.1237957524035718,-6.335015240949852,0
-1.3455854310860944,-4.59938219369071,-0.6433931976932372,0.7357559969878651,-3.0892136505709953,3.2930605091783516,3.701150702292183,1.6029003172811334,-3.6244644656734732,-2.3170810028419555,0
-3.09389578549501,-0.5878057016326135,-3.398096640533908,1.7039842840173032,-1.680129792067461,3.590378904187827,0.14266094305555166,3.7514724692522745,0.18751689669393823,0.601624184267969,0
0.40403219638153276,-1.2030401062117728,0.5685584348446406,3.7571387453456837,3.027854484398027,2.88065587267697,-1.8858776104870407,-2.503277237371337,-1.018528535551126,1.495327142473136,1
0.518271136834846,0.22332782742663193,-1.767018498189129,1.4693143865678515,0.9434818534248814,1.4086604288334443,-4.0900908335834885,-2.018701432765779,1.4684536012091471,-0.19052097843661464,1
-0.17196462723076777,-2.67014459838858,-3.5005369717467723,6.450086285588467,1.4897280660736136,-1.5775616199630331,-1.0598942648811573,-0.47799140908127336,0.29096102097157406,-3.9078788343414317,1
-1.3403007426887719,-1.200156691055879,-0.7853369775659289,0.30065738684359267,-1.352704821144807,1.4910989502674123,2.9134534124584115,0.9073448547415897,-1.5285829094171288,-0.8533900819043432,0
1.4554539179837227,-1.0175305117779296,-2.64661610079093,1.2183257420536553,1.3880636394303147,1.6381028729933529,-0.5488279327846919,-2.791803141783211,1.3843066975723088,2.3084596534847517,1
2.3784816537057685,-4.129361095854477,-1.6977126343205375,7.462435283575494,3.020148282264865,-0.029174796392710256,1.1885331854970635,-3.797558741894676,-3.559543184373526,2.0374132492494126,1
3.1621112769500828,-3.9623473957918995,-3.821030630371543,2.1076913038133944,3.0376498004179835,5.8366886577742285,-0.032270460351289554,-2.4329923761701013,1.1798832875709808,2.790266563063297,1
-1.9271471147582642,0.9757463211116311,-4.403071205125514,4.449810695740577,-1.6465341301434966,3.4553183227554527,2.6628648546521476,6.838260637208293,1.8802986494270697,-2.0254605899206624,0
4.077397007674819,-2.661270165507246,-4.602614548034896,-1.0620882375848613,-0.11080578442051525,1.5016222282680987,-0.41697581544345463,-1.9167924655384485,4.120492395900619,5.49595556899143,1
1.0485357568057068,-1.5977815399446151,-0.7874506868490976,2.039948761395829,3.000995140881014,0.4494419502322784,-1.7113182414938126,-3.073574400771456,2.447031862081646,2.646505134903736,1
3.087645874432452,-2.5525650183879702,2.0892890707475607,0.7063445692246779,2.7437086462199165,3.994322772014951,-3.485812999562741,0.9323667828381303,3.633716904552122,-0.08005387581803802,1
3.0801956425405086,-1.0868180744600235,-3.7426124357299013,-1.444171648302166,0.08339430264260206,4.561446545616288,-1.2042133406514357,-2.005987331282569,1.51358335407222,4.806438914995955,0
4.032982904760672,-2.4765777385060135,-2.0722115099529574,3.2322779188999045,3.5817469904836265,2.3610004841894563,-0.13127223988517756,-2.8473522389239934,1.9842988187214403,3.0012588831478797,1
2.723162036932268,-3.817250774571674,-0.9363226068437602,5.661011859836716,2.577630061360994,2.303639177496362,-1.5669164434908522,-0.8713480928129544,-0.7102102243583062,0.9119537897674848,1
-1.5383569800770256,-3.3008701212192246,-0.73385304454721,-0.18458860354695972,-3.282695609812138,0.474670816494309,2.4650150445485752,1.9058995504422076,-2.4523738883850306,-2.3732584300922457,0
0.8640123410911245,-2.1691812752119803,-3.0140003314626855,4.644740843313198,2.9169335350713004,-0.09788739380496869,-2.9479579901906776,-3.3577833287145435,1.4917442102942347,0.2870492436805281,1
-1.8563087798816342,-4.404205438404881,0.014259806293173138,3.878931107719855,-0.16932304752913985,4.010904680360588,2.3520303347050437,5.028624527950575,0.5004469840711718,-0.733045359177914,0
-0.1342859842787565,0.242710627862865,-1.3251510408887435,1.185358137354176,-1.667939644219374,0.8584413905425761,2.4376192486555235,2.4787926675273697,-0.17366139299143613,-1.9477174387114236,0
0.005370792598105911,-2.042154520284909,-1.793585882470909,4.534395558427533,3.698698229272206,0.5929506693535684,-1.4186028062547935,-0.8346251293953246,1.592250804117908,-0.16974686884056966,1
1.6313869022709417,-0.287489647987091,-1.8689651778491085,-1.1233766200669346,1.7682825703500384,5.232740026290784,-3.51462084673125,-1.2019468863082872,2.2905570201997594,2.4094695421790693,1
-4.679708180136728,-1.129094835647721,-2.2554632054377484,3.933487284684107,-0.4373861745123564,0.5486920773094124,-1.046839005177302,-0.5542600169589407,-0.6588658516168471,-2.710744212060811,0
1.5510861412222106,-3.29834624866061,0.6540971284425368,-2.3583076457411005,-0.791303647959307,-3.8067953754166757,0.45791197086731206,-2.3370810029136395,-4.1151731957199145,-0.5849932933073219,0
-0.9442963052313105,-2.155631079768019,-0.9800629017683815,2.588370802057908,2.3465668189589888,0.7686796750925065,-3.4870237780093287,-0.5041995554632388,2.0730184753341097,0.42341082043973777,1
-1.6673242269462418,-1.544605677537926,-2.959816513811763,1.340247501772169,-1.9674388009509176,-1.6208368617477387,-0.702153781895039,-1.239845814888255,-3.3659417495533326,-1.639379275549896,0
0.0624596666781323,0.5560922670205422,-0.06119912904989455,0.876039690800922,3.1618607937433776,5.297454032669214,-6.309111245230799,-1.672766710981093,2.250342667268678,1.3647972406360196,1
3.5685046129109983,0.7277719274366201,-0.37048929447249557,0.6394365548209908,1.5058311231179737,0.8946545024512922,-2.5836279021659383,-1.552009538870068,3.928862367987901,0.916121196216725,1
1.083959975285799,-1.8472124223694981,-1.5767382620821198,1.1588061569090953,-1.9619067453008965,-1.8253690816525006,2.7296193686374535,0.5139159777852673,-3.6839806926307115,-2.193518248085386,0
4.0140803856491525,-1.9670900630267127,-0.7095208163036257,1.9457169644167354,2.4494848608430835,1.934060519860142,-1.5962907839766514,0.19963268677174462,3.9161846689434006,-0.5607732828678524,1
3.071151702660444,-0.9441597881691002,-2.7523409053115984,-0.7435084530516574,1.1916785387865079,4.354112243054107,-2.7271534818822065,-3.0110884674103424,3.2548905968202186,2.6485653089955923,1
-5.403076081909465,0.2984531210223147,-3.155294082644602,0.2737841090164783,-2.1654793313561633,0.8085090965004071,-1.8673288509969126,-2.128070891917057,-2.692417975535377,-1.2922381012028892,0
2.773600195935903,-0.798199260129488,-1.4144713866859897,0.23484542220163585,1.9355960723957628,2.2465226082270773,-2.73220665617306,-2.2349997880132753,2.7837182231767224,3.355043994558841,1
-0.8947477522664897,-2.520989623026228,-4.715373751199673,2.2939750022526035,-0.7781399459192211,-0.6880065911154496,1.7096430708298227,3.334896865548301,-2.647780351874381,-2.162505280027324,0
0.6388753267230003,-0.670022166049169,-2.0615308977142863,0.5125121661714649,0.6892106786212828,2.59715089682047,-3.4430405500136105,-0.42820820609654286,1.7951471410011406,1.4732884380230689,1
-0.009113782520880687,-0.9477462815541133,-1.4075914089278734,-0.7507630598642345,1.9099862635330564,2.9030694659322034,-5.227591713574961,-1.2469514744684425,4.347285935813451,1.6965261643482348,1
-3.6965428075184064,-1.1245213578210713,-3.9897544029857164,1.817845668259676,-0.4362480230349328,1.45335661465085,-0.21542993677170674,0.26844370876266965,-1.9130457989884113,-0.3611024101534934,0
-1.6637331663983868,-1.02440276063472,-2.0594385148723706,-0.8082766394636831,-4.441654452124789,1.5856728842998473,3.2424985501754895,4.277367227144646,-2.72042158758932,-1.718374327416492,0
3.0693140621520083,-1.696966483822487,-0.05773445536382882,1.3622587985574994,4.326617077108017,1.160146362051757,-2.8560092928690763,-4.145204937127257,5.06985153563816,2.997599978914274,1
0.6582785623740053,-2.1891618418057996,-0.9807794936008838,2.3370412102921407,-2.8002672770964447,3.758947044552184,2.2156781036807187,4.4938847117212735,-0.20981523093972343,-1.1760728064889037,0
0.7942155213916338,-5.137702754835097,-1.483603674243332,3.805763694737645,-1.916466601961502,3.985135194719123,5.131597568841786,4.397899580650764,-2.6557423187690405,-1.7661602148609643,0
-1.782893901296446,-0.21936947386772232,-3.292084733053218,1.6701443097755804,-1.054152978317145,-0.007170886852859493,-0.26436287113169143,0.19882938257149463,-1.6992061197414545,-2.9170850943826476,0
2.7003810441698954,-2.0417247083624384,-0.8879786895788664,5.455530462934673,2.7974302605261334,2.0205250898343756,-0.5190281467216098,-0.2517971916147075,-1.596520082607582,-1.5477759896326369,1
-3.7431265520141777,-1.7563022922641058,-0.27733286749266406,3.1501477189982907,-0.6817854951813156,-0.40204050644093314,-0.6260243038579811,-4.269418845572129,-3.3873683120779967,-3.3641661782605388,0
2.2392925933622974,-2.1665552968945527,-2.366780689978269,2.601978031123525,3.6004820989338384,0.5730452331863307,-2.406514945082825,-5.132374744713585,2.9297173191793764,4.004888451978314,1
0.6143274887331958,-0.4527955297132289,-1.6994296735168182,1.65194526836149,2.2397509055827136,0.70246135347264,-2.812708614229513,-2.165114842076554,2.2280287613706284,2.1102337030435505,1
2.413461288244199,-6.3979188611483835,-3.0033700164022994,8.755428220902068,5.535003381767983,0.34856768535017824,-0.06589102046317863,-4.419083890608377,1.07257682132822,1.2633281408321264,1
2.6259297387688774,-5.0630725528452185,-5.4388558160233185,4.516930095721014,3.442104885270904,2.1831342437815664,0.3739228023118102,-5.349346183193376,2.525734016824551,3.800122991210717,1
1.3369028225848973,-0.8242014810031739,0.5705118509066258,2.5484400070349413,2.0237430680890807,2.1392301003278633,-2.306901547571423,-0.6462353062974926,0.8934908200619602,-0.0012228350512319963,1
-0.9554403203987234,0.2866620189983,-0.4257604908361159,1.41573886374786,3.1854616241869413,4.128046998194945,-4.542270167200473,-2.1147401432913906,0.51451417134813,1.9502625008754062,1
-1.3077768551862619,-3.984601447145205,-1.6677860130758693,1.2554553308795726,-3.115531179206701,2.4600915347104304,1.7558009017942644,0.7857447011550913,-3.6790774639691772,-2.1722927541409742,0
4.650153314512229,-3.6695635498867007,-4.331042082753514,3.6547367234904353,2.2205215133515326,2.3474545243434424,0.9484137408231508,-2.9563261131404035,2.037055585814405,1.6950493053764562,1
-1.4053338139770335,-1.1968781660076897,-2.31468377532491,-0.46647251887816976,-4.538055779085519,3.276383316982207,3.254546094026324,4.001109591066388,-2.6106076868752384,-1.446130982903925,0
2.6487676362605566,-1.892770568810335,1.544029330277494,2.265084655125684,3.3285995195540514,4.704709079880509,-2.683259419022415,-0.6717526460505472,1.9106237923532756,-0.0021457648562903664,1
-3.131114704492803,-2.7987903874738262,-2.1779909002536226,2.864384672010736,-4.202501090737395,4.673093981826824,2.2238575505737104,4.1541954645710835,-2.1543253539605076,-4.5820889029448875,0
0.5735248515237832,-1.7025860741297048,0.6071089954590927,3.0722750668115997,3.3019306084077664,1.8469406454285717,-3.85720394471552,-3.7292990126802303,2.764571699522546,2.990163812338385,1
3.982005271314006,-3.828967585824875,-4.164725700461352,1.3102734483055538,3.10753782660992,3.956859252431605,-0.2808115844861785,-2.537525857152575,3.0803730817126573,4.244805633693032,1
3.902552434783558,-2.4661033106805883,2.0514552847858134,4.764898761673612,1.3804733206732687,0.42518152415757227,-1.7470540453369132,0.5234245814637397,0.2867430043346817,-0.7136468056659875,1
1.8098823670283195,-2.456112233142673,-0.8144881277939611,2.599652205784233,2.0032318575134265,4.727816831808878,-1.7084750397153134,-2.083772295720773,0.39737033793094323,2.159254553135414,1
1.772728039418421,-0.4512371990707058,-2.654213586264686,0.2390728443590775,1.994092639965059,2.1790134558812757,-2.1923883742456005,-2.891261734905904,2.3157582759978403,2.9001719947111755,1
2.1382169058754164,-1.729238186477969,-0.35069101606541775,1.5899591262846198,1.257822984872659,1.2231847501178086,-3.872697933104493,-2.654496931210701,2.803150266483669,2.6031405344806493,1
-1.069572772034452,-0.5279389629452134,-6.9296067627716855,2.6292714849774828,0.3908598722613621,1.9054558685428016,-0.638936507875937,3.295518831533858,-0.634028813448605,1.1275019571134113,0
-0.7678066286044305,-2.6167279145989655,-1.1132785368716047,4.841371503889112,2.455875498295772,2.2882838588484504,-3.375612829178219,-0.08769735805437784,-0.9078079030320478,-0.9948241955739809,1
1.2866653542324469,-1.8153398844101585,-3.151708105025114,1.7480190109653977,1.472568297049027,1.2785629788130537,-2.3450874911769706,-2.958252614820677,1.4586562256742965,3.615066591034402,1
0.34656663302052326,-1.8127630248108093,0.8802449854369137,4.639574916452995,0.7415132893564627,-0.7782192145968407,-0.8182511079943153,0.262802094443096,1.8766076784532464,-0.9411802178168753,0
0.5406412221636219,-3.1003139435461424,-2.192186561395271,5.114629038170764,1.9899230669629846,0.10645924720506672,-0.9929831157403712,-1.0146250185099643,0.3479416554825181,-1.3176127621029048,1
1.4360938446826446,-2.354250879105062,-1.7399790973839102,3.72321731400716,1.539836866270886,0.5833262670988788,-2.9148425223820924,0.30854437455360584,3.325370065145611,-0.9062343021126371,1
-1.200295701730505,-1.4803537963932212,-4.116024807867266,-1.2716440030325993,-5.275998697823905,-0.9560808874680071,2.919842047032427,2.826937886752152,-5.230655127435757,-3.6863200715724256,0
2.197818717039177,-1.8929475901370878,-2.405936386917881,1.731247757299085,1.1547641078604824,3.775983669610483,-0.5720388517555881,-0.26441092472755257,-0.4477230956872007,0.2947464596000662,1
1.8713629824502702,-2.7623116280333244,-3.9128576969862205,4.775934403835512,1.2191092833876365,1.3070563391093293,1.6804882239270844,-0.8787888200139353,-1.4701640084704461,-0.3118473493966758,1
0.2949633856048304,1.0027771439225455,-5.520136826804968,-1.4380882820725387,-4.6402696624864745,5.85772881491795,4.278848344344051,1.6766409917011247,-4.968853222402817,3.9673893794256,0
-1.9670724824007482,1.8757260677999361,-6.879825674167493,3.6740034441764795,-0.6922960805422649,3.961675355693245,-1.2100931374284505,2.5816483772300094,-0.030569881523258013,0.3110155219280797,0
-2.9127441791783704,-3.1368488456368144,-2.0192476908123638,0.9255414303236518,-3.015909593118246,4.237953284708908,2.9066698695259605,0.9255823388973392,-3.2824241530582556,-0.6608225159950178,0
-4.330966503425159,-0.6141733322867513,-2.235283040602181,3.3221570688499886,-2.02811817484518,5.757460515512246,4.073577962298497,4.256446643052593,-0.509220938414852,-0.45798277745441474,0
2.7673689464460356,-2.2089181955383808,-2.9412287876880283,2.064749126532175,2.2646349124103864,0.5826837493016515,-1.1977242971838395,-3.2075540985334525,2.148042058162879,3.179512963038099,1
3.718556429460863,-0.039782948552021136,-2.611769732751789,-1.6399864986507038,0.6852860799035851,1.695645498608623,-3.519638562721114,-2.152832080509718,5.682462259359763,2.483926732773718,1
1.6691597480165727,-3.033178920728578,-1.0855729318833551,5.656698116552802,1.0396230658192946,1.8823945688225974,0.059937210449199974,0.8174692962760304,-3.0488396104178364,-2.5042636541702983,1
-9.396070634317002,-0.5278757872488917,-6.317523384672489,4.182548721395359,-1.4485134673599265,3.6010424382052406,-1.5287372254662226,2.04464658739933,-0.7623019601844077,-4.876571105066903,0
-2.610969917418034,1.678708400816273,-5.903269096821683,1.3126969675672227,-2.1749639305778468,3.779970780771303,0.639527557275172,5.219390591812536,0.00014390573185307787,1.8418683790290857,0
0.6854837214227747,-2.374137430264951,-2.331874559479885,2.513123818046396,2.962841655442009,1.4906026395119913,-2.5045993579708057,-3.7828151084425548,2.8096737160002,3.017487057588895,1
-2.4465181091113535,-3.1715840094473684,-2.940199031051168,2.529692254339083,-3.819186416995459,2.4245432782906997,2.7720864927634787,2.2502804341766938,-4.730777345578027,-2.647636248969098,0
-1.0185309965826075,-3.0327415928995287,-1.081588455013084,2.6436200905209204,-1.872442498850072,-0.009813896597188343,-0.137084677032699,1.5678345699206178,-1.2920614592365163,-3.0449356610265843,0
2.734497114494169,-1.4089596168245113,-3.078700679099405,1.8435674713088934,1.7852855059376003,3.3120486644944767,-1.9868120271435423,-0.636567912855688,2.1790849114346442,0.286676652405792,1
-1.8571163326151126,-3.284217769813381,-0.17893830543197753,3.9158482085785944,-1.0855885422796452,3.9289177098008414,4.575456461645693,1.8002245312049865,-1.5677104267715907,-2.1605636480993775,0
-1.883225874786083,-2.1773740990574724,-1.7720330910689772,2.629411681664032,-2.2318549093334656,1.7376217803638454,0.9035969450948635,2.717489624238574,-1.3441844708896689,-2.8442449124312104,0
-5.269048766037919,-1.5580016601687876,-1.2168860839300597,0.6112510340799107,-4.287335163386015,2.2226317793301695,4.66834341371021,3.059825121616993,-2.75212991645718,-5.345010325456849,0
2.2295245549459004,-4.844118437220825,-4.672833500695749,5.647762800976709,3.467474238216806,1.5061339634771247,0.611794682181579,-3.7739312534136635,0.563171468286271,2.3332911178053046,1
3.025504632192056,-0.35789106707010143,-0.25381109222737597,0.43852606068184863,-0.24500349354256823,1.0469434250235965,4.301902228173168,3.683549471031336,0.22838441129361708,1.0814329400165952,0
1.604239467718312,-1.372811554115959,-2.645937018457597,2.9385045678002095,2.3671213728528953,1.7208936621602053,-2.238505409316286,-2.641086046271324,2.932914703293461,1.1392106763654588,1
0.9905812221069801,-1.9279191190063574,-1.7279994705866326,-2.029475865662964,-3.161619912876172,-0.9113590865507426,-0.5140192088782549,-2.676432195282204,-6.032659669415886,0.22399035506254306,0
-0.5031474174380317,-2.338590846516538,0.03851422816816097,2.5007115094487435,-1.0993446990447107,3.860709718857893,1.5792668567137436,1.693755435609098,-0.05506736105242194,0.9685248472490002,0
3.152580634152706,-2.728622399500043,-2.823837490015882,3.2860140565674882,2.279191492663136,0.5943759973515905,-0.6829225609837573,-0.9873427966346386,3.0914926961292695,0.351193400925905,1
-2.9254178313037285,-4.060507573228339,0.3242923831434461,2.9346536133229817,-1.5494691390369915,1.272140729237865,2.657573947053123,2.219897821006414,-1.203871097805774,-3.51209903344939,0
3.6078090109059273,-0.6524768304690989,0.08008484069955069,-1.9163605457157051,2.386412469484913,3.1242103175324725,-4.924058915776989,-4.333054111862398,6.326467467038377,5.707558413140378,1
0.45881042032472186,0.757775573984071,-1.7104971972525576,-0.029400098914974304,0.5202063429331427,-0.11467992168416696,-0.48485422232174047,-4.129347179990212,-1.7214337143438534,1.9798109894335587,0
2.9991333210679554,1.8451266707179372,0.8860328788989773,-2.3523159841371584,-0.03254543925123077,3.3542557085105944,-3.074133100872585,-1.8986940429821395,1.9446984900423536,2.46457826011898,1
-2.383881469535475,-2.8885148225695145,-0.9458596311540712,0.13227147774294568,-2.0767919043838514,3.0097467207353406,4.2592104297811195,3.3712418437972644,-1.9299240968296743,-2.7612258596966894,0
-1.8302252197184894,-3.685252882265729,0.03502313682148106,-0.2807869882128329,-3.9147197999568553,-1.5711726485673285,-1.5617040632162307,-2.4061521355133166,-4.52978462704476,-3.079254951072062,0
-0.6059950528486469,-0.37489648638678075,0.40877991501147815,-0.6943632779074678,2.0030270419327922,3.5056468551398186,-5.768274441263602,-0.3555392487133837,3.8866831190697777,1.48856659851791,1
3.877171596310296,-2.621383896632655,-1.4499699148904157,3.6851831601652347,1.0527201236050616,2.971141196620837,0.19485935743512517,-2.121918887466227,-1.2132943489608201,2.582849174267679,1
3.531382701492996,0.18047204509990422,0.5097724064856877,-1.2267408243345193,1.453630730910022,3.611052151575686,-3.8982213133861396,-3.9256409382960347,3.0980300545140276,4.413781687400929,1
0.8716024576279326,-2.1526174333168866,-1.4542752031366442,2.555608975378816,1.9697223302146083,3.323686178313455,-1.763299147989408,-1.740832076884854,-0.25634834945600105,4.108307641617608,1
0.8166938354864786,-0.5865457672749999,-1.0982094254738493,1.6690184825802952,-0.9653413929039742,-1.7028614143115002,0.7142816202543976,0.6620542229098081,-1.2062068332760383,-0.5809649447065535,0
-2.4468616539142998,-1.839365248399746,-2.8535479206613834,2.9173171370361923,-0.2725027242171967,1.7293665265693945,-2.7774203602258125,1.4394169320489256,-1.1966367906526778,0.32660167911310567,1
1.5610233466665924,-2.868561559037614,-1.3247447351327555,5.9456390321010275,2.9548178574755806,0.631471191319052,-1.6034442574762733,-3.6065188183071224,-1.041651281918596,3.538618212511893,1
3.90413223376808,-2.30279801594447,-1.56410800371796,1.2288999858518903,-0.3434843630637441,0.5446208705906668,-1.8408122323056668,-0.7632736545151384,2.3921045686261815,2.1355674474807405,1
-4.498500514924155,-1.7290836113310317,-2.606587189471906,1.554958161204078,-2.6430175868769346,0.7176270079911953,1.4728237243775038,3.006113100385697,-1.5207708134305364,-3.5684538034275572,0
0.3053754715867272,-0.384181667786486,-4.880398792123879,2.8459482505760882,-0.08834923101699421,1.9409007243228582,0.2951015106815238,3.474201210051832,-0.16509136083554554,1.297722927432372,0
-2.5755560496129064,-2.0497397000969095,-2.939076606829155,1.3079690897289566,-2.177087518717234,3.8806167275137717,5.590140908258649,2.702164090330789,-4.085753706983284,-1.1054339811101737,0
-3.967203561633693,-1.7111385597854216,-0.45729999430238566,5.200631106262307,1.1942427610883621,2.9343163833898886,2.2036418030983906,-0.01118929759022036,0.43135354251290314,-1.6420372399304743,0
1.5759187076666266,-1.8386222311865055,-2.199719422576454,2.933611784258895,2.127925075183639,2.5076354680607387,-3.3628597185820377,-0.6176537414515508,2.5617146994774656,-0.3658991870323214,1
-3.3077521226026896,-5.778344589720183,1.5683164513137293,0.8099148562237832,-5.413714502164964,4.321755751512656,5.224990222611673,1.4629409215939067,-5.959301862364964,-6.024960804187142,0
1.2280842409243913,-0.53513074226752,1.4122450953080259,-1.1724964073623143,1.2231656356052647,2.435043348929174,-4.035512888114532,-2.9040509049515344,3.9157281236492363,3.5043126010761334,1
-1.3252144790821256,-2.5090583172732366,-0.2807250305247573,2.8107762664618754,-3.071093121604219,2.2155178147958763,4.165435060753678,3.231448097495653,-2.699260461690573,-3.215200275686427,0
-1.8340984501575515,-3.352867513780792,-0.1540751617046594,2.814517320957004,0.3588630622568143,1.115175102299324,0.10185514833624865,1.0513253106074636,0.1484975173526042,0.6444053291435923,0
1.2902815629495574,-2.481992705096823,-4.009667742222989,4.064925355029349,1.573307319821552,-1.870436904608788,-2.0187995980826905,-2.623922521041188,2.556828499571238,-0.3283740534362445,1
3.2354729415766323,-1.8061407356146078,0.754343219677224,2.385758725153086,2.4722692442872405,2.9091710562238466,-2.490312478433662,-1.7757375739271755,2.053388747332509,1.4774792652599582,1
-2.884287946371657,-2.121813713688698,0.39212046095572095,1.8801454380528373,-2.156738465022892,0.22022799030294582,-1.0121820216619075,-1.3694747212780283,-1.7892498903427496,-1.9511606875703935,0
2.3490502247738774,-1.5893882181291579,-0.6269266183666424,3.1724781007044696,3.1344921634628093,4.501544721034621,-0.6372725188003876,-3.255765557932473,-1.6902680800010899,2.7630837214665624,1
-4.770872593135641,-1.2029668429749916,-1.9886499100396577,1.6919088904493225,-3.3556920597236997,6.0037744365565775,2.261365322187369,2.486146011725011,-1.7484739776204237,-0.5923991522627592,0
-0.811897528659351,-0.2860344412558704,-1.248253384629865,3.6407013900303946,2.3941743561406956,-1.4510517718783356,-5.448547688308214,-2.8678366258330015,2.9556628773695306,0.003915101265188792,1
-2.280631630631752,-3.3728823990877803,0.3884317035934828,2.017475442803995,-2.8542052012914474,1.6128705731602127,3.286707150487167,1.5746591890618062,-2.7775723291256593,-4.796228883158813,0
1.008478649518591,-0.3485121660392545,-2.80397464137402,1.1234791518364684,0.7411290153655421,2.513501486889572,-3.74480640594183,-1.4595435694693182,2.737402548510012,0.9857402053190014,1
2.869382354608448,-3.803514362738092,-1.8957771766326434,3.4536055286473912,3.16051182406334,2.958672737703858,-2.2846409991695533,-0.5597550163738494,2.5717081056809046,-0.041277399076777854,1
-0.06668069623420925,-0.4910040484327116,-3.8058985437381034,-2.3471521476891217,1.9539837386578764,1.946033034118158,-4.549826307858557,-4.345750121885924,5.180738350664267,4.856910855655196,1
3.9282949671845486,-2.9506074171387535,-3.889914576296715,-0.056183958451783145,-3.8406673059890917,2.7315531134654023,2.7194036368954406,3.320529167992651,-5.066576595507772,0.8563649194031053,0
3.7911037213073246,-0.8557646111717201,-3.2315326031845726,2.879358295883482,0.8554677980616519,0.8476012054701567,1.0218764550320414,3.351796215948803,1.3757644695748672,1.8984724934835149,0
3.075764713259443,-2.8536939140484328,-4.540010896734848,2.663386387485169,0.24722716809030332,-0.7569155402004166,-0.513436928976664,-0.8009121929256828,2.463226142030545,1.0540869443708316,1
-0.9209302162467168,-2.3427380702409506,-4.22176296902537,3.933077681399992,-0.7551090999853753,2.3020952961262324,-1.3598615922678183,1.120026168114278,-1.536645695101645,-0.14619072131799826,0
3.939352540713835,-2.164138813758084,-3.089001034839534,-0.9983114359774521,3.0893024805470195,4.826024009266641,-2.1157570735771754,-4.556296792935926,5.219296073236128,5.247029544338577,1
5.332969900573584,-2.044242046302103,-1.938475882046025,-1.5376946003698886,0.7051512724710065,2.0340577417460035,-1.4927539496923372,-1.5344185517790552,5.719200379491889,2.476412723297691,1
1.35613865297305,-2.264700582216592,-0.637680442824901,3.6023797745362964,2.5060314378060897,2.9994262875609055,-2.5180311318749187,-3.30657189735439,0.05613040267325098,2.790011451413006,1
2.0496354812247026,-0.6142933457138422,-1.2985404561469975,0.814844270990396,1.3074958795443983,3.4687785517956007,-2.542549237891895,-0.1358219314234097,1.8778322337288595,0.6439703216007535,1
0.1880890063181968,-0.942899557982702,-1.9784878020891108,2.6121416845697487,2.620651883885232,0.8627627081083888,-2.9133715499372714,-2.128969602249212,2.3773622651083492,0.8432425138954835,1
-0.9222452707321387,-0.4103594606235008,-0.21399415466877691,0.22600011593403146,0.9756299862226698,2.506844346347911,-5.089514992544399,0.3848743762139679,1.9019078239652594,1.2492436986116022,1
2.166831504120014,-4.019862613191178,-3.7075658574425674,4.2543224770845125,4.06763929918074,5.110969132125855,-0.9999408910921783,-3.2720129695919944,1.9203384959109764,1.703892815684131,1
-6.272629544428173,-0.49964495694941546,-2.7792981741933414,2.598113951380263,-1.3335345221712895,1.9615152088936023,0.4360083230342986,2.6175472733815788,0.772100332786771,-3.703874114766206,0
-3.084605325803081,-1.5947800459549093,-1.4770932896758457,3.715197138745765,0.6026226767730565,3.5248378602517736,1.433024308820385,2.8800278420155774,0.9514876183570395,-0.3538759110738947,0
1.9361728721939429,-2.516624122664799,-1.7421387378487032,4.157691462682706,4.4665012773801145,2.0193036599811505,-0.6397871500845633,-3.106703478711034,0.42512489914367757,1.5496505372742493,1
1.605170925654516,-3.2002718925928972,-5.007965529050183,3.405084078081254,2.778626062707601,1.08436609371592,-0.9331240445737101,-3.576439686270575,0.6256710280660687,2.999048509902218,1
2.787688724937176,-0.658184772396117,-1.0635168765335137,1.1334236935490851,1.0416206555274088,2.8522384920546715,-1.9328310650351943,-0.6437876228931139,1.5913293819714596,2.092244254310753,1
0.01930038003771828,0.5665453030529228,-1.2969062424672864,0.039993124163874016,-0.07742901571692151,1.0366769275214145,-1.9106435733427434,-2.440356664903674,-0.27975525840320437,4.201583810965673,1
0.11104273643908935,-0.8441321044960151,-2.78266473910842,2.6300962716469467,1.3531574552370798,-0.21824696412641087,-1.8435608892727935,-1.7549739018033435,0.48327838046190963,0.9649347496621605,1
-2.4416701330892403,-0.42631264748316955,-2.964894454242883,3.4187254009411445,-1.6972128092168273,0.5345258651907978,0.12033720267505998,1.6889115167157696,-0.5833731062414558,-3.7783914640136027,0
-1.2076393441618078,-3.0497454801657913,0.6802856296608115,-1.3086837346983016,-4.853906891154486,4.451771873456031,5.151978292483042,0.951338275491215,-5.47575795754949,-1.5319289695345328,0
1.6915256222208672,-2.7756620573725135,-0.5310104419521469,3.1653182436828655,3.0207970678576155,4.688128344255938,-2.2373949310684913,-1.3629548645300105,0.04715841415532296,1.4032654388529404,1
-0.22753979094316534,-0.9094177436966204,0.4285947560054906,1.6770280871267642,2.626377525314842,2.794287902694414,-4.3884172630663105,-1.0298582976764679,0.7819257396358905,2.3525701769221596,1
0.23902022077383167,-3.6835027833573113,-3.5012114387598814,4.727981106623913,3.231523192753638,3.3681893795348223,-2.0646089094610787,-3.6777273648571853,0.2919852544291568,3.516201582074584,1
2.6041781445334946,-2.8785138058771906,-1.9574308282523807,1.9548496989761202,4.540240726990124,1.1549667561976216,-1.3754211338277815,-4.713552537595167,3.758351252501381,4.707582384349326,0
-5.55303899191712,-2.051645275333078,-3.4832348300639873,0.5315621912606658,-4.132859172740709,4.574255970105232,3.0912816485606136,3.7616742553004805,-2.9129164740348497,-3.3942272350851312,0
-3.794761487316432,-3.6936185225334532,-3.2260893760336424,2.855311829632051,-5.903415061358565,3.029900413089222,2.8956686123786435,5.132947394719681,-3.9012041626176566,-7.487269539834894,0
-0.5413769325490052,1.2474595672959112,-2.1876422464717256,-0.06615290833256537,-4.06655795473667,2.7364756629684766,3.8476586438460583,2.071943643238657,-2.92570807826601,0.09946222241554414,0
0.780092658442177,-2.933093739767275,-2.992769740488188,3.614583888438401,0.2480073989889835,2.116348171837787,1.857037572812544,2.6630865855863206,-1.081383824146942,-0.10447304298687077,0
1.6958414492548737,-2.4876365582562308,0.27990079598977724,4.042919382858404,2.348672925547014,-0.3496434194800253,-1.7605825927929202,-0.9416516636220895,0.9769904639017559,0.8110815654451613,1
-0.4838155327694076,-2.5528128752310653,-4.0199257227091065,5.1818184105752865,0.8216153914929909,4.514106475088101,3.3258836407351753,2.6510848364305133,-1.4090183337261601,0.006871275422032586,0
3.267277881337794,-2.7909453285742862,-1.8552903802732172,3.1409344729660025,1.5802918956670051,4.682935072571849,-0.15273244303351974,-1.1751691366428212,-1.0939464552684037,2.6746527133491025,1
0.6364383344725772,-0.023704568081224453,-0.2331729386490331,0.32870498269465354,-0.014749504521765378,1.0381575028594654,-3.517896239266576,-1.873171606839052,1.1758222868217416,2.7169507613570327,1
-1.6813009251378415,-3.06867157101647,-0.028110037772298035,1.9172945366303278,-1.0794472366971712,0.4655521949285606,2.5468122807482265,0.22900169224576983,-2.2324846140296035,-1.4959374982324698,0
5.2220141214760405,-2.8508758604054716,-1.953489818297498,1.085695981289745,1.5257927533690554,1.3743478649305405,-1.2621969819232728,-3.890348756558484,3.8638390371056657,4.93240432932919,1
5.858675410426358,-1.4186544704791975,-1.9403511736194807,-2.7410581610823233,2.483772910007228,6.394223229506535,-1.65077926837256,-3.4299504950741078,4.828152889368045,4.493966583474132,1
-2.726267773619983,-3.268499048259085,-2.2002058171471393,2.0565395587840114,-4.4265490189699115,2.889013748161087,2.0493659198814242,-0.7277723686820043,-5.4631182613012665,-3.347766347337402,0
0.27300150985513394,0.5736351137508038,-3.1052866078177264,0.031912563730854604,-0.028783948979024476,-1.1635361743111146,-2.8096444409937336,-0.9320901562217356,3.264112262876341,0.7471313424552575,1
4.4404553327689165,-2.673227088979456,-5.97636777122794,-1.4806398250876436,1.0974674430695899,4.474789687116784,-0.2597492349063606,-4.924179120427606,4.27687128733305,8.731935950456766,1
0.8947073704450117,-2.228079265392003,-0.685793811651626,2.3858949247119505,2.6463360412078965,3.0418406024133597,-3.416316068652224,1.3237701901908392,2.183861489668138,-1.477898968562093,1
2.1901941188481917,-1.0567979786391457,-2.3299194961718808,-3.0358996345960403,1.4680847880338816,4.884852071815379,-5.274652218750035,-1.1519254369761955,6.841152582301468,4.7047400748700365,1
0.420917764067936,-0.918242887972645,-1.838773402487028,-1.2784168314697673,1.3008329572445985,-0.5901903959514856,-1.6251569638336703,-3.996623672215865,3.9726064051030106,6.228487262510606,1
2.9189287733395943,-3.0704403607928867,-1.3321555125699387,2.94141136294832,-2.439552208157039,5.5728351282357735,3.264682767226556,4.843646896192315,-1.0884159482500373,-0.33454126072743406,0
-5.356191786400955,-0.6111745146888885,-6.47537413175942,5.543184398470017,-1.417519592930092,2.9079367144180623,-0.8512025295921468,1.5906932650604781,-1.4626179532765087,-3.174876464541094,0
2.756966284802611,-2.8373136612239573,-3.392432909569714,-0.8655562432428376,1.7983284139727047,1.0636332946527987,-2.321420056514787,-3.1151019375014624,5.420004649781275,5.586240560324436,1
0.148212559193865,-4.599088102338168,-2.1713773851372715,3.6786847879342517,4.56912486422927,3.81906287148744,-3.7554742153731144,-2.9110759803840516,2.9669509778239167,3.453133727326877,1
2.069590393498962,-6.176062028523543,-5.342351670378131,4.202011955894741,3.0124532119089285,1.6300901827181513,-0.042293697571968325,-3.0216929380120114,2.708282392184715,3.3488162408484206,1
-0.7333654196701942,-2.9127573464085343,-3.5185175989244755,2.993559513041833,0.6418414300145092,-2.077611964911969,-0.39057058030522906,-1.3543602478139523,-3.304341811243375,-2.6496789317578258,0
3.7612556407449604,-2.6463877057351617,-4.08727410136397,-0.3895003260564387,1.554435916289855,1.5487021735309914,-1.5491125858507815,-3.5763734345288176,5.543326729728647,5.046333903366664,1
2.1889592733443366,-2.1279165594776113,-3.082921251676556,2.9357620754972307,3.4214355873838738,1.4297783618891282,-2.1611878515786014,-4.206280269011996,2.9727398825561666,2.546825424787765,1
2.6133704614354434,0.9190761028083991,-2.3785566201254253,-6.2840683389157235,-0.5449862622515593,6.106580191471068,-3.5247714790325455,-0.06516239516780264,5.497842637862888,4.42643487708116,1
0.4170476482162164,-1.0617138276958402,-3.202513263747909,1.8442511764805256,1.4578286675275551,2.7024765942004505,-3.412370663867386,-1.031335825909921,1.6474586960720903,1.9768534267102185,1
1.6298280666724747,-1.316988620150162,-0.8789919386968625,1.8986809755043257,1.3982943462097834,1.525984838858904,-2.2120667366280284,-1.7216455430884587,1.0750615813852669,2.843224301789146,1
-1.4619672922634963,-3.225080273736701,-1.2911011933049605,2.3612716329846823,-1.8878329349365004,6.943668630860051,6.089458263614234,5.914081542195547,-1.1329433574085035,0.4974918247013407,0
1.9301494382188424,-0.06743247737697877,-0.47092119912476593,0.14226858732553405,0.44989621104587996,1.5741980483409481,-4.871519656173821,-0.7229251873696048,2.3846608561897047,1.2828863339535572,1
0.38518638000508476,-4.6182781822464785,-3.5966880041473095,7.104465536153315,2.869587797747616,1.2758845318024452,-1.6762854849760322,1.3449758591965604,-0.5695304304617066,-2.7895294371979027,1
3.5893819199064874,-2.4413041322229563,-0.8947117567894736,4.405722283734546,2.1623034357468596,0.4222217039235039,-0.6742730913527277,-3.5291908201295596,0.6971904927160795,1.654310467987723,1
2.1216773545734013,-3.241734787477625,-6.66110403644106,1.4797291569785722,1.6919224100390395,0.9028029139163123,-0.05390206161943656,-5.791468977136289,2.0523222998610398,6.89110718159636,1
-0.13065285109009594,-1.239084136536407,-3.61435935188148,1.1978833525664347,-4.890070840303169,5.791164618424748,4.243057450437894,6.630283882347141,-2.1457009974377725,-0.8440177335559058,0
0.7634684124525184,-3.9260791333282388,0.05273886852398624,1.66188401181104,-2.628152528780775,1.4337018772231125,2.4055934042693154,2.9823633579668867,-1.6467136130597222,-1.6730679705165254,0
2.249575130500309,-5.504089822240711,-3.9167577714718025,2.3043352409950333,2.8127023173863384,4.868383745322658,-0.4652348272671756,-2.888111739694263,0.6634135733663906,2.968794644436467,1
3.090931103100372,-2.484783498321719,-0.7348434374957706,4.705832658124427,2.431907932880695,0.11753277752886415,-1.0295363285814587,-2.147286178404423,0.6833808355718738,0.3610049226112835,1
-0.7684871524039858,-2.4652979690124126,-5.0130064266862515,0.7843724247873263,1.3121254528082864,1.130585195361507,-2.1132646891828046,-1.7668220180193202,3.032680335449292,2.623805123095185,1
1.437700222227154,-1.5885082853237829,-2.956017567955879,-0.11859250518185549,0.4296237424345348,0.7675927794416828,-1.3617934758207924,0.14495877169433324,2.9117917442453516,1.610140478758988,1
0.759982319464563,-1.9836729096345938,-1.0585218170214912,1.7089150036356802,1.6018261504124638,1.6341962060855475,-2.6815662378961513,-0.5832716331158243,1.3488769515078571,1.0517981463132655,1
-1.4287871780464294,-0.18247734227781254,-2.8100526680816236,0.5889188619400634,-3.0864331212824965,2.1700067209135074,3.6611468289767752,1.8760561503684652,-3.030166738526539,-0.8781715157398999,0
-2.4813127839631113,0.5932653643248216,-3.4011988582418833,-0.284801335288122,-5.6274983697151075,1.2748924553788943,0.5522896026949689,-1.119344206200537,-4.836434762437825,-3.4267496615112654,0
2.4729709926087233,-2.249675615684245,0.48576143686494166,-0.9099470887958159,1.1200454475049475,4.8384451629458045,-4.101021793681375,0.7440654339647521,3.9492914525232834,0.9827381595482707,1
4.054663831813818,-3.07736876582874,-3.150861303280278,2.6312185321568817,2.130052396807644,1.7070419104915904,-1.195817637657619,-1.6847895816359866,3.4440835236715643,0.5819455110652656,1
0.19054302308948,-1.6441632127054477,-4.500153349822146,3.6827098734850585,2.6782031454071777,-0.1559066124907429,-2.8241444128103548,-5.365186856144774,2.382223768726763,2.1471210979162882,1
-1.5711169759414698,-4.109346881203951,1.0615079167598531,2.112398515104733,-3.83817280821105,5.4330923147908985,7.444371477892113,5.831730216794264,-3.4851344287629455,-3.2766925676101692,0
1.8609088016264983,-0.734183456072975,0.39789252172515166,-1.30805404658682,-2.2300954280349647,1.3658823364107089,3.8173884055108953,2.944909093392277,-0.48403413277028373,1.846703311993907,0
-0.845761394689776,0.628917857948788,-1.9077805188503252,4.364804712297761,0.006105611461203697,0.5168406854873686,1.1227953809838094,1.8374240500536878,0.8894496606852966,-1.386118774162595,0
-3.7181668550297844,-2.644729364129041,-2.7176996755276717,-0.21802462607087758,-3.211193670438581,0.8159668281243693,3.294384319649014,1.7974007995893944,-4.820347979993629,-2.0670578460951754,0
-1.3889523371878314,-5.3265821899076045,0.7023501288609055,2.6920532831419184,-1.447798360637833,1.2623521735057879,1.6872956684609068,-0.5176063936101669,-3.3996763641957495,-2.7068433866340804,0
1.5714679534086518,-0.7168096242040414,-2.5556702596582825,-1.7182703509404078,1.6120207139929188,4.537185629462787,-3.4691064431405656,-3.0535724629007337,2.437962974175624,6.771754598713199,1
-3.506601752114662,-3.8988476998393375,-2.201615030172805,3.783329690263275,-2.8813762008788286,4.3491072267225945,2.8074715835568265,5.735181880596682,-0.9236505880528518,-4.437399055445772,0
5.616212273486468,-3.650676594573127,-1.4067485515966993,2.651938586098749,1.2259847784731157,5.7066634240311975,-0.7227502468233731,0.06634318965851849,0.44484084176323035,1.1073658095771988,1
-2.8015064420895026,-2.7653611975953334,-1.740097392594057,2.269686715570754,-2.4622483958615615,2.207117184607583,4.228320340739193,2.6652449219157965,-3.5763953795779155,-2.237378971091318,0
-2.6243169198958074,3.1939273398133814,-4.830476493903451,2.774424091695592,-0.24602682420521016,2.6060264898661036,2.3507667335887863,4.905335820499097,1.773748384597047,0.21445850121237298,0
-0.7547787247661337,-1.8537095840713618,-2.6012731017552637,2.077991050500817,-0.02064336458364524,0.2370944593370603,0.654751905545865,2.461401282348333,-0.21948034424491003,-2.159888872955523,0
1.6217983893048664,-1.825444716658915,-3.160755902503232,2.3378213246737323,2.345924903300705,1.9239486320796928,-1.267780319907151,-2.47337750561564,2.2058260340501317,2.9162926987476956,1
-6.088116265191536,-3.480746139041404,-1.2381661618488033,0.80966594091939,-1.8669905324281582,2.4259273568189155,1.6826399957532705,2.0355581891004535,-1.8928395705239387,-2.3368690626575632,0
-4.018226856902091,-1.5813659588086486,-1.9074283233864526,3.8526480032113213,-1.2689625790654464,4.5805067516076345,2.279206255630341,4.359216262846923,0.6392021032464581,-0.9834752538687068,0
-0.5442778586157138,-2.5984288175205523,-1.084361665186682,2.483045412089671,-1.4982984523563618,1.398437116905479,3.2365884950647774,1.3522011911598795,-2.738241238152749,-1.8148695515546576,0
0.19613420582070917,-1.8578324182627088,-1.7597521288755402,1.8837096151648458,1.8730223191231565,4.904610377125406,-3.7635257436926617,1.2015456706426892,2.151948054556912,-0.6835432443485123,1
-0.9666440773446507,-0.7718069172025535,-2.0811186462638824,3.3076723749107177,0.8383501653998109,0.12091889803102518,2.1460811768646186,1.3182460476392521,-0.6827095751361656,-1.0036812462144504,0
-1.5908091622101475,1.1311732475386904,-3.7669784112699594,0.9027268361068657,-1.887024923575338,0.7508065160267252,1.678147930092322,-0.257187626393784,-3.11336493880029,-0.4562886046138188,0
-3.0887753076394904,-3.8669665890750293,1.0554210834471531,0.599539537442854,0.48824200316007005,-0.293014979403873,1.2527092036398164,-3.163724119790034,-2.035486048556174,-1.0813215775039624,0
-1.3882901074828546,-2.6769955831668573,-4.527142608454739,0.9650484864280884,-1.577732140481138,1.5341289696680331,1.4653419257526332,1.5875857526817085,-3.85289479690252,-0.059807915280302826,0
-5.980655374195826,1.2001742856873716,-4.160141882849101,0.5266838672321468,-3.4276857203059654,1.7082121139058184,2.0020248050265543,1.0308192312882452,-2.833343963218957,-3.522379468673586,0
3.02764363881892,-3.0670806301355737,-4.191924704100925,3.077088201101769,1.8784649443718004,0.8487705472532137,0.6905093188385907,-3.384322066834071,1.238740729299748,2.4557739225438744,1
-2.845563703848949,-0.46389864456687224,-2.3433784589738327,1.2982458829211139,-2.043358667064948,1.159386998963954,2.669945599332568,3.6635035431081597,-1.5020114609062036,-2.2850329937641436,0
0.08137069139888164,-2.466790116731348,-0.8680078674823988,3.1882626515559407,2.5639338825965408,2.306624474129066,-2.40791525542867,-1.2444095624009806,0.5095870528534077,1.881343837225649,1
4.170751825488392,-4.183311198299084,-2.0806204134288033,5.013575984525827,3.501667931341403,-0.20640995400053486,-0.5421901486317742,-4.519621374349637,3.147199481300982,3.363448965916012,1
4.959889181303597,-1.3479384082190555,-1.5506979707364472,-1.5243462250054929,2.3326126054279896,4.023823637233392,-2.091153008291607,-1.9152824313147905,4.9399209998409095,4.112455295505281,1
-3.1045564550469136,0.8437039373681889,-2.027209821145379,1.342599729540078,-1.9659240005591108,1.5571228825531542,0.2890053558550312,-0.9834008824957907,-1.6429124346293662,-0.026031000888252276,0
0.5725355536600829,3.0960068036454933,-2.7479199298972126,-1.2556267995067643,-3.5395942958957494,1.429096801357227,2.632388236979965,4.953722885839887,0.29293816955681473,2.233994506823854,0
5.099540654516764,-2.883626198741709,-1.083517263433603,-1.4627610199365555,4.462596649104358,7.113092855274256,-3.8181362079994123,-3.363617851648212,6.3700064671195245,3.7870306964872036,1
-0.684979735754115,-2.634057567685699,-1.9846079713684956,0.34493154861832376,-1.5540496031520081,0.5289924381883051,2.172512337365881,0.6077072392409568,-2.859723775187186,0.6119552349028963,0
-0.9789179682735336,-3.072385424820414,-1.7015007009018914,2.6170325638937553,-3.1129459852028925,5.4088156261710125,2.9650087186616494,3.9981721347036725,-2.169976350929005,-2.0824244989004828,0
1.554507136235776,-0.9322616533291272,-0.5161272801312484,0.8256259417374763,1.679459196659089,1.4932082727041829,-3.09677968368817,-0.8657902217045477,3.811720337651045,0.5831844170064098,1
-2.5384974514593033,-2.92631517760025,-0.6602119598503615,0.8075656918866976,-2.4514827326507085,0.9845659764775803,3.0385585409652505,0.6021145294625876,-4.205281293317117,-1.1246805443499976,0
0.9859024377569141,1.4334926281871776,-0.5000834505890488,-1.855081127569857,0.45325660023383185,3.9696496303249917,-1.9763675480201637,2.4359287844386106,0.8869693515632386,-0.481588322639809,1
-0.25998678679293663,-2.133878377602745,-3.6659840513253927,2.418428112907369,2.325262412426623,1.0554262128742484,-3.656582282642315,-1.8558454390037242,3.262050562174929,1.3733694730228057,1
-1.8841198252518239,-5.061509772080654,0.9947129792172298,2.690416628934356,-1.6615927420547227,1.544200729310226,1.0994367478277933,-0.0978596118861721,-2.276971079201369,-5.47870277662785,0
1.542837607550967,-1.6712727709127309,-1.0199097052309858,-0.07409105892032697,3.033665573283205,3.7399814593960707,-4.213296201327478,-4.248809625338097,4.530171928743585,4.048072293325578,1
2.4331009976446207,-1.2135053498347625,-4.673016543770998,-1.8680025332065995,1.615686037266556,1.0837918218203673,-1.7017167959340758,-3.4423908994379717,6.010461294822587,4.643426982549553,1
1.133498987949733,-2.665117560799986,-1.3840250802782288,2.1455490435491025,-1.0598041113837042,0.4827110907394987,2.745111412509906,-2.9610864478753696,-4.5957229235106425,-1.0471164866088394,0
0.8346342671605362,-3.161111869970907,-0.42163259195370917,2.6983025285895836,-0.31470629507612347,0.1424276025643425,0.4707213371030492,-0.47494266255673345,-1.729950431904847,-1.956176069079694,0
4.955541029699845,-2.189710753547486,-3.5751497622243513,-0.2579633740532876,1.3217921456635213,2.6803519246308523,-1.318025194883584,-1.642366491978562,4.2265566197793145,1.9053586508230569,1
1.1041886072008458,-0.6721848519683091,-1.4144315845818491,3.4258832145570866,0.7364746885718827,1.1005134726702832,-1.2994951752256787,0.7272344393607675,-1.6891485727458355,0.0749056192192179,1
-1.4929731715984471,-5.311214852354396,0.2366722555674068,4.711217695765629,0.1321366888285267,1.5972887146337476,4.462488385713751,2.418942045652623,-1.526914244041599,-4.049901611822639,0
-5.721992416330021,-0.4625139414894486,-1.4934123216079187,2.812181750233001,-1.913673213643603,2.180404451067295,1.3455330504355203,2.0241036528842526,-0.1885751656164094,-3.78291639715055,0
-2.3202206964494505,-4.217748574217797,-2.99971038657862,2.27155621387267,-1.3658249662803161,-0.8038469448632255,-1.3397096767404908,1.4640357529405716,-2.4832804958207206,-3.1153985642202047,0
1.2942169874752922,-1.7770048624949828,-2.476087847010967,-1.6641383506046354,0.5145909931601818,4.482149628241028,-3.099534812394912,-0.7694969604359327,3.488181702816517,2.869405083921116,1
4.0111098443600035,-1.681593774706252,-1.1228482615838637,2.1659782512458077,2.3662622017654504,2.1741966415132685,-0.8155438363391743,-4.3963377599437035,0.06057146823861048,6.852170871553252,1
-0.27255509036755754,-3.343922327491042,-1.4198848895147693,6.5126516649146495,3.265429137335661,-0.4581307490902615,-2.3043988446626558,-0.9320959502197401,0.8902974567845474,-1.407800099170116,1
1.4261277920375104,3.139956354980878,-0.9533005940880925,-4.279610095095787,-1.654944183113018,2.8249413490470077,-4.540405112243496,-0.19111651009421626,3.322279142843496,3.8186428482112142,1
2.488316644556144,-1.6339391627885098,1.3891078573284208,-0.9597931167878899,2.176617062832103,3.5419576473691032,-5.184806137624491,-1.1958042588880664,5.859638967639896,2.1751900363835617,1
0.6473535717490728,-1.6698058085872904,-1.2196518049866152,3.9868308598958464,0.7736565817363177,1.5387200474115048,0.9422765306543512,1.9991246941053262,0.7534818037823028,0.26600109542664274,0
1.2159157371857827,-3.007730122256107,-4.291465116531494,3.413640449539394,3.1777172520756984,0.6732980942650253,0.1641795494087792,-1.6054140787175986,1.7278891516907413,1.2258844616719844,1
4.174674947357902,-3.3962419357069247,-3.096893115779366,4.426129194881691,0.26794490566937745,-1.446590028569696,1.0368576379847427,-1.8341879224814546,1.509452138477128,1.2967784058514222,1
0.4189469939109438,-1.8492333147255566,-1.9266751654340377,0.9533031717359848,-2.2350510067459695,4.604501514462297,4.507565266340918,5.164648141409542,-1.496517461755086,1.9097608391260605,0
4.158438165669355,-3.4957324166440626,-3.1184691539419163,-0.912711618069197,1.402163953047244,1.4946244979663537,-0.43443365064588124,-2.5496322546500583,5.551730680114108,5.32234237292557,1
-3.4759901886771556,-3.4488083344318454,-2.8118880144972245,-0.16854806162806257,-2.696645466449219,1.5591760129035792,-0.04625705062549246,0.9256212201055551,-3.276852435867313,-0.26096583732982825,0
1.3225962700009664,-2.085969428981785,0.746928602921904,2.1746093671482924,-1.3476229833028426,1.1841574197293516,3.9594329448492855,2.928751349092512,-1.3903642974418933,-1.823087143582453,0
1.733994553927394,-2.402059028291118,-1.5393028363064545,2.4589509935664986,2.609476374985265,1.9879724417737954,-3.212855505452138,-5.252111364494666,3.2842781619824164,4.1409353206513355,1
-5.739626305922278,2.014738146017975,-5.284429457417887,3.3034926710919605,-0.997147503815186,3.8464488301681277,-0.13600543285120903,4.515772259066195,1.9345987328715317,-0.3553242758747346,0
-1.4457656634150935,-2.258110708928394,-1.9767452568200408,-1.5824990919909925,-4.5818801545488785,-0.5472404007955012,2.4532655757754482,-0.4089548630044,-5.510999032669652,-3.179264490992181,0
-1.1939145227981367,-0.8661739608431194,-4.324686662129832,4.338347604529011,-1.9423086981227389,4.358104615341899,3.6239571541313342,5.397935059526958,-0.9112138795479265,-2.070853404019469,0
2.9364389186629563,-1.7480572832194268,-1.864118691270294,0.9446718859677323,1.5448010772953111,4.299253515350566,-1.145507874187124,-0.8369595318689254,0.8129195351148388,2.818164631444105,1
1.6556189873071594,0.9068848615624661,-3.4962003289133143,-1.3138536587742484,-0.3790430887527183,3.0267957475788116,-2.3406361329483176,0.1197442722721127,0.9709869235609359,-0.06197312784310238,1
6.04717023755076,-4.167340126009851,-2.5022607797785605,3.528160239580573,2.1854633829503647,2.675096555922459,0.06875657467622531,-2.322315402839964,1.466567674506024,2.5132359850487833,1
0.13332695778999715,-2.117369495304309,-3.7733130211159502,3.201881583615064,1.8097205336587858,-0.7645608658328662,-1.5700528060730585,-1.4309998040554528,1.8038816640929534,0.7367014387884387,1
-5.862951592865498,-0.4496683435917761,-3.6681623983933314,4.427409860488808,-0.9779663271116368,3.7974584450979485,2.700895891443177,1.1640937500363786,-1.644188009108588,-2.969423998629645,0
2.3644905238190868,-1.5804218113156627,-4.31109860426376,2.802333080767332,1.9971486186075766,1.4647487132800783,-0.5894447368507532,-2.563905410314397,1.3135061858902741,0.22598037889632994,1
-1.0233956443817365,-2.095178004389826,-1.8561857440433216,3.2895351679920752,-1.6099528691991816,3.5479152699947853,2.8322201857664893,4.359433835574927,-0.44832732060428215,-1.4967995288558011,0
-0.6373054510610983,-4.618395258090674,-0.949724130179826,3.6799779311260568,0.10591290541029252,4.516432691261764,3.7613249581798405,4.414444940635354,-0.030657061263078766,-1.6172427885408647,0
-5.713895750367709,-2.226466927891525,-4.168623144795276,2.6680075597814055,-1.2021195619294742,1.5404271752630727,0.616917336093872,1.473052742964748,-2.8822686337177252,-4.970027275697884,0
3.474178797603509,-1.9304821148411475,-0.904949580292256,0.17311740221118366,2.469039790462832,3.753145579883479,-3.0652456111920783,-1.844986639628371,3.9554767858537447,3.830875641145009,1
1.7310636512862936,-2.147561356594638,1.0798026772617786,4.63190212799539,4.5628844624677605,3.6949926504707635,-2.510217958158888,-3.057886135254434,0.4608773089592346,1.7277583448817224,1
-6.966209716438166,-5.125243995520913,0.2206343365949519,1.4779470853704941,-0.7361131734602626,1.3970881272789146,2.862571200750148,2.1469051704275124,-2.4742633535423373,-4.817037581084444,0
-0.5358700207116434,-1.1826410159946743,-1.718072032916305,1.113185495984744,-1.5919587241786337,1.4922297544369338,3.300193279003783,1.0391594877971224,-2.706232100181804,-1.3757098051119954,0
0.5024918711074093,-0.36732339205673514,-0.9074796760331612,0.05474579794244394,-3.988353075198786,5.80486179739303,3.7013368957998414,3.951488111235376,-1.5676525474651206,1.4583196945081771,0
1.641534823428403,-1.0537918521339205,-3.3253510838441267,0.5478483820531634,1.518828991889169,3.752464676502592,-1.0527585292591333,-3.473986105902592,0.5742737460954406,3.8493646863184727,1
3.547797098255731,-3.0498452343761118,-4.393562736764091,1.7824154292546655,0.43581255394293184,1.6761400007769045,0.9603479786454847,-4.099483903897933,0.3946703514141734,3.978747291542749,1
3.521661381694752,-4.889834337903833,0.25906863204334263,1.9364952249104104,-0.39558292578681087,-0.583029216327295,1.247363673604702,1.5840055484514446,-2.718495290110742,0.08236727151047152,0
-0.362788696393757,-2.483552101769832,-1.3191823524638209,2.9428009466363454,1.184207879799044,-0.28836294765162007,-2.88286047762857,-1.694053601367302,1.190542436936961,1.999316689880942,1
-0.29149388993813163,-0.6263287528759165,-1.9690628115970232,1.9024074006819756,0.4036828155248846,0.13552610102940932,-2.9796191778332424,-1.7510289833601487,0.6599576080559546,2.698859083943468,1
6.133129837233561,-2.4878604456749143,0.7668059316763283,-1.4083504792586874,-2.0274670927601943,0.21278793288538145,4.399094486462,-2.467731720467909,-6.0601622283505705,2.2246228052001342,0
-0.5218992771937765,-5.720193391406577,-4.470995614472016,6.197514366885074,0.8147978187303897,4.833445579258272,3.407687049978536,3.7272545542243942,-2.4415985998411576,-2.088032885878684,0
-0.5478206006628141,-1.6111928112442733,-1.26788868430928,3.738311683277413,-1.217952998135513,2.415859175313063,1.7369014505984057,4.422588584172418,0.9904658367514272,-2.250693140856204,0
3.455210619362725,-3.3478611251819936,-1.314116913340523,4.65094918760269,1.8475492942988117,3.5913752961731116,-0.6303735303884725,-0.5177911379646165,-0.10381044655431415,-0.7722078962542573,1
-1.7955905114400252,-3.1161065703726862,-1.5601301991086354,5.854563547641418,4.1041073371054235,-1.7822030593001874,-2.9631540482494305,0.24597106254339085,1.8893242918755109,-1.2423409771673213,1
0.626451727517567,-2.7902567993614307,-3.2326205925424074,7.378555045507201,4.035884185071126,0.7717070033324933,-1.8593290229447401,-4.959784481614252,-0.8587102267237352,0.4694559490618351,1
-6.8847303213028095,-2.2818877750074855,-4.455754288490172,5.665850476620699,-3.218742542583338,4.6441884840402015,2.1274446436614847,5.707993136690797,-1.84377145229503,-6.058099529910502,0
1.5531435436308134,-2.382466795613952,-0.6289140196557168,2.6236665629976117,1.6066558567174136,1.7112567603686286,0.31542879728015416,-2.080485044221878,-1.1492767954178906,3.096954445369062,1
1.7007803758862652,-0.1801302190261782,0.22382524920112212,-0.918810987386026,2.500648669368598,4.152878084297953,-4.773613160085709,-3.8315119657636374,4.935851672587945,2.431072670456816,1
-2.747851765777925,-0.8437063635838749,-1.154656591593034,1.5044394809389265,-2.4283910733917953,3.0510043009876644,2.1783929755239355,3.384368437067424,0.16689926368716268,-1.8411137447720278,0
-2.641769428523823,-1.8267863774193946,-6.1313763832944215,3.4530272548441907,-0.6268655002202785,1.9163619175098092,2.9128809576504957,3.1149407885250695,-3.073457968944564,-1.609020085585189,0
1.089464196440773,-2.2947650734832368,-1.7368617524356347,3.297835221202915,2.452570274561321,2.6023175421120275,-2.6149939219634346,-2.2267906944651754,1.1339753377060058,2.2774538869263417,1
-2.0631117998635284,-0.7730934498088666,-1.1698281748639876,3.547484196042734,0.660070905507429,-0.2683928786780503,-4.4009635100675375,-0.053569647513545426,0.9420382952496631,-1.514380269325048,1
0.7505155304998601,-1.3452223767284548,1.0281528117047816,4.217565717407155,1.1666300224249473,2.6753364036875174,3.335614993009372,2.617409742474561,2.1301150852462616,0.46858781302449737,0
-1.3050705460900047,-3.5994927874459313,-3.132730651986651,-0.4083692464622688,-3.6554187652139016,2.1980986586088425,0.9899549843711126,0.940852999469068,-4.672445408621789,-0.974594629272781,0
-0.2555604584462834,-3.8638954561913517,-1.5908405804863128,0.2700777074534193,-2.424460338575713,0.4434526619585897,3.7583349113711044,-0.7465107027234588,-6.15774215918208,-0.3004316882882021,0
2.553228692140264,-3.1293607985950596,-2.6463232310456264,3.9051651882487537,2.7252717401222717,0.6152220209751658,-0.5895733124833262,-3.5206245858045393,-0.208562035970413,2.9292319685601833,1
0.5589569770147398,-1.1058237565480251,-2.574550416474407,1.429540835476837,1.2539191776341163,-1.0861327511619336,-3.6788238203537253,-3.1982670035850536,3.804408968139584,3.7819116285025016,1
2.5258078954530636,-3.545415138709258,-3.5370272604587587,1.9405415948209053,2.4723195647653258,2.349779350890441,-1.4339567346046307,-2.8885814729386228,2.6688334762007213,2.231624718640399,1
5.582687738469668,-3.3575234213926866,-4.856820694202295,-1.3856409114205772,-0.4873827956503938,6.5410297118528,1.4219085938570526,-1.734247858029391,1.472046665505046,4.794549454776424,1
-2.29669116306518,-2.905182519983007,-3.5029081126487958,5.514692769841119,-0.5283996025057509,3.027391673553116,2.58631511403342,3.318969125912907,-0.6171160266578537,-2.8739971377585363,0
1.5329202057402234,-2.3879635345580192,-2.6053379844347937,2.0033586447927094,1.8495035106553772,2.714116185886395,-1.3159225924104838,-0.2073512832230957,1.5033893610046802,0.8345815178265563,1
1.1853696776168623,-1.4863476714827906,-0.23515496793836155,4.982575538845319,3.949629918653234,0.5628157214363483,-0.8259431250075302,-2.7250045779456866,-0.8125650855154669,-0.12954356778414589,1
-1.8139024949748046,0.29194131473417606,-1.7553832931723476,3.500267413717147,-0.21131883683766417,2.118558732494527,2.5922640165719715,1.543063574942696,0.07669393275864644,-0.8124806914555107,0
1.719455032784401,-3.0181512041924057,-1.551741185368179,4.6450592514105224,2.8283709173316303,4.438448098185091,-2.4804045048290133,-1.3120728473120264,0.44845599833085226,0.08600826836972741,1
-4.219179899534433,-2.0337366923793887,-0.09309292019275017,0.2901590967938603,-2.7282901050560433,1.243876018796072,3.5848466639010637,-1.1893819208531409,-4.790278899261028,-2.6519016631645,0
-1.7571690896360466,-0.28650926520199316,-3.836079637895294,2.212579616602905,-2.673190889776611,1.4834622690379788,1.2205375011245914,1.0083450602618842,-2.3718497740228592,-3.0945138517596162,0
-1.7559276431789883,-2.9283509975005773,-2.3649970599679655,1.9356619677778535,-2.3855453822333805,2.5218063945735087,0.8766863615981737,0.21495773312167032,-3.1843321665002207,-2.9930760055660905,0
1.3840765042154386,-3.790136123624876,-4.014448873737438,0.7826349971681557,2.7310943326965744,1.9207157815115938,-0.5658970468500226,-2.4942080920524634,4.599785075255978,3.756099480916407,1
-0.7722118381732488,-1.8386820715023462,-2.2400111979108708,3.311394575592198,-0.38700536132263275,1.1073928445774772,2.49310824404943,1.0111738591617234,-1.6882503650891887,-2.1827037224875028,0
0.385268633369916,-0.042998989441446867,-2.056614012066494,-1.846933772345762,0.4260758384592138,2.706420445572054,-4.957798173402821,-2.0579050863015746,4.690027720371093,3.9748092425003048,1
1.386754479863054,-1.801578860159347,-2.2542084149458534,2.831734751105488,0.6908591394012578,0.0011974675914980804,-1.6214820659192952,0.10061655894449739,1.104656791288478,-0.8791044689562213,1
-3.813127253783887,-1.7617805555453168,-3.287079559331394,4.790893100202606,-1.2217886624035939,4.013388618149932,2.107156970152292,2.1454481548263,-1.4095643678206813,-1.9990155366606768,0
2.6529095845748243,-3.9641858481000694,1.3512582236634767,0.987010044537735,-2.331230917930813,1.3861647634361498,2.60253959068203,0.8340739550151326,-2.047620158619826,-1.2655905090352466,0
2.210216475037262,-3.3998236970210995,-2.8337865799788786,2.7917543272317378,0.9116245468787763,3.566425430599323,-0.47199321029364527,-1.0995089896859085,0.0010263560508012581,0.947783082154239,1
-0.8984789393649035,-1.4361389047769566,-3.188913167573843,-0.6198937896541428,-3.4825903616171976,-0.27663294338877176,-0.6020007070427522,0.31732543538537494,-2.664001397970483,-1.1267176139476307,0
-1.562501798145899,1.0520720140832642,-3.906247589704496,0.40831317577512816,-1.7633113225981958,0.7492362027581745,1.6408447388650163,2.44403279167197,-2.2576997954559923,-0.34589669012553537,0
5.113292900490135,-3.71592501793194,-2.4431446014212312,3.5664990491970636,3.584163833715725,2.481324142871864,2.2479347179333224,-5.832133496121689,0.5300323714929231,5.897475558309955,1
-1.9448287601395648,0.39240204525097955,-0.04778672850715471,1.9073857545042106,-1.696500894690766,-0.989136577905581,0.17574313905041938,-0.6431587126041451,-0.5022040202238074,-3.196315761566085,0
-7.188179041628984,-1.1419141829671662,-3.399130614966273,5.882095436128845,-1.8686400281573115,4.098472394343055,0.05372131833160765,0.6664736794698662,-1.2471348045385318,-5.628901602441093,0
-0.2782655373569394,-0.5259622277464031,-1.94203380181371,1.8089815604094854,-2.450999461095608,0.6751890035867121,2.180754025265033,-0.050834025337753275,-2.714890817468471,-1.103638132376052,0
-2.725862451986872,-6.172220279566217,0.6913169169103179,0.34026435364913854,-3.4240274128037917,0.5095967935243675,0.6831190999978722,-0.6031873945298618,-4.59342086382194,-3.1414664785411914,0
-0.6871618837103319,-3.780772048813371,0.14172942316679737,3.1885057379049813,-1.4230916474721864,2.1644289323535135,4.34799414408713,4.151680965936686,-1.221239308788481,-2.178746428363783,0
3.5204586075761135,-0.24937503954154838,0.0825557144030844,1.1894665549465777,0.8935257598138537,2.536490371253171,-2.65606445576792,-2.4392683931161816,1.6840641137028587,1.9821190090986636,1
-4.90142270250092,-3.5116303062741903,-3.6983945510963716,1.5695825357898638,-2.6440062038231784,-0.08920956944703873,-0.24314770439987798,-1.6653915716808338,-5.719995714186931,-4.89945566258474,0
4.248703511756149,-1.4154608503143704,-2.616116151127195,0.7993990625499787,1.4406373983224146,2.35870812784379,-1.7506053574059548,-1.1390289140318473,3.9797663240960346,0.483355619486324,1
3.1416289395886396,-3.6393851028875472,-1.8036251588113217,3.8070555468417204,2.5231097816357257,1.2281412224685155,-1.0328342265738994,-0.9356758093921278,3.985567064070012,-1.9108688012082098,1
3.771064881564813,-4.534009614234756,-1.8574434113956395,4.9641798259552115,3.1036708062015315,3.714839203342546,-0.17738215320232187,-0.016708103213228798,-0.08983399444752438,0.35821652019420025,1
-0.2497319971435945,-0.6070986315422922,-1.050724647318694,1.8012151198705386,1.5319795919900616,0.6762036769370892,-3.3973274789027688,-1.2032533994982364,1.7194615567743932,0.6563754238033481,1
1.607157747070981,-1.184747472727278,-0.7702568967580288,1.1540230862379177,2.082514563663738,2.8514515727550096,-3.2101471758607536,-0.6275600379989508,2.3388216910916992,0.2557870678108074,1
-5.60111474832904,-1.2926791983805992,-2.839024841713652,0.7436799316638938,-3.2095127800491223,0.9486353678790485,2.689381023521298,1.5876389829583384,-3.5562941875343688,-4.308337971788189,0
-0.7652717167715939,0.1363175575275939,-3.7352141601089555,1.0244198583526107,-4.751849334115326,3.447651288575436,2.5385661421790426,5.233503637189205,-2.3853169397719385,-1.6279978034390903,0
-6.525304829135093,-2.1182829145169824,-0.3677600776916534,2.554403859589686,-0.8168286647784011,2.796781935992978,-0.9962443236370659,-1.283998291532129,-1.0374214613117245,-1.9960452370126458,0
3.206169147583296,-2.929671641223331,-3.568032888313433,2.8004025872057845,1.1983066163788658,1.7848483298462392,-0.9374536833935725,-1.6856654221495901,1.8821312584741352,2.392569729644907,1
-0.8454463422085488,-3.8297057033787176,-2.0423815990502288,1.1177975440711827,-3.255796967530543,1.912084986091943,1.7532589159623975,1.4409591712825325,-3.6248919630128547,-3.097344804455239,0
-4.639624414684173,-2.848278521149146,0.913888616841914,-1.7834373883703507,-3.119054211480149,-1.7058786719861758,-0.4830743335776302,-0.9387960989069186,-2.7459758379976176,-3.33819176823864,0
2.5124687819391984,-2.597408172553803,-1.3921443142677754,1.6079103924348834,1.966071333590083,4.727193299554825,-2.157004329294531,0.01185447893767666,1.0701842735621758,0.38795885560904186,1
1.7780918473253333,-0.3560894095744609,-2.4042720982663366,2.4275846590595496,-1.422806620133541,2.8139303814541714,1.6235757101339787,2.099058896457947,-1.4277611130712864,1.4143938973027659,0
-3.253020616914081,1.857895589280393,-3.460183605103297,-2.552244227693799,-3.8028311213903114,-0.12655124815627117,1.8635110573321525,0.8783787848253706,-3.2111582199281,-0.11934405009875904,0
-0.37905143761439564,-1.8233922216472582,-2.7801584409295566,-0.25758086668855684,-2.934982032391232,1.184869127981087,0.5988253479472436,0.3864515635287391,-3.5099453685951785,2.0603525199528034,0
-7.332136301074087,-1.5183880157112926,-0.8450834917600949,0.9739611366647856,-3.591204797902022,3.2199951532011344,2.7956119201386445,-0.08383452656932056,-3.632406017227928,-4.173339709530527,0
-3.6779747376950183,-3.0257149195785527,-3.76455436843041,3.8617002244002037,-0.8838518087198441,4.144517848519477,-0.017764491462102683,2.894995982029926,-0.8581391415699404,-1.758182728614656,0
2.895249517489545,-4.084790353225763,0.06424022129964291,7.067281335477235,2.397680470915191,0.6185605003016501,-0.12146593373430958,0.6903268464714429,-0.6006759505769317,-1.765572039063672,1
-1.66488331962854,-0.28594977732988514,-3.290260327111308,3.390979707451166,-2.235721362525764,5.891496626638755,2.880641640127205,6.873744771151659,1.1606249634502412,0.5815698465976653,0
-1.8910321884986323,-0.107283446373871,-4.514443008486625,-1.2030571340516198,-4.503945285099398,4.251295520817299,2.1796879659995567,2.7362939101690493,-3.604324826760874,0.9991995072241573,0
1.0955883298500293,-0.665263090229212,-2.839184893516644,2.549418392995205,-3.107808634428543,2.4651689894822835,2.1221311812904298,6.627927673027464,0.6153740811833979,-2.3920876551661236,0
1.7332297421040888,-1.6558193794609721,0.08323868824008018,3.787439585481338,2.658263253058469,2.492047034640261,-3.4771134724265513,-0.23857540291842083,1.7779392758105352,-1.0888477435743655,1
2.6433104772880913,-3.4074859973521825,-4.286309914758224,1.8009065529162755,-0.11460644017583377,3.0312898175433887,-1.2010704636672578,1.4360648815649677,1.3902598888603142,-0.9923068351062332,1
-2.8617159732032427,0.12856835054940063,-2.12530717435842,0.3200341381458134,-2.592027997466927,3.8097588978584405,3.93222453327639,3.0925426892875407,-1.7194532260435005,-0.46950496444167134,0
-3.6059081327242164,-4.569345866336361,-2.2864597657620687,1.6474312695961266,-0.5698380305613246,-0.07075718447453694,0.1746877882637452,-2.1858073332942967,-4.127517429035805,-1.8495746129378943,0
-2.7375365059703856,-6.172449927179955,-1.2086002208159248,5.902135925547899,0.8720951524581899,1.1166405978318665,1.616195051234553,2.049798748264569,-1.7042113858709416,-3.4732346248053867,0
-3.0981064090248642,-0.742395116230961,-3.7112632409761,3.846741025094724,-0.969460312807038,3.0714801141994954,-0.9054823081110932,5.046272845895301,2.074967015962444,-2.364445400417239,0
2.3929266797358792,-3.5079470335414724,-0.5104875840605256,1.0047064212040366,-0.1908048390930437,-0.7871649544527712,3.0714851704956185,-1.3241837220518646,-3.3900104324170997,0.5010814893800006,0
3.875097513050961,-0.8264427000130963,-1.6619669841315687,1.8372803398645414,2.1932035023964778,2.9447520456955725,-2.0403509617821274,-1.9808167030646107,2.2208280551671793,1.1441377397749921,1
2.4884576879555667,0.6227393940805417,1.3700908324519023,-1.5177036320050745,1.333908286586818,3.6184817293720206,-3.9030309542931123,-0.7442377042030706,3.5143455802108425,1.4614718273467697,1
0.9238193832149673,-2.1430334860699376,-1.0631283380713408,3.102413042611829,0.1491856342440041,1.3473669846330236,1.223625912605551,0.4485339962222641,-1.4869627334641953,0.6174403345536392,0
3.8634947703829168,-1.533844329749865,-2.090269633845555,-0.9518005464266963,1.1131064450783343,4.1639130683356145,-1.3942825665751095,-0.6983560838654996,3.046574724530984,0.9577576135853054,1
-2.497206178891709,-2.0777312999432356,-2.4153998732025235,1.6847093817168242,-2.167620342836746,0.5356506037010702,-1.0324803692517541,-0.965845162024729,-2.69654888558537,-2.5051583371734205,0
1.644667641904769,-1.2641019284028934,-1.8999850489252335,1.4374237637195781,1.09617335725754,4.510595808351232,-1.8049524803296626,-0.36184927438734227,-0.26168350811071717,1.136990553151282,1
1.0051706094090398,-0.8355932580209031,-3.3279466852948403,2.746330541460007,0.8168177948924791,2.6975306629981923,-1.9825799234084067,-1.2720133535785223,0.22280819568094512,0.26965481266204794,1
-3.358123234108337,-2.9802527519409154,-0.724756508416248,1.629235560317315,-2.5465014762833684,0.9679040497906188,3.70587431945943,3.5791504529763207,-2.381593504429544,-4.075402485129731,0
2.2162161078278397,-1.6325125861591976,-4.898421470118507,-0.2371764020418401,1.9666463457670256,2.2920354952105617,-3.405189897155948,-4.352172388176033,3.874111506054274,4.886521776277888,1
1.1011278877054287,-1.6472584813112334,-3.059430901110611,-1.1732027226530954,1.9810799595279678,3.1685949790313064,-4.698453045249126,-1.7484272732879982,6.288043427772042,3.4973832274686902,1
2.404323590235403,-3.3280840677987835,-3.9446232674057287,2.8108836287064918,0.6537610364015125,-0.4822878724576154,-1.403571656885553,-1.1870121004213818,3.177265730324159,1.1663348612931737,1
-0.5411948884202316,-0.48259630746469706,-0.9665162588638392,5.011509827390428,1.365787613410475,0.7960471512851321,3.5107605226774226,3.8637975114657714,1.5845951200948956,-1.109273086620306,0
4.932120058424697,-2.947307688610714,-4.803135770020001,-0.42071506939173897,2.4201923352353476,1.3950268750179982,-0.4468285220281991,-5.927324734029795,6.508161388730294,5.966051025316465,1
1.5905634274744838,1.5082326382660542,-0.4970211958587796,-1.086275782793618,0.4404441212100114,3.812626979558642,-3.000315713935575,0.13352945100222557,0.8899138087171736,1.4502114140817999,1
-6.474908210703894,-2.0370564157332716,-1.9523852849623415,1.7802358113031769,-2.5585385825309763,1.8748800458345034,0.8326490888402163,0.37651331232232055,-2.137119212432289,-4.060887627998192,0
2.5935008637880355,-0.8308920259367367,-1.2485733779908,-1.6332921303638068,1.831028679350788,4.224816477801745,-2.9329439260680488,-3.974434453304534,3.3401745418078077,5.11259060384663,1
1.6811589442733759,-4.860714498467216,-4.0265102940727555,4.852411570231382,3.45244914626063,0.08189987415826905,-1.6504185141260608,-5.11034217214177,2.9559110863789586,2.54532091405526,1
6.403459137049298,-1.8995062748260296,-0.5532009000048241,-2.5718493236627165,1.458287256402135,3.2760985393743876,-2.284733802341269,-2.4926780733831877,7.403334475632589,4.783771995777972,1
3.761981461963079,-3.1415510188673084,-6.361348969331193,0.8740031195088511,2.016465895109881,1.1357211153572098,0.4163615673088388,-6.40496240087138,3.8893680457822035,5.5290038082574355,1
2.984209079788312,-3.0607584920884836,-1.5842578285050246,4.379473796684419,2.1805334341315934,1.4234881230916543,-0.6254368866465041,-1.7612159390681819,0.3043080648896279,0.510277363295387,1
0.30994184704303995,0.9866218766034436,-3.0637408875309715,-0.813752020553677,-3.2057622168552005,-1.8440035110844373,1.2146092255674663,-0.06522932205975795,-3.8028971991148115,-2.5792550040094193,0
2.110284902770873,-0.5284052887769595,-1.6495767092648244,0.17163519585974174,1.2965840109834301,0.4970090509726526,-2.05376760641593,-0.3335597750962378,3.290510028937166,1.0951061350455054,1
-4.295512256066425,-3.3262483566431778,-1.2256620400236857,5.36954120963537,3.5987928292742994,-0.7925649413030391,-2.4668239766518347,-2.1937178049602855,1.2552665527286635,-1.3012873111877492,0
2.759247653292013,-4.108521598408188,-2.5203562752890027,4.229416648859098,3.2027863548470057,0.7049287714382604,-0.5549274418046386,-2.853818260271482,1.9249872487756483,2.5597166617794187,1
-2.559877331858035,-2.698617427319925,-1.4386739637137804,1.9763569647827535,-1.1892266260441064,0.7465315448070873,0.964535214026071,3.6374798547506657,-0.2961040193473734,-2.7481157720426035,1
-1.4077389508520057,-3.2233559124346183,-4.377235323145696,3.186648776866569,1.4416498825924426,1.4131409723402664,-0.48760507302230294,-0.7876525328901094,-0.6312697204075182,1.949989877017715,1
3.2733649771543156,-2.937146966000903,-3.7882828774786512,5.013733256563713,2.6907818649758726,1.432076073955081,0.6130401555278904,-4.574409495153413,-0.04640106248679743,3.120143679559069,1
3.947565763275019,-0.8947698581121035,-3.6012075504339522,-2.759523439757367,1.7906971206584434,4.802264847424141,-2.4351998231117773,-4.824174860765228,5.807508687786537,5.842835979716652,1
1.1965967047019048,-2.636271506741889,-0.3374067449949678,4.28514898834295,3.686834240662775,3.052043271239245,-2.942027668254407,-3.6170118418034507,-0.03119134426186143,2.8573457470020966,1
-1.5725345956424581,-1.9044527840874559,-0.5831501405269621,1.5289430405291116,-1.5090702526500874,2.3735683312375233,1.155396034928406,-0.8295981743922676,-2.0227209105814263,-2.2237047405540005,0
2.6351229927055964,-0.4694290403336827,-0.40357518690979743,-0.9693682957353076,1.0172080543780806,6.594274076320719,-3.3915242638509113,1.8130937728017615,2.30762395536859,0.28430911913747003,1
1.0838516091003645,-3.896449486629157,-0.11971470366727277,2.8706478207099555,-0.9354763568738622,2.7905215720390095,3.311910893921489,2.3696981932347057,-1.802815863791668,-3.33889488436784,0
3.2122932646450253,-3.8436110574881694,-2.0723418962136178,3.003169975304317,3.2784297439303582,1.1138116389786243,0.03973076309396184,-2.15873176461558,2.5202622637974805,0.303442721196721,1
3.133305593430828,-0.3705730098488107,-2.1409650157822893,-0.9118762774221327,1.5533930173994401,4.006275278817357,-1.8512408743238704,-1.8779569472937596,2.856648491467754,3.0606027124083384,1
1.1796028659092053,-2.2138487612259348,-0.5285643629292998,3.618835664804468,-0.5720171810569779,3.7052142143269045,3.3782334932324853,2.023995331755142,-0.3008270226811067,0.1661485496303574,0
1.3428104231153868,-0.11914050662784037,-0.43183297274468124,2.574077732740009,-0.4790082621194194,-0.24161686909066837,1.0787383495148595,1.6346225818170463,0.0029047674626059283,-0.2443436419294327,0
0.4011787362946171,-0.39273777703613555,-0.5735323724159647,-0.8962926043027908,-3.081253800825168,3.9501481181830527,4.590912738335294,2.226251932099628,-1.5417884185303674,1.3014896605748616,0
-1.1806214482992625,-1.3792922008056854,-1.0116500103148707,-1.9166747038947451,-2.241851362792027,-1.4822052009779711,0.035177595302153586,-4.78100589067952,-4.9238222651945005,0.7324624416712231,0
-0.9740067729419877,-3.609015523339612,-0.7350033541565424,3.415578581744456,0.37129517667959133,2.1427081504061354,2.3757896098814775,1.2398918828690795,-0.6082723175204607,-1.1720504123129603,0
1.3016436238677929,-4.858450839238266,-5.323517325789756,4.486907472558923,2.4508975111273026,0.15943102349778782,0.07713184215523938,-3.1343887497388545,1.7538190863559424,2.6274770074664158,1
-1.709611372647307,-0.9501516404963992,-3.354093871990368,9.104674716882968,1.5323582845371129,5.175551789320728,1.5437941836946258,4.946078857714431,2.5267520162979187,-0.35818149152582746,0
-1.1431101734003342,0.4591326820076258,-1.7845939072925692,0.7962292142066276,0.1550279599331208,0.09166754830860291,-2.168019957324168,-1.7875379563778973,0.16685209332523798,2.0489656106140686,1
0.8329895964394038,-0.5922072282533473,-2.9058069900000882,-0.23885209180215927,0.10671403274260283,0.8591508061166839,-2.049210412685492,-0.7455303299062364,2.251667033393569,2.1873546250385116,1
2.4704220746424097,-2.897745817821302,-4.633918828505656,0.5570423413140351,1.6665422859453598,1.7241881550633034,-2.199772893877512,-1.835920084000673,5.144608571827963,2.5967306613507435,1
0.7906652252076556,-1.3854338582716659,-2.0314814116400437,0.5829639072023749,1.7804022434812765,4.524996757128841,-3.2433709440032814,-0.5159791231595203,1.6133102095152703,0.1606229696687751,1
-5.719366753026083,-5.243019785763376,-6.312855756974898,5.3653754485722684,-2.0818968048430357,3.8886154383675686,0.3466698785841267,2.5207923144524016,-4.704908239754683,-4.816739197326752,0
0.7613619441439272,-1.1285933031607045,-1.8302617008884516,0.8923641148402441,0.9175753948243277,2.25555932766194,-2.187282642182285,0.5254157908077142,1.9289995447527446,-0.294225772763844,1
4.667825947238033,-3.2890087353930024,-2.6269541484516847,0.7768193673216597,2.8156395302684527,5.352232813827047,-1.6880141470131527,-3.118035014376816,3.5908151256964373,3.981175177079213,1
2.9065206071080096,-2.5100040030496484,-2.826643677996102,0.5115109807284046,2.684799847462163,5.890712657234539,-2.203053174881708,-3.043144266460267,3.3679896232297164,4.194696576031337,1
-0.8280568559590704,-1.0599791283024371,-1.6536442154468014,1.8531833885585978,0.10331903406607834,-0.6248431254084679,-5.370130423486754,-0.6947047472178731,2.348031806741125,0.8993362182214868,1
-5.543475869930494,-3.2929254552761105,-1.9730061749085743,3.9344950536583454,-2.8647607676292983,5.0834095716914165,3.3831354383366916,2.030774442862301,-2.2418609200553554,-6.110726455347592,0
0.5285771129891255,-3.4336529868587964,-1.6496797331552182,4.97335154285366,2.5794054693008492,0.495664183933316,0.07835659313242971,-1.9161331949933702,-0.5387212873241984,0.4263656255239603,1
2.3885164121181344,-3.706022534334778,-3.4317308932861206,2.4353575036182837,3.0432919953185,3.407290475014255,-1.4674252272289612,-2.3688600477988517,3.621954047526388,2.5142393100571856,1
-2.2237364277082152,-2.178398901715497,-3.235274407128,-0.8271580465888593,-3.950877610194068,3.13584460762209,6.154141204706669,4.135998745870134,-5.222856688116339,-1.2409840124302698,0
1.8697666329212927,-2.020101808471916,-0.6391442187625083,2.0051329297986755,2.780750405994472,4.697522204315902,-2.2375045844957198,-2.1671463196385434,1.2615581430821416,3.6049452099142965,1
1.6225941872303045,-4.86953368536437,2.2087237480654975,2.743527779236942,-1.1584007815861996,-0.02589639366290708,2.739381285232935,3.275448592869289,-1.0394862100281643,-2.984472368717968,0
4.191889249567808,-2.3916917189999496,-2.527993842883885,0.1331501461883824,3.575207789073022,2.888293243949011,-3.015704246330669,-2.2455169548491565,5.577393456234519,1.3750463433651106,1
0.8905986086088002,-3.957233669176582,-4.2078325954774325,4.074873771969827,1.2520179756299294,0.753866309787645,-1.1390915322176376,0.17186977789472602,0.18195030393870404,0.44681640431442093,1
-1.2174753275215275,-0.8104593883237503,-2.5794086717117466,3.6775460065240284,0.6441621108507061,2.261506677987199,1.7241699349133466,3.469444549474168,1.132048190855829,0.08643302330532299,0
-3.4423178344779677,-3.5973712406281804,-0.44306082371496425,0.9386422275637465,-2.8394590962937434,-0.5801992818887447,0.5688399216675428,-1.3261072520694595,-3.528991272152621,-5.125227238349861,0
2.304080087008666,-3.1876998251882167,-1.6594170886456876,4.102235312604375,4.43659828198818,1.4729692769682343,-2.6125838871299,-3.656094341070906,3.1738940079080225,1.6449019874079034,1
0.26702906097160684,-4.0749861145761095,-3.6373068175151806,1.7115940783687158,4.348035651838581,1.7880573489151668,-3.701904913940436,-5.347145850565421,5.341407746384621,5.153991467774099,1
0.18856990013747543,-2.1264874169888324,-1.8658373506520916,2.731886661340948,0.37687926705231334,-0.5465254822308068,-0.7192191645419488,0.45328986648758374,0.022546788196869283,0.27523018049929027,0
-1.85244004138243,-3.6800515773750857,-2.353168095137222,1.0588491243482125,-1.8388446849019024,-1.5375210779577793,-0.22097852551507868,-1.5232599213842088,-4.41245462279039,-2.979794533391507,0
-0.36692101216959694,-3.324761474402957,-3.2752662894950237,2.6215072837457862,-2.673211280142477,4.272472505751757,4.019916681822929,6.2153512380454785,-2.202055646848296,-0.6175803963938717,0
2.2924686065014446,-1.599457238905529,-5.124086981709259,-0.11319056511804915,-0.19718185053647197,-0.06508206035635178,-1.643290098409562,-4.593469417655016,3.4234050104646214,4.728583245649146,1
-3.066705815899052,0.1303115030198514,-3.3892362381310823,4.486974812139481,0.4502613217189033,4.403805851394863,-0.6072085949353521,3.624501768381662,3.125621792990554,-1.403467995405592,0
-0.1550967540991819,-1.657501563182244,-1.4931212282785244,1.346895661789738,-1.080064372165435,-0.6505144173167272,2.7940789653493607,0.6298124160090295,-2.73879200769703,-0.2680950221524834,0
-3.7214442301729935,-1.1065253127814605,-1.4992358514569184,1.2106210348389372,-0.9905793527142224,0.7222095844561949,2.384813354308101,1.0068240711178116,-1.4693809523403942,-2.103868691101631,0
-5.057986778075488,-2.8049675034012838,-1.7523895951520234,-0.3954268096390763,-4.915004120219234,2.2652307391343225,3.980897349334649,1.2949969685328386,-5.311396096511194,-4.9267102769687225,0
2.954013701156658,-2.3824748766440598,-3.3580735658392236,1.4051765721555145,0.5139203591923851,1.8689230614723358,-1.5776477515145855,-1.3222118716204014,1.9489298829397295,1.994484438508417,1
-5.7034944978714766,-1.971630289557873,-0.8705380362461284,-1.5876965980444777,-5.15589010159187,0.6646637211955815,1.2631301067490455,1.8995059873441384,-3.804581495420307,-4.609474121634724,0
-5.101754589849208,-3.32152258797808,-0.8826515903393919,1.1053707792947054,-3.64564594821707,0.8361843235384365,2.25236395974389,0.6800282709597334,-4.116173573783702,-4.273322859124818,0
0.2625825743762671,-3.387638968750834,-0.02401476359678223,1.215475669997361,-0.6891858187496258,-0.7263846178433426,1.1730872919213797,0.8555013686908619,-0.6341346787437754,-0.7581573483027704,0
-0.10227453350636262,-2.127105773990965,-3.031485719425588,3.5431030323791854,1.7902381666285896,2.348641065022906,-3.441440439988794,-0.5715051107641707,1.215639499800202,-1.5968540356236955,1
-2.1059491969834356,-2.239357531190144,-5.4755877658170276,4.19232655015292,1.0949532420863057,0.04596083998357847,-3.003960528349565,-3.6181064242050365,0.1549381872489599,3.5922257550555026,1
4.275816635565953,-4.05080922844623,-4.099813833300869,0.6338614305051673,0.9998572381707769,5.271228918649253,0.41277203004420615,-3.750935477883476,2.074722069725388,5.586914885953118,1
-3.5877574544259208,-2.1353324229194417,-1.7738081046412513,1.065866566213361,-2.2460748240226516,-1.5276806787242303,-1.4494254249794447,-1.281265982492453,-2.8769484989612075,-1.6968314319536706,0
-0.900140862699186,-2.9478658705807117,0.1640461303792322,5.639508957315291,1.6365107878148146,2.8424301520594275,1.8930413648586957,1.8309325644273688,1.1448152636173528,-1.1089775543046159,0
4.543469553217712,-3.1390796945960915,-4.058656492456695,0.9249910382552149,0.053905132320063,-0.11693112802156858,0.6494086276285724,-0.6691752006227554,3.5417054364480443,2.13979634285411,1
-6.805709130631476,-0.3946920506642755,-0.7457012460685712,0.29091449313266815,-3.1802433382933395,2.147645792013333,0.6866606464411502,0.29905170035053263,-0.6090524394249652,-3.683806681033518,0
-4.582816298559875,-4.896618032091316,-1.1162130053213297,3.3903205044101017,-1.653530228236172,2.313884588071787,1.662438025192136,2.839950514742019,-1.1358801473479816,-6.336259522424213,0
1.4904957942074462,0.7691236750932551,-5.781530497995519,0.5353920982946103,-2.5379980871438264,1.4788319522743867,2.992005992909991,3.3536808394039426,-2.9361163599724787,0.5635699078249061,0
2.0332960857840923,-2.980838156339926,-2.859059214177936,2.215617943532508,4.379479978310018,4.912122088229936,-1.5194125671403578,-4.538033848183652,2.384149627253883,3.8443713745110415,1
-4.788949350492466,-1.010606369168762,-1.138195543189556,1.0708014956198748,-4.538294257899025,1.4278012197453291,2.61124310262742,-0.26049182123586556,-4.194106542260268,-4.577899998173256,0
-1.8366212968542532,-3.71978058945468,-1.4553035523163955,2.7862311300862372,-0.6385981171048274,2.3995802492305236,3.5231599602162604,3.0129914811445353,-1.5756485055783989,-2.3774683642652805,0
2.33756949470823,-5.991532263278913,-0.3055956346643047,3.0634104571338066,-1.6906902107020318,1.5523536166617178,3.8028627770414953,4.065193348989189,-1.7871095447868828,-1.8727598446016618,0
-3.8940544088428766,-5.3283272688049195,-1.809798220137101,1.190553331133379,-2.0152027061887114,1.9630821846601327,2.6495754986826894,2.527693636933515,-2.9142228841730042,-1.7590989168367754,0
3.3999181581478695,-4.100457088266362,-2.6675569213680794,3.3535852318419566,2.720120453217944,3.616915432906085,-0.5910004188381783,-3.9957845035767696,0.9255200085305437,4.173919502211374,1
4.943887408633011,-0.8047682294908955,-4.69618053710574,-0.5749491369895439,-0.9998597683624353,1.3120171007702113,0.3480178429017107,-2.6386622108138877,2.752501557726143,4.089687603285243,1
1.4329747275765548,-1.885421803626001,1.1517204840396267,3.7806487956879984,0.0004896394546869409,1.4878740581884116,5.203607294372398,2.2932588725157355,-0.46819525942822215,-0.8424373019753606,0
-2.151669396844742,-0.42596316003066526,-1.959153955335159,6.155316034976662,0.273592920237161,0.4705829530856189,0.44413057259795075,1.9736788663411378,0.9318496781292334,-2.730429392331917,0
3.0739497102629967,-3.2755320486608084,0.08384242962475019,4.5424672065832326,0.12723851196681912,0.747173607617458,-0.5220818808680656,1.4963801298661057,0.32182335135493356,-2.190584375301632,1
3.4957701495436346,-4.156782868567269,1.2084376018517218,2.167236100201335,0.15676246296614016,1.2856330756072296,4.014661386183253,1.1460188619773048,-1.588980761488676,0.2610719928512779,0
1.8454618923178072,-2.5781473040782528,-0.5547953520023126,3.988334890395417,4.321422940519264,2.76532384093888,-2.8743225895192213,-1.8874759831443584,2.5404400057400585,0.1667320839769384,1
-1.7481584056117834,-3.590942313050796,0.2953557458158058,0.6963717330417936,-1.2224568224379602,-2.776030838874332,1.811601973946459,-1.1898296377620556,-3.280479706565088,-4.837783462105207,0
-5.082791714054659,-1.922711018890231,-5.003078859182271,0.7075002214157871,-2.1253793825179574,0.3260096014027596,0.8337450753719793,-0.31962607339073434,-4.349641261489245,-3.083056416762135,0
4.4075404907340285,-4.714951721619782,-3.728826747831759,0.7508448258072684,2.1535029556589422,3.751311332355685,0.1850653718004498,-1.5514785176138965,4.1429984684581544,3.9842309767411654,1
1.5108175902979673,-2.2223326882382235,-4.995424935467141,3.0103235220564963,-0.10913922397049935,-0.6514699251596672,0.8007122579150736,-1.5373726701138337,0.27500816076983314,3.012015429171578,1
-2.20984966437473,-1.9018259598144531,-0.6937924219486824,3.642936112155386,-1.8549055288751914,1.7207088445883394,2.446379489361724,4.694946519130539,0.1272660415280309,-4.488624001878081,0
-3.619821651072627,-0.9829723589286947,-3.7150368807322596,1.9557444670134403,-4.284005147203843,3.5721827915359716,2.048804474576838,4.630938151121356,-2.110100820656933,-2.0996999420460685,0
5.498748660700038,-4.461910691663036,-1.2069967833666195,0.45893918478162576,2.7742865005537474,1.9159211664263023,0.12842860313356042,-1.4802586364431,5.026151014904106,4.0008193877124025,1
-2.512013728924967,-4.093090203755118,-1.7744544384236323,2.32248606926485,-0.40024791967568185,0.3417256303864207,0.6216011396843915,0.10563490713119639,-1.6925109114646044,-3.312574984506001,0
-3.2385647140237865,-2.112130328631895,-0.9506233864397737,5.275097747320437,0.7675025295627851,-0.6393786997035056,-0.46482295737226353,0.21884010514483587,-0.6804624988159369,-3.7317035451936196,0
-4.768579668648483,-2.3053185291814806,-2.1144113731440117,4.691167461073148,-1.4363171248706181,2.1087674524878812,-0.0012297963073519824,5.433642764586292,1.7416739075668177,-4.388023170139167,0
0.3574692168200264,-1.110604244380178,-4.19508340532737,-0.5491754993234861,0.6869147013767014,2.8018925287621093,-2.1787270339334293,-0.6388838519543176,2.4282115106472157,2.43838443493118,1
-3.0110676896957767,-1.2246985951410978,-4.244870180828247,1.361458323361847,-1.5868905307774432,-0.15039362212722063,-0.9202228502594036,0.47842484907962235,-2.183414060116172,0.196442034750814,0
-1.0322951184960836,-1.7721037891899887,-1.0574905978835605,3.383748335287721,1.2984106646894273,-0.5027199321040929,-3.429035308214983,1.1886101952655945,1.492772236360171,-1.9323625908018993,1
0.14014576859639583,-3.4091757455469054,1.3800582529274248,-0.4982409302498696,-1.6546119332178282,0.7380316744876323,2.0783262982868287,-1.4199472885326805,-2.8020100434415975,-1.795808503707288,0
2.387132434988451,-0.5802644186165888,-2.8085931182438664,-2.8626657783572558,-4.431981929557848,-2.6200637598605185,0.901383781382572,3.126436168124636,-4.3000755129030335,0.05121851374572417,0
1.4465942897032058,-0.5168699513128183,-0.7333217046449374,-1.5258692321110536,1.9208797000150741,5.096037966554714,-2.740483699505437,-0.33336586190474926,2.486071531919772,0.7116578526431332,1
2.5445003323512854,-1.2914353370757854,-2.641333168995045,2.4578957497139355,2.6459172780484708,4.248472219783324,-2.40022867050089,-2.751998598289427,1.7575087606614666,0.9359677473796961,1
-2.851743573227939,-4.474309909342061,-1.0033357613094844,3.10186345919821,-1.7145382426491338,3.154344091753602,0.7991613075932278,0.3196664060533969,-3.4992498632878304,-2.708832681707841,0
-1.9573154573493432,-1.3449899395524776,0.45356231198974806,7.611469779912681,3.2401216732381277,-3.609745557201304,-1.7582002394003968,1.1432792510092225,-1.7280032675973844,-4.012406858192196,1
1.6715299029179134,-0.9583470261838432,-0.8623249619185893,-2.0415052193938017,2.776975301652585,4.857171918589355,-3.508235451004426,-2.6261936245564086,4.349063970190209,5.750016599133125,1
-2.154023168921306,-1.468514367364232,-0.719364294921121,5.55980928127628,4.626121756849717,-1.1582889905175993,-3.4873324317385426,-4.014571719804126,1.0121920835179847,0.8473698150785447,1
2.6072120017342244,-4.454166718755118,-3.9508855465115698,2.310059774915794,3.0840247059006822,1.7162630701330577,-1.1097159827160648,-4.237227060996592,3.793013204336783,3.1339988135151877,1
-6.337928582297223,-2.7513768695256453,-2.6670234729049804,3.101839543653202,-2.1683093876766395,2.8616379087290222,1.927614211366186,4.919392345125852,-0.4922056182364729,-5.24048701838787,0
-3.5641885932458894,-3.028154700642772,-0.8895380549120995,2.1547379271350064,-4.450651148668403,5.593670776304869,3.806174128607047,4.130008742479529,-1.9525457318776427,-2.8068059981896063,0
1.2595284092659322,-0.07971269156307437,-2.4894537433331845,-0.3602169725361426,1.0329555503834091,1.2154924964691483,-2.799818356692739,-0.08722706343290998,2.4463763202237385,1.0129052690465201,1
-5.995340699825615,-0.43224606580856406,-2.4226836366128124,2.6391725321059996,-2.5475908884547938,1.7294496980577385,-1.409465453161387,4.863146222698397,2.4769663595818248,-4.58090160342142,0
1.5066706104181695,-2.0255225215918062,-3.5575502805189547,4.618652735773702,3.0601564507614336,2.815968901360727,0.9088900973568306,-3.682903855185156,-2.2128646123720594,2.651691026364034,1
-0.41990793141331606,-0.2629091142615412,-2.8269412663599285,-1.876815837581518,0.9847612516846491,3.084820395004395,-4.568255916449949,0.09869798630323157,4.600617229214596,1.7006092471128098,1
-3.355067361130555,0.8579295927794504,-4.4211182864778955,2.4510363568330114,-1.7403396115589658,4.1877203098553135,3.1593204131903265,6.040188882765894,0.8936407325612925,-1.0021790046381505,0
4.902149704135982,-1.9731690441415275,-3.5087985582142966,-0.11374760739400802,1.806615132930069,1.5761956727921957,-0.7564393512652146,-2.986983977782986,4.476478662924656,1.689196347292505,1
-4.890227953251214,-1.7400341784198887,-2.6587923576230077,2.965385161996745,-2.359013575126723,5.454989614158205,1.758996614126748,4.645911115519697,0.11815886897970174,-1.9711191905353354,0
-2.9156882914985305,-2.1404533010873026,-4.453781667405709,2.198565864556728,-3.6001433573334642,1.850849630365366,0.6281622054306641,4.9462404404549964,-2.038480311095311,-2.9466172765164806,0
-3.0207716339448902,-1.6090418748555628,-3.2341178879685923,3.8819759686498525,0.9005918645721631,2.8712347926216366,0.7339271868361354,3.118596497851371,0.7224229074993649,-1.0938279506720252,0
1.0872365479848227,-5.395063663826189,4.351679015377069,5.61409379801751,-0.026907687140487857,2.8399063403762534,7.204118116428495,3.132257916814564,-0.9498407621844165,-5.08578592455021,0
-1.2613160835891823,-3.5785567532373976,-0.5092709461838429,-0.8504396955659672,-2.4209539748932034,0.0155439051669517,3.415282821060611,-0.8319910863274318,-5.372069237984127,-2.544857512705045,0
2.3680033126929168,0.1050033461362152,1.5536541339030845,-1.6120034087917978,2.1776748264424857,5.970855006530805,-4.7045603053531835,1.2342568669221547,2.6870478604674957,0.7326416015439303,1
4.354542190033216,-2.7777860487131383,-0.7109010206938529,1.7032169931452406,3.8733407788959777,6.059237385931365,-3.3733417190444257,-3.279055605751621,4.110483346084442,2.475032550898861,1
4.173522884495021,-4.867653170482525,-1.9810406961873077,4.922128258916404,3.366963013009684,0.2695336229228247,0.2977805113366081,-4.3741175810922055,2.5283087483027713,3.73339478784127,1
0.9652212126190571,-1.4162685542290654,-0.042145295854067344,3.8109074330828454,2.021921205268581,-0.5027813789629887,-1.239530871693845,-2.5904503847452363,-1.3245059533814234,1.493596713035076,1
-0.23410408235992808,2.190603860932252,-2.8789539208072243,1.0709935042617875,-1.6353931712422194,4.450286229270225,4.035350768006378,3.8745987153033017,0.7467124893315344,1.9921016714762496,0
0.37579639865758385,-1.1743538137389005,-1.8980753467487101,3.4887864667092434,0.6210459452586434,0.14725558444535003,-0.37950795268404613,-0.8000936965721701,-1.4955398148116785,1.5895303374039766,1
0.2543887657669064,-4.3472160520351135,-0.8475674927482315,0.4125627602321975,-2.744522579255788,1.6038311198338482,2.76037483290132,2.580352409627145,-3.679783707797548,-0.8656372995855677,0
-4.097360475619732,-1.9046855213457776,-1.3617988617468078,2.8568097488272395,-1.3649242193982964,3.4757478459485576,3.8038022103570888,3.451194077165435,-0.7315389923079669,-4.062750063775944,0
1.4948103551657668,-4.098288015875246,-0.6189960948233888,6.283406199198887,2.2207597661345675,0.3826499662024807,-1.1668770985962718,-0.9783632147297034,-1.3969322951038463,2.437272387591641,1
1.3953885495188842,-3.446071842923551,-3.144176535163945,3.665400674705241,2.5037917540295584,-0.049890154311766466,-1.813017115639897,-2.1459341225135256,2.4814657304931838,1.1913867351287126,1
0.7726253657780582,-2.386608154579042,2.7919327892362906,1.9253809485801505,-3.1880320722066804,1.9178125113393976,4.201825750726559,4.431905212702053,0.11745813604159583,-3.1349112112078092,0
-2.714859172081935,-4.56946010609788,-2.316431218699089,3.4600253859803325,-1.9206483318262393,1.8165447845753422,1.860494344351417,0.21564184435038025,-4.079100042757519,-3.036216745680252,0
3.4490279020611103,-3.090565068275581,-3.3749370956060707,2.1498899788496955,3.221882626000296,0.9177042059875962,-0.8864075532814,-2.815945900048005,4.6662680745511675,2.714642566460467,1
-0.6971463102880358,-1.8600323166882295,-2.5530644940946674,2.048156873982894,2.2065755391942212,0.3698912495971374,-5.162320351764839,-3.9258763297550123,3.614049190178476,2.9720141746051465,1
-4.105168755628583,-4.099340020169609,0.36003846902975933,4.257409082746889,-1.2695290264099017,0.11547964996817783,0.44281675255509567,0.671290340227406,-1.8036374600829246,-6.087281426183769,0
-3.1664771064671844,-2.9550764936778116,-3.600308930907776,2.4733305999643562,-5.15038407986854,3.780060088571976,-0.5052363064489716,1.638741141364245,-4.132022219317683,-3.3712350125444215,0
3.247460311419053,-3.739792334978394,1.1737832664109846,4.124029691970808,3.879589590177933,1.6024672241780178,-4.026250210910183,-1.704952658983272,4.448775045705382,0.09246800859669291,1
2.3274182329541304,-1.2280919807009938,1.5925083888991542,2.1625386728480245,1.3478190542107162,2.4471567779399224,-4.887129063937652,0.49358615462242783,2.444063794661189,-0.28446886809245164,1
-1.117433000134214,-1.424999505465236,-2.0055779135370835,-0.8301374670567809,-3.32784533129746,2.147662925265349,3.4964510163831557,-0.39667705156950417,-5.170369216819032,-1.0163733259263363,0
-1.3823848565553705,-1.4452163936211586,-2.76674582825203,5.152961243878294,-0.8359876929067487,3.6100863045939047,4.274818604446553,6.958696934961549,1.5352193688768234,-3.01939329763886,0
-2.2893611336758277,-2.452396210566032,-2.4400460002439948,0.23919337535890683,-4.4637643977278625,-0.8091117871306395,0.5424323966504836,-0.763779055429632,-5.4536232713381905,-5.3022259603599355,0
1.3829122694477132,-4.958048897301905,-0.3214710344541529,6.752677532792221,4.624915465821838,2.6276308279268745,-2.2266207507922617,-3.1772005148361115,0.9080572383906149,0.8352231238626668,1
-0.6803748144094413,-2.3531545616253537,-2.5128248160391062,4.687967571433236,-0.10977293383995956,-1.054058695384669,-0.3189860622100855,0.42338911410228075,-3.1038816145281025,0.30455335816047135,1
3.3335503621284133,-2.825412405939604,-2.498878628541436,3.2500936383983805,4.156784223335343,3.1255429686329457,-0.9311287925209617,-2.9946672801518472,2.0382369050171025,2.057943627669044,1
-1.3167075423448602,-2.872538641625396,-1.0148105569372436,3.966509105214869,1.2916150533117987,1.5341075042979808,1.4557663662929645,-0.7142292523149627,-1.0018087872644945,-1.0357535631907997,0
1.7397613151967037,0.7567661050916366,-0.08059399896169639,2.6306624746424085,0.2609494912191932,0.6700202162039255,-0.9646062424920347,1.2057771412501985,-2.1082677146402578,-0.8420186568190466,1
0.6630354380663168,-1.4328537888972774,-2.2059584240066337,1.6559846153875906,-2.6951481753338427,4.237419325532005,3.9383257997684904,8.148498568434622,0.557683616205694,-1.092263544591821,0
-1.2820953279048033,-2.066377138700116,-3.0255875387186775,4.7563667812014145,-0.8337016845491798,0.999836580016233,-3.279658099216313,-0.8988303255912489,-1.6487233028716046,-1.6239971862451013,0
2.798985985231365,-1.8673666374755435,-3.3912595035854434,0.35989306601231874,1.1330138322222918,3.1668362941984354,-4.716320787622097,-2.2575622354697047,4.728080020058545,2.524079012247898,1
-1.4702167927807277,-0.5001076224006051,-0.662922668112238,1.297857339888143,-3.49286536485924,3.0587867303599303,3.327287894960324,4.585081484569128,0.30237843500107786,-3.318801644758998,0
0.24424657654221726,-1.8850489756057769,-0.08592771403463018,1.5180233814920405,1.9934999841777417,1.1029695107636224,-2.5023156316792754,-1.4348317170283824,0.33141328625434263,3.0816767279837385,1
3.557501612068236,-4.625029357232288,-1.0017025106293094,5.442638666203587,3.040190980397536,2.2831533398084605,0.12188447681913583,-2.4901152578113046,0.12745280015891147,1.9222912597499804,1
-3.9025400827903325,-0.46651186802904854,-4.648414914252676,4.877398934652652,0.4898664276745155,1.2656843944548792,-2.3912743827023366,2.665509502020347,1.2091431390319411,-2.249575155324755,0
2.631979177808071,0.48159385493872175,-0.841507983747646,-3.561627956476806,0.6094563635544599,3.708195449734364,-3.6202125247554857,-0.8371209914597051,5.135801251662542,3.3425344125907683,1
-0.060632157873154346,-2.563981731402701,-1.3342743614897128,5.229608241423535,0.18793592328456343,2.9184559074606646,3.8783273334535924,0.782210487380574,-2.0009761898223775,-1.5818753660955946,0
0.3625882228107242,-3.8737780529008283,-0.7469521204195404,1.6560622051745355,-1.3945862709225096,-1.047110030576098,1.5513037807165617,-1.1681006574046897,-4.790572937995087,-1.5372615818167994,0
2.3419433164772743,-2.640658978982409,-1.6493901037072585,0.33379605147168023,1.5555606130176516,3.971273854272853,-2.9867695642597734,-1.3018761968798982,4.095098842030644,1.2465869539237273,1
3.335539331202911,-2.6217371662966684,-2.4554512225893066,3.4167912342353945,2.7139102190200823,2.390526386327782,-0.04236709692687435,-3.451444363664135,1.2803303333242764,3.135957922081376,1
0.334110125714715,-3.294041700854458,-4.760950897351355,5.135121570963387,4.087162268580043,0.9683201289519181,-2.8742167779661916,-3.244571639738165,2.2628466686194812,-0.2450174809081438,1
-5.731304357330643,-1.8195140665014637,-1.8889571138670775,1.3601184849974668,-1.1139692644367258,-1.019080096537595,0.0566901078603379,1.499926625070516,-1.6034064069567957,-3.6165485313168837,0
1.1249490382344938,-2.2776996148763664,-3.5859657015901547,1.6622544645612076,0.5480146979626388,-0.10323375075110341,-2.2191805208817006,-0.30741981108878536,2.7651352457009937,1.0985089150038931,1
5.178993372585438,-2.8696323606262113,-1.3533908696250392,0.025697642193398096,2.1478946142322095,5.227542655377196,-0.22071654928201445,-0.9516538969253139,2.641426301796083,2.5724236718960714,1
1.7656950541901537,-3.3543652434534055,-3.4225236526180396,2.9252416985541574,1.6782712296733944,1.6224701503336796,-1.2366348371285676,-2.4292492509106927,1.971537235915799,2.611845782250768,1
-1.454047431318377,-2.2553428479404958,-2.2770646144672697,4.598356778515782,-1.4792831546638956,4.061816785161348,3.207655026090033,3.074391393782051,-1.35655053301864,-3.459370081210051,0
-4.5896269552628794,-5.133385479735752,-0.9969846916258762,3.2118711640453763,-2.291727941178564,3.7822351792742204,4.023933070947589,5.828422278112285,-2.1663572256064625,-5.241436049146623,0
-7.621819804029591,-1.518207908280242,-0.6098986100755208,2.0165531032805055,-2.6785820068275883,2.537732813679045,0.8189443440486475,2.3251435114558467,-0.0801450898479803,-4.5152281965472945,0
-1.0829750041938975,0.03128167108676427,-2.2625784587020146,3.7036320574855512,-1.3395705970945078,2.731812892779365,1.5056057583578908,2.5988918880998675,0.5438479262853546,-0.697213610556809,0
2.7772584893379793,-0.9345575504550492,0.19521315329099798,-0.7802613005086099,4.111785213904637,4.4253381847174875,-3.256296582338182,-3.3575699728590314,5.034882578352725,3.640563880574433,1
0.30282297292480465,-2.1271239741614996,-0.8825282442577329,0.6968628013781739,-1.3627521311890853,-0.7791902305246468,0.7687519419521303,0.70409396285843,-1.3715634533712424,0.02605113149010929,0
1.9235475572818654,-3.8228149132017464,-1.3442676140165042,3.991478158615968,2.970046416690529,2.5267015580092123,-0.9499465675272387,-2.997284769369,0.5698048828367748,4.06322912395871,1
-9.483576213561612,-2.995067123597232,1.0963428165444644,0.07854111031640021,-3.3274169777016604,0.04557750934689575,-0.026349718426440738,-1.5446153549552597,-2.6199455024616087,-6.647268934997646,0
-1.2973300014093256,-1.6985526653197516,-0.6678189234730634,-0.32567667208896767,-4.423317815788671,0.9289928234539813,0.15070159210841738,0.7988223273681305,-2.9530593931540876,-2.386092524630035,0
1.268670214873822,-3.3482905619335814,-1.1790611035079506,2.2040393990398743,2.4475103417899353,2.69348495893343,-2.735957602225896,0.6178684518250277,3.3837545379048053,1.226543024190315,1
-1.0560169530473833,-1.196577632940192,-0.7965066129967484,-0.5823457075504641,-2.6890924254894633,-1.1764261709868316,3.9452175768297737,-1.2628861485840859,-4.5042898814295,-2.0656703917366563,0
6.28801452112026,-4.795411951138743,-3.503505144998586,1.7598331756389904,2.7230985589370182,1.8692836675939983,-0.11628041255921895,-5.549739235103509,3.7561487729729066,5.396581836119234,1
2.7111598020623964,-3.6409090341715165,-6.331630690094341,0.8345707696188696,1.7562660029418287,0.5215518942353614,0.11747975000999755,-6.017760610036855,3.72701191687253,4.6169139110707915,1
3.6916543117208036,-2.6026186095790984,-1.8696312747317005,1.335204489853551,2.509361986812781,1.9172979352469217,-2.4637667305321016,-4.313480383288671,5.528075509992506,2.423972853394072,1
1.9788158061678187,-0.6451611101602652,-3.557343256347534,2.943264900525295,0.8114484716108579,-2.610626620535027,-0.6586689305876186,-2.5577919480483766,-2.9664872035673464,1.2542601258249602,0
-0.12741743882464762,-3.3097904843338686,-3.2142486322207056,6.262631159117515,2.280337028457666,-3.13850753714181,-2.148754016809687,-1.4650777490332567,1.521962386076109,-0.5028467842455688,1
-3.012888361106837,-3.454883505483462,-2.835706104182513,2.760816933056987,-3.805911004710766,1.3220307234629745,2.309530219608545,3.2910694818912143,-3.994548093291053,-3.7635348828307578,0
-0.33718489862200296,-1.4872718835617194,-1.9289603898408603,5.938070474583817,0.8722885471821664,6.443794485782255,3.4612401490925926,7.154082147201811,3.4564342182793837,1.0031342601685598,0
2.4257981462851976,-0.2632667835605005,-2.0134104955885332,-0.16564536417435782,-0.514131492937119,1.2290303733753158,-2.508230660532634,-0.38429583716824744,3.1554503872646764,1.966498067682706,1
0.6563857536083475,-1.8397893501413347,-2.1529639659113236,2.4314618305184714,3.5339748738706334,-0.0516693149881049,-5.299557582508212,-4.8623348524735714,5.652191509654908,2.9881198481248727,1
-0.5794397415499852,-3.579303189352502,-2.131862059357039,5.798844555998864,3.03814823817502,1.8797438631375527,-2.148204546629803,-1.7490120069907928,-1.250866072843969,0.6182454879055772,1
-2.9508170784805494,-2.0491402354313784,-4.285063695228223,3.9479327241619173,-1.1380724903807677,2.550282996880524,1.297883315728257,4.956816075857605,-0.23778362636521222,-2.111280059735194,0
2.8351734217846385,-3.942197463001174,-0.1963402820651572,4.333602569289418,2.263258786087009,3.9042899157537256,-1.155738338539467,-0.7108350052583887,-0.03293982063787748,1.8681579590632063,1
-0.6871670768989262,-1.0155135495909646,-1.2429673829322878,1.7031894250325723,-1.3006227020312164,1.4599319099903365,0.6904774311002773,0.05187367549323518,-1.4984696590592503,-0.963983992318264,0
-1.3990098317970787,-1.0202429469905356,-2.391458145121683,2.2895485300257334,2.0868898862541174,2.631185314415772,-4.74110227367244,-1.333714660786527,1.9703212699022261,1.3027312138951608,1
-8.803541893727337,-2.6312777489068893,-2.4322282768920207,4.274655802538696,-1.5675376219517485,3.409179692829688,0.6552084379847183,4.913929013819171,0.8492121461917335,-6.187368344874664,0
-1.3996633923937407,0.14140694643040685,-4.548343514519022,2.1012109037198985,-1.2255287053606736,2.6698435782581846,3.06458529507655,1.3568883568938146,-2.1309095658911135,1.8687706089627456,0
3.172497337579747,-4.009735822288853,-2.2905762109219556,5.424255624745339,2.3256877721876847,1.2327366648648947,-1.0615774569246965,-1.4829385910152557,-0.10116364192129801,1.191158471641634,1
-0.4608127459787821,-4.700983077224963,0.9041253450260376,0.1617236187584159,-3.3510227868930405,1.1465613309308869,1.2564509727794284,2.031455732985765,-2.6408938461753255,-1.9313651732299002,0
-4.215693102835198,-2.4861642067489966,0.7668249158898042,2.481962524367538,-1.3187249205962575,-2.00553570353258,-1.3172992911778318,-1.3094693599830247,-1.521949640694643,-5.146361485904007,0
2.452148804697984,-1.8716263210869775,-1.165242220376275,2.3219927622154035,-0.6865350351336981,2.0286584014149827,2.2559876291675627,4.16202434775216,0.08278942171218562,1.5000575797431144,0
1.8891777399253948,-1.0173418718592275,-4.511450021029885,-0.9876653697694922,0.8940918648512266,3.1968066724718502,-2.38974599303212,-0.7294434394019758,3.4743749604332477,1.031473079041619,1
1.2480030434162313,-1.8494440263292744,-0.9754569705948186,2.296673523765861,1.784529417485122,0.5153619577636215,-4.388621499411595,-0.07039123219188381,4.563552163768211,0.036215779923168157,1
-1.0663795414034833,-2.7695266638020297,0.6579927155695966,1.5978987580641186,-1.1505775883091447,1.0192307061296828,0.9817909057563852,-0.2555941147418981,-1.8519433287387626,-1.9355534499750782,0
-3.812512718414633,-1.9134422068669577,-3.370089987128079,3.9060214952319092,-0.21668019174317776,2.3969597503706543,0.7027675203195629,2.8555347220974854,-0.3014389293788198,-1.8086014966052602,0
-0.6859717619569472,-3.2364124652471986,2.679326933571291,1.763330365985183,-1.239507888425511,0.4081453887857651,3.8987094484964944,2.788461436895865,-0.1412490663599515,-2.26443712738012,0
-0.9623631992086465,-2.274316505206631,-1.4117896664016154,3.3388714832129196,0.25120601760482497,-0.49256520795576186,0.3335587722840896,-1.3701731295199777,-2.0987369863605116,-2.116463941736734,0
-5.358654545940642,-4.655485980775055,1.3932390717930736,3.489409393502799,-2.7448058417955545,5.24598764841498,3.4936467609470676,1.5413262299641635,-2.205529919736955,-5.043498871004482,0
-4.926071395100248,-1.0904627957348951,-4.051270432961129,2.0252228034285964,-2.5072447425499953,1.6297610896868677,-1.1586449664135863,3.430333333386241,-0.40126742086615974,-4.8495709114515,0
-1.284097665919226,0.6523657837219656,-0.08367074414149833,1.187780749965111,0.7483088566870018,1.624608208186626,-5.122542742901642,-0.9658215102854992,-0.06422453650222248,0.5879940560808448,1
3.78556327186441,-2.000990648149337,-3.0420877907450463,1.702917110122303,0.6366206936949892,2.4588549413489007,-1.416218850722338,-0.5062771749634145,2.10754027862812,1.0655485731586896,1
-0.4312331721997833,1.2654580694167863,-6.427611905217978,0.7885618964683843,-1.2430177766290251,-0.6985457926962222,0.6076428485606657,2.6400253341310087,-1.4986719195210467,0.9638383914042419,0
-2.821712107883423,2.349986161401386,-5.989649676062745,0.6565468283934575,-2.377290949517783,1.1418877785572557,-0.0030509341044964167,-1.5249821370828758,-3.4851801777152116,-1.1267460759622159,0
0.7476918994291955,-0.2072771357160652,-1.5074943992382817,0.8529489550767142,2.7703731450698155,3.1670005374780645,-2.7721984941578377,-1.5196109797692423,1.2797585954652773,0.9613231522125743,1
0.7471358347198565,-2.8656465547906516,-0.40852018531784373,4.019914924210845,0.6304275215640023,2.5910652178401525,2.6298468970697426,1.1682533903156622,-0.4735364229825745,-0.4007170646923017,0
-1.0172842856752244,-3.116131472596568,0.032943226061985964,1.0509951807353397,-2.804949261726679,1.3781447918706209,4.034882612184559,2.3591301252389645,-2.7113556004631008,-1.734502318775885,0
-0.08651743980873494,-0.6559234236114262,-0.5395026336471451,0.27555065213686025,-2.472210588287302,2.181205659127983,3.491022121356635,2.1761779315400656,-0.8882694423650364,-1.235644845763289,0
3.153196814714036,-1.4920307779451705,0.5909186087646812,1.21695343279261,3.9161171504015613,2.660794094167657,-2.1036849916396565,-2.375766542740926,3.2934926243420652,-0.29002859693191896,1
1.6359263497309617,-1.8641079725048888,-2.0307388392744294,2.0115906565873054,2.448175029114648,3.2363303211622787,-2.436653512945561,-3.2822474886709836,0.7115595356182147,2.986644464041967,1
1.0090058437682141,-0.11319748292495224,-3.40449539059807,-2.241178280502627,-2.5270139190239225,-2.208064742337565,2.1997725670586297,1.8871543266069237,-3.281415001592161,-0.35265901416776146,0
-0.8116327991251071,-3.9974543703189998,-0.8317377532186996,7.019909414442455,-0.5635988373017533,2.8969058281413016,2.1317565408141514,4.243169825721469,-0.4501451839793744,-3.8727685439626667,0
0.4918324057952619,1.3770694802808734,3.5653533466375826,0.3264404078535257,1.8356284177765603,1.6421546870597035,-4.551080616918249,1.269669870052692,1.8448300057182978,-0.5201508266658803,1
1.8984079456192777,0.13829807937084082,0.26304073604101985,3.1693728557056224,2.454359884017732,0.514176715778941,-2.8371858523282993,-1.0642129454346203,1.84000351109287,-0.39362744207005607,1
1.4684134224536542,-0.4789226233724626,-2.4755113241637527,-1.7393558172510097,0.34541545666653417,3.966789701104136,-3.3198234712206878,-1.2837199852992038,2.3366447470448435,3.9216458003611665,0
0.33119911921587875,-0.1941057467973677,-1.6698382852690827,2.4651852703085053,0.4716950905505044,1.0655876165425022,-1.061743247230354,-2.3758978389157566,-1.9663614817454755,2.959675532885722,1
1.0728400902350705,-3.0075528363467114,-3.7727176009271233,2.4653743750340937,1.0926753656312607,-0.23379047112875329,-1.182363703288932,-2.7736646460374863,2.2473662815994815,3.7181584141225876,1
-2.666134819350221,-5.808707687460766,-0.2629848089094151,4.3646154854892325,-1.8235784657419056,4.744324592607011,5.253426024203181,1.4192757145747825,-4.58040624368105,-4.452457766847832,0
1.3979068202380596,-2.2837851980402024,1.0929225232957576,2.7671501506814056,-1.250508680960583,2.2189576626549665,1.3428464047792779,4.169884416694959,0.9797692023888764,-2.386460526870435,0
0.48281565903649715,1.3267284227640768,-0.04753664838726879,-1.2272063984117696,0.3103887559866967,1.8338949237774669,-4.186532118964845,0.5231689607460379,2.3938634195054207,0.7179775799683996,1
-3.1864371571519623,-1.089646071631497,-7.2798526382869495,4.824664051440827,-0.04292558278714864,2.202491942185126,-1.5006274941913333,1.775225818595708,-1.980865161418414,-0.4700723151313593,0
1.8744863164648535,-1.7961367213548805,-3.8041700754832917,0.15108266430429795,1.44619772770839,2.757760596214695,-1.4183231528520541,-1.9413582132830323,1.794420490955069,5.113841418891468,1
1.523507323549699,-1.5716500774770659,-1.562968107597157,4.311327754588999,4.806191965635316,1.1616965599734437,-1.503641105942714,-5.68268214320612,0.6429621635049936,2.5556913025081336,1
-2.006274031943621,-1.0941960999220255,-1.9086349878137638,0.45638920722328624,-3.225379841750047,0.27117394244880955,0.8500746648908533,2.595772212939101,-2.0229402118423185,-1.480927074307599,0
-0.7136936553973814,-0.8643097979312107,-1.623061235480963,3.3177399529871865,1.9890016523277805,2.968756456984446,-2.395115585736068,-0.7684341395841805,-0.9567450328303377,1.4274454743213318,1
-0.9218647633157135,-0.35623136491813123,-1.3864744955326596,3.3182367872423173,2.061656834099498,-1.6206546889499176,-2.2821336137213346,-0.17479035244494612,1.4025345870719557,-1.8921423268397626,1
-0.40614117972024566,-1.5547193452248866,-4.915381759260741,-0.10383612560100675,1.102552098431764,2.7932762243358713,-3.168201453489041,-3.59336073909996,2.2377450172015365,4.856996516170157,1
1.9083054415112848,-3.759593972125421,0.6550322419310999,-0.31130225738640993,-3.9747936391183787,3.3344467901000625,6.369562539701231,3.3366944542094474,-4.396560149826811,-0.24794881593204465,0
5.315377625513149,-3.6303965149862254,-0.5913402508037926,3.793339498978547,4.457002812191265,3.2149844021604252,-1.3494825227797471,-4.465177454299502,2.5070115929604775,2.0138351566950683,1
2.4742579902404995,-3.232912542941502,-3.3107084505676037,1.5137206578346563,1.6937648893093746,3.4117944297195892,-1.3812162970923523,-4.222104707112405,1.9175516079684316,6.489141515327281,1
-4.278628526089499,-0.9823338226527838,-1.4140768598835387,1.2243746953671368,-1.528234550379237,0.29950939942898147,1.0287931504202459,1.7488903400376397,-1.5767292631271324,-3.8810038186759295,0
-1.9006292760176569,-5.437657990971574,0.27113150113624274,-0.7928172051998743,-4.382491915068497,-0.575980499186898,3.10438304672346,-2.427030776721608,-7.409097606733271,-3.8885885405712544,0
-1.3003820585703263,-2.290171628143767,-3.725581468283914,0.7005279953233374,2.642863620333795,0.854428537510961,-2.3878414174963436,-4.7787278272378195,2.4564267053674165,4.5628501676580395,1
-0.06696500580613751,-1.934240542316138,-2.6110016706290944,-0.16382423999354456,1.111623914554556,2.023552987926638,-3.3139760203823396,-2.2066843351801158,2.5086388770913937,3.5791737033436806,1
-3.944183800876501,-2.874687743605084,-4.9674482059927065,1.3921698032054524,-5.391382559274744,5.256250555126536,3.6355956418291866,6.750265294527461,-4.279087570281444,-2.089059034224005,0
4.025080550394976,-2.610388173128135,-1.0790608260625358,1.6796291119975213,1.7828005668512914,3.797592249363835,-2.0220203746866408,-1.45910320572477,1.4926384385519549,1.7880307007449359,1
3.4680144921033067,-2.1450869921006785,-3.6576780374863667,2.739759167027752,1.2762277241191369,1.4811287947752918,1.3526275324608528,-5.393825194279353,-0.8305753596802363,5.911857068733475,1
3.7048169374176547,-1.9175140071864718,-1.620290355888273,1.7670259911741426,2.6462351752482007,0.7360823335126321,-1.3111571170642893,-2.9923859320493307,3.470496380683888,2.5577607074690176,1
3.71991188674696,-3.5499479095918853,-3.526357313603821,1.2861648399686736,2.2309394006593877,3.004244879015846,-0.5001062612001554,-2.736620927421459,2.934224347944528,3.8052308167719247,1
1.017093643198026,-4.6801854947979145,-0.9407306763094478,-0.02825128737718474,-2.4056160485879423,-1.9681472825326956,-0.23741618025781408,-1.6281192998731013,-4.7709349312847795,-2.87622905049136,0
-1.8750071496918417,-5.530598287699439,1.4046796316795156,-1.8120330182283015,-6.124015194323183,-0.7753046162045885,3.1082615348323954,-0.5548882384010398,-7.359075983677217,-5.819727660741197,0
3.3695767095363247,-2.793732779572539,-1.1683650779406474,2.9571330389703125,1.9396345606664254,0.8219428144783443,-1.9237045007088478,-0.7887835078479817,3.2485839024741114,1.2316326843454577,1
1.5966651593540944,-3.4039280035124575,0.40522738049844165,3.917806134360743,3.5821046295620826,4.751887924303237,-3.130332454048241,-1.0486052369058374,0.3070918124166744,0.3012456789060527,1
-2.215289270609611,-1.184053395417124,0.05905687104560675,4.948046235062209,-1.6958328678522383,2.8666901918592655,1.1550603673220996,2.3711235959359604,1.4992007982636402,-4.05561107509128,0
1.060700426915069,-1.771912150355653,-2.1506248042536678,1.686842063512802,3.7611801834882144,2.57254710347965,-3.586723579562192,-3.671615122095871,4.118927640115124,3.1114440349081747,1
-1.6206593988729585,-2.2588916477256644,-3.0219422368148843,-1.9667000437999445,-4.816722792283038,-0.7782926028191444,0.44648253224120427,1.1889895494193359,-4.277312784357806,-4.256560201054752,0
2.2907476127646,-3.0812814421257526,-4.034451994339312,2.59658833123457,1.3232079012376756,-0.17256888696383843,-1.1780977412922167,-1.7839273990330111,3.6768969978220882,0.222805745551504,1
0.5107821654422477,-2.8331749277493454,-3.1649824609429578,2.7612575302690328,1.4082068349032228,-1.880774384283424,-2.2466305019552224,-1.6733826354921928,2.988989466839656,2.6167535996787468,1
1.8355951552273644,-1.9582583260581963,-2.308092972302564,0.7510733956164539,-3.3607871138988896,2.0478157709133593,2.964210704232536,2.1342881070778486,-3.4755140702517187,-2.909476596644284,0
-0.06662595018694306,0.03165672970268307,-2.9557735929329674,1.3302163000953375,-0.03560520313819637,-0.36421706127143505,-1.7590992317243836,0.6789780489844475,0.9762714042506107,-0.2696672513146554,1
-1.1981825378248816,-3.22066058386641,0.5072777073757626,2.2255868215966155,-2.8515604029463946,4.963141370122321,4.004044360248839,6.066500929677608,0.16751842897243474,-2.476562394445201,0
1.017307192535771,-1.0507212000431565,-0.8972810273176457,-1.1271588346814632,-4.172439637933429,1.1920065623793672,3.054231535251147,1.4028418473809654,-4.351943920469272,-0.8913670924881183,0
-3.04421985873985,-0.8134573704669248,-3.167410673949287,2.3524172781438755,-2.1639893732158524,4.806782592543298,3.669253218800212,4.9221043922256325,-1.151456481116414,-1.3835748805131112,0
1.6300418324175103,-2.4255178517018803,0.2570243358539783,3.644786703774583,3.220303132383699,1.2221701733503858,-1.9163116589431137,-3.5977706281072823,0.8368215888946855,3.556013787073865,1
-0.7013719359537895,-0.9713381783102937,-1.0178159260185113,1.9859254198425047,2.206362521451041,1.447607760642828,-3.8166209989823114,-0.5714223545083346,1.8182981401888685,-0.2910639512713873,1
2.4631349817288104,-0.5573331896263098,1.7485814420490104,-0.021687621093481546,-1.313785550125211,0.662840733238611,4.230035164654024,-0.2182090257048599,-1.0268557700236407,1.8038677697408447,0
3.1018338740851084,-3.9136967028204284,-3.2599625545769486,2.11573595396413,3.884224121407855,0.5902202065093822,-0.0761211395897694,-4.337859688902436,4.0109059921524475,3.5982050809990556,1
0.6656985488451928,-1.875510398722871,-4.697526582556048,4.30505360510236,-0.34308358405058614,3.7280726146534056,1.1655033250691562,2.5699711373211085,-0.1470930564091808,1.3327222835858543,0
3.1715647586413604,-2.492153817349371,0.21605116925706414,4.525681531490363,2.2188222012449197,1.210742436344192,-1.3398274437264746,-0.06992568673756439,0.3281650722377467,-1.8618465682883154,1
1.1467738432465153,0.7262312032737688,-2.775034670327777,-0.7844445752683002,-3.2159148382995535,3.264069348706853,3.6810230521151395,2.303507523753293,-2.748867798472853,3.1592288785641562,0
-3.05861032304522,-4.963655555685172,0.49657912875712196,2.462453169190067,-3.195938389615306,2.7329647121313814,1.788561092216843,3.942871118681839,-1.0613032225404437,-4.296572356762206,0
1.9395267803225598,-1.1738869829528207,-1.0841719531053051,-0.6199660221726058,4.311212801021738,3.298752761503728,-5.959462032506248,-5.22581942447996,6.983588316274913,4.0158600648847145,1
-4.486003122370317,-2.150242019330461,-5.023382617422634,3.62029019883105,-0.7245237554078623,5.160448411383005,0.9041611576303739,4.584861925856831,-0.19751617658260745,-1.0075545992383859,0
4.242390622178594,-0.09701244923236674,-1.7656394041616024,1.7148408498482657,0.24794709424598538,1.3313980342894216,-0.8633349633663594,-2.7625979873234225,0.8734487290628008,2.3790458848975478,1
2.1430658094416426,-3.038200156309947,-1.1948975490426048,-0.8898525614020278,-3.0646256287845293,1.5628229175411517,2.548528687688765,0.7342598778175389,-4.064468688739339,-1.4494619842852265,0
-0.19219560665997615,-3.3123860464891504,0.13568060936441784,2.9080370493132155,1.4242428691624567,1.270439882581499,2.101354184953137,2.6887199157429937,0.5134554728064096,-1.0180075696444266,0
-3.4663121335032008,-2.78557928372653,-1.830319267058155,2.2483080306922654,-0.9391001123045324,2.367318722053131,1.2056846270510588,-0.5648443952831359,-3.024619341119762,-2.0942271418243577,0
1.835103123627245,-2.9531755301717526,-3.277124657234511,4.151462145361496,1.7086613671507118,-1.9406581924911253,1.2794855237664726,-2.787457793069379,1.049360459393074,2.925084788887538,1
-2.999422320003711,-0.9634854774317305,-2.7633740844721997,4.5146442775502855,-0.7386549955731827,4.497479423971686,0.18015580230167227,1.3577253654162007,1.7791907378999974,-2.3915612240050312,0
3.2974445330357844,-1.1041136856547118,0.40436564174441614,2.2102195643200284,1.3741769894610383,1.038354693947023,-2.2244865691268654,-0.7294658788195025,0.833353301821862,1.3571416246007193,1
0.11833350110775287,-1.4921415161477545,-3.7032078268617012,3.5354716045276886,0.020187387044027005,1.6677700710069183,1.5750493519746276,2.695621508497798,-1.3940994250130947,-0.9049108960980483,0
-2.0253883600332125,-1.345088307035871,-3.5202020839766135,2.4939905565742624,-2.076947985520903,0.8796586291071322,0.719512410789843,-0.23568365771239952,-3.6493000345104543,-0.579256368668059,0
-1.9729868046214838,-2.9006114536575174,-0.423509804243813,4.114274336192469,0.10027496283860726,5.636007701308914,3.8257636905320864,2.2893795071972303,-0.2523698420505762,-0.6891290763425986,0
1.9676827095828846,-1.07504259001972,-0.028042511455736996,3.127150905389236,2.2502530577977207,0.2888591277626964,-2.6645488398995245,-1.5798905045126286,0.8050211571979697,2.626064882340587,1
0.9929891758029161,-1.9211818239318659,-1.3926416679917741,3.567231431313065,2.6964062816230725,2.0997128442447153,-2.7102932335719823,-2.356933696941832,0.6251817857801383,0.6007841404429326,1
2.948299938448832,-3.0771104573492556,-2.303823649619063,1.451205164240182,1.9784596354191804,-0.1023338069107167,-0.8491709390897282,-2.2939216173036496,3.3731100511416336,3.249256694316962,1
2.325270865070101,-2.396778897928142,-1.8037256183528592,3.3970563068614563,1.9602355363936068,1.7586002969883603,-0.5756372935952021,-0.44303810372443486,-0.11160990134148108,0.5019047035208022,1
1.4083773505070702,-2.5540268071530674,-1.8074952130666326,2.4203610277178758,2.4137477865035373,0.6900883063788565,-3.21997130171632,-0.9399991915913277,4.268110693461395,0.7906701679150414,1
3.843785695223783,-2.42280409708573,-1.9565739130792732,-0.4149035059576214,1.6650791245272734,1.2234127435169202,-1.9126817636465854,-4.430456804427891,4.348170706849256,3.8651507480593783,1
1.9241744166550994,-2.523274548108539,-0.5278595707178688,-0.36425041170454664,2.8321751311489654,3.4377398653059847,-2.795558120978493,-2.199853770614953,3.4909908619927235,4.703991706671154,1
-3.2135231677886615,-1.7720749028814462,-0.03573048738886375,0.13358955742666634,-4.694906181442615,3.127269709649103,2.2612076220190502,3.0919746538477475,-1.6288071497200174,-4.0853799151131,0
3.587755567201162,-1.871417984776223,-2.2786880547078296,-0.8911809900555601,-2.629257912941683,0.566928724370229,3.0935815335428902,-0.22442490214398525,-5.46942385037922,2.77136192721189,0
-0.947445673605422,0.20935388606580885,-3.987351360662157,5.213623143605979,0.38392628551082897,5.26400395497151,2.8069706194552255,3.9201419899068446,0.5594119629481082,-0.6996294403418573,0
0.6657341912415442,1.1808832011328554,-1.8395255218387203,-0.011002781427001285,0.7053151140266711,0.8387063032026674,-2.809326053342815,-2.1691002188543504,1.7741713257240381,1.403034523096756,1
0.9408690752183277,-2.293623358011695,-2.042381920096173,2.884600787958702,2.4202805794918634,1.5085644934751115,-1.7759609574446735,-2.1228216521945775,1.548436804316394,2.1678195324046605,1
1.7789019144564835,-2.453002620119023,-1.4730149666156571,3.021664404164283,0.003358858726911551,-1.130412752242428,-2.8199263173753613,1.0995299184390053,1.8541059778741262,-0.9939866934392674,1
0.3110650358245386,-0.6947820291730795,-1.836733838984956,0.0338637836070399,1.5377142221728466,1.9311492322757837,-1.8397042855158119,-0.8712584704822652,1.171073021888209,1.5420018271142268,1
0.2486160335561256,-0.6466603802557505,-1.197849948111343,2.1304410210929055,0.9487982956720826,-0.39683119715654236,-2.317811591679622,-2.785173741415816,1.0802274565342544,2.135781206171882,1
3.4705105939654723,-1.2722559251918408,-1.4777461476551474,-0.8527517229026347,2.7669021540376457,5.441228752734038,-3.7654128738704813,-1.3777612956045582,5.8764697572053715,1.368895597871202,1
1.3496174324144736,-2.2911268244283383,-0.3899777378638807,2.228368136961977,2.552639584017756,4.243818009541123,-2.5868584543105912,-3.564151148393778,0.9766472025508297,3.584510705787296,1
1.2524733203412097,-4.101722568375915,-5.716203398573341,2.0601934641390316,2.1624833644040344,0.7140138889483318,-0.5324872208833962,-3.396384793120859,2.6737668759805695,2.888873413314403,1
6.067411935967088,-2.6200868356892792,0.9379636651953756,1.920045554632218,2.575583896890728,2.1794794380335643,-1.288310089534888,0.4799165696790033,3.784661185421741,-1.5677049669241825,1
1.9037782298290942,-2.881990026976974,-3.626554988989704,3.9863115549702153,0.1638557759956658,-1.2360442992756662,1.459557134139736,-1.3941643740194138,-0.07745315405236486,1.941676172356405,1
-2.034093252543662,-4.0540482528254635,0.5076875327216497,1.4913182217310048,-2.2116591854830823,-2.832406147060806,-0.5585740607192871,-1.082206072599642,-3.0211995059788546,-4.092301944736081,0
2.3851953535292063,-2.578794999332575,-2.374142667717626,0.4780851621006963,1.9880181658057492,2.695802073138109,-2.7441746337826727,-2.4382029315181546,3.3631077324908056,2.7980219959497474,1
0.09108409904647363,-1.6693052619182802,-2.1865498959523797,1.706066717099625,0.8707557725665582,-0.2124809649946604,-1.0041424012773632,-1.970774381649472,0.6348713149086593,3.0489719898667227,1
5.61135727679194,-4.554983720625598,-2.489979473828446,3.534822242104596,1.608317883971694,0.9133488564993699,0.07747870403005175,-3.0853173494827963,1.8513025936452945,4.429707635759016,1
-6.451758759361046,-4.404906554534946,-0.882742644913711,3.209943318210108,-1.7682132726049087,0.10654128104548621,-2.3393640025929425,-2.2252248559707724,-3.183290674282188,-5.665095595053881,0
-2.7960149410316584,-3.4163811890830766,-1.3377609233049037,3.6391561646349015,-0.9812660354623142,2.918070168608956,1.7527444323984862,3.975299739439731,0.2460928213416138,-3.9965423424025532,0
3.8019395262588884,-1.5439014772591493,-4.315478002910545,-1.2911709527555475,1.3400073807810622,3.659389857579886,-1.5865777531843506,-0.7955354353771307,4.461942660826388,2.9214422708249943,1
1.178737758288031,-1.0202288632692609,-2.0143274506349527,5.655546255336128,1.883240632364525,-0.2403195920475394,-0.9491275536253443,-3.6849330254108645,-2.1530515471505103,2.3441975757233497,1
-2.566029354600992,-5.233767724472438,0.09789102252963477,3.361197336929823,-2.941666023969086,4.445847655102675,3.6457569646332377,4.214688414456399,-0.7820959156026253,-4.255218400774558,0
-2.832806099119738,-3.5756365351936954,1.2635115813849205,3.61135922545242,0.938823830992153,0.763723196777327,0.349925196383962,0.8030172633132304,1.1658168621225586,-1.7783980828115618,0
2.980782873245256,-1.4667154231247856,-4.1775160057432466,-1.5838939066000752,1.7924807848782283,3.071317604514035,-2.3122473212593913,-5.713029743060705,5.011547547921278,5.902903197330389,1
-2.3974955413514314,-2.1107878316352364,-0.1661231707738684,2.7947949841193642,-1.2672215236955588,0.7109989137931383,0.9558302418484328,3.413185874959116,0.3334256955592627,-2.1068607776171224,0
-4.199941734898227,-4.59256947666324,-1.923258897147616,1.3240658567344656,-3.6962469647533913,0.40402262862173477,0.44920437339335817,1.0550180291899895,-4.646137023963545,-3.562952330318355,0
2.569157726181889,-3.2545728897263304,-1.4458367848538352,2.398334186349985,2.397534793030853,1.5469063122484354,-3.6851609246747894,-3.380818125020851,3.311423152833977,4.404978621343897,1
0.09730123252337419,-2.4075840602003415,-1.0963167244424281,2.5910087745070465,-1.4653513764816783,2.1468065839755934,2.0791372922228875,3.0934198931935626,-0.9719496456162879,-1.7592722963941572,0
-1.9437270879596866,-3.264386742090852,-1.5695836368982068,0.8971206934289291,-3.958672467214673,3.4492990140264315,2.986470964661173,0.09678884896158646,-4.75639859057039,-1.9598501023272341,0
-2.358009462649336,-3.727637116828598,-0.73685012397117,2.973818749778238,-2.6724282994040838,2.6714112589015695,3.476931970696347,2.4866683538093604,-2.2067833558722674,-3.874444790916055,0
3.2043567733108453,-0.5972804342046711,0.22121091335550913,0.20474998209542195,2.186673054534345,3.4586052188966185,-1.3969672384934986,0.7813662395905521,2.4487282649669444,-1.024573664566693,1
2.8395132482557206,-1.4923307849619825,-3.72282031298168,-0.055576049799029636,0.7131687169122014,2.1634138422677123,-1.4735056339555752,-0.38994126888437175,2.6936521370150768,1.3418063901450132,1
2.5237093516417035,1.4423643526218575,1.216080032609295,0.3292033747614058,0.5678873616437736,2.639110396985787,-3.5798543284102395,0.023762508687025452,0.4659107794551953,-0.4835836362742434,1
2.1749008936635583,-0.9020694724746412,0.5918109722402285,2.0569159706469375,1.931793350051733,-0.8758312091653706,-2.325188411855895,-2.2995909755281256,1.8252352771719274,1.2786682105341391,1
-2.5655289238242345,-0.17047484089940945,-1.630538438282731,-0.6504696863347319,-1.8162104690065317,-1.6897447203595406,-1.4330002686130534,0.6057685277476088,-0.430913746824658,-3.3669555527772426,0
-0.3129036177726796,-3.0173525521679183,0.6777576121451534,0.08173576139925487,-4.667148777595209,3.0289751214040193,5.247309001049748,4.88989626395292,-3.297813314920335,-2.868214512843633,0
-0.9043281296322099,-3.0976454017185953,-1.472216612503967,3.0730270126429065,2.7033152587850307,2.6148502825948574,-4.6174426529655985,-2.2956700181041714,1.4595798047021118,2.594107530287566,1
0.4332084261198763,-3.5132576297476668,-1.1501245071662836,3.159619844057403,-0.4195769113681709,3.8867659142262676,1.4550608959737756,2.9465459688820563,0.41701903956530506,0.22085988783660104,0
1.7929887215128666,-4.374493511712121,-0.16107334228877757,5.405687026724448,5.782374975126992,2.0764944460044483,-1.6710293268497964,-1.413400948236066,2.080428623552445,-2.1569081132044943,1
-5.739608511815743,-4.044446669721779,0.612464866055868,3.921891264637792,-2.54832404604041,1.9967690299126786,0.23016636368632937,0.6836587085794357,-1.9600080355063323,-6.437635846421648,0
-4.3766193227909245,-0.3704299797320876,-3.008387078911054,0.7540206498115631,-2.471407456980193,4.210958492109306,4.6537496520943105,3.2728196390008466,-2.0437842645964817,-1.8436517027581014,0
-2.5333066007542957,-1.4485971293016604,-3.8339851759234405,1.6879252427479805,-2.8739166418491964,1.2876102770091957,-1.4429027233406932,1.8321539874981756,-1.6577505609117795,-1.2371212068266084,0
7.791830333953122,-4.6621584180713125,-3.6693032832100485,-0.03135751265349862,2.3269661645017425,4.5561142328642745,1.728729615348919,-2.7920899245646615,4.148364845549045,5.296219744860606,1
-1.1044963571176716,-0.12255434980100266,-2.1860339176343366,1.6333870888925013,-1.0498257897450518,3.1400363449176094,3.260525769577666,0.9299973105550441,-1.0526835311184155,2.2623221700512905,0
3.408288848508383,-1.0505259231212403,-0.3997877428478307,0.915642645021373,1.9883224288873125,2.7811456852753955,-1.8358248336619105,-2.7701935250254257,3.0557723490336843,2.8877313108120912,1
1.0222872710356476,-4.646394771938226,-0.022583820579912706,1.2115712984311353,-2.8421053141824775,3.0384561257522793,5.179673287528535,2.420551176298572,-3.6990600023363145,-3.3055812371241986,0
2.8546333032108193,-2.0717378451407304,-1.709894912808113,1.7084350041762604,0.43622163728360985,3.101630391249444,-0.3360016533157226,-0.45765223203190386,-1.059009436148202,3.0049198614398893,1
2.3418858609199056,-2.7953038291031223,-2.8906940534740073,1.4731521999885553,0.7511830988563384,1.3569587831170682,-3.743009683323389,-2.8258432502892417,4.91923082106776,3.0101164182611067,1
-4.829650589406824,-0.4446068173248239,-1.8287000450103559,0.4188638939599705,-3.961020921320997,4.692431634799641,4.95617079009187,4.968427873734155,-1.567549897848425,-5.326946597609069,0
0.47466817911769943,-4.129765557564328,-3.1903064640752987,4.320511289994986,5.3556519239015685,2.798151446238479,-1.373686330374938,-3.1311549112108934,1.7649747039575432,2.4767949243312266,1
2.1351146917146413,-3.6102995514140317,-1.8398151594012677,3.8036769365884915,2.3879904332712294,-0.007230949765154371,-1.9798828805333806,0.5661833701747354,2.835740646750839,-0.28233389417704746,1
-4.652274980198582,-1.2502240574000467,-2.761573982011561,3.671132041302315,-3.2169951248618736,4.448648829646283,3.9154607750292483,5.854444655623185,-0.5471808640426257,-4.875243624180532,0
-0.8536156534308794,-0.5345603832649917,-1.9373290255343587,0.5744000660559709,-2.3638393202383474,2.6685868216048028,3.2154663075902716,2.653712664422014,-1.415963947013229,-1.1755848742807384,0
-0.4325428066847783,-1.8740618087432062,-3.057028163580346,0.9684759115692008,-2.989093670577007,1.5553961544102788,1.400507789419629,-0.33727196133430937,-5.531968660165562,-1.5026556907024653,0
3.5624138225362074,-1.1768433914361087,0.8138774015487376,2.6474300724565785,2.6011041505860812,0.917616105075076,-1.7788086767093823,-0.2482137865853291,2.4513391617197597,0.4885666309419223,1
-1.6083156739277575,-4.303707463062366,-4.021953448043558,1.3109052183414793,-0.16745090456056255,0.6236458005175474,1.3550117886088562,1.7817336901792589,-3.8490009832165146,-0.3304476093055959,0
1.8289100284063344,-1.4750114216184276,-0.9501142412944941,0.808930059942216,2.3495299661306044,2.4711499636490863,-3.8766429489096206,-1.6915155468020506,3.800622085133136,0.025526780075005417,1
-0.5341008677814711,-1.8537286545507516,-2.082110199276805,-0.4137847107350052,-1.7245072876919545,-1.8046960772086895,1.1337258009068205,-2.2154857465363955,-4.776295612253789,1.646504341718122,0
-1.999759560465145,-0.08075285098792229,-3.3217610853009356,3.172562536229732,-2.4391325184659745,5.579093553447323,1.7273458304785576,6.546557545262206,1.5997950490301722,-0.9718627412871819,0
3.406054399609735,-2.1262861238521094,-3.7971736462553336,2.125930337632335,2.7131674565065866,3.7346363760258687,-0.8466461962821872,-3.119125922785207,1.1138870110752208,3.246256334501648,1
-0.7148664066857684,-1.3534234978123068,-2.7372494408721835,2.5080910907487572,2.240059650240809,1.27564440251256,-3.4088623954108366,-1.0550830677524865,2.09266256778755,2.367819205558582,1
1.2599569844715253,-0.8002230513299109,-1.0836060657543212,2.29533706789763,2.587687060531752,0.8240744849268591,-3.5858840497296853,-2.1563474652080767,2.5055611065653522,0.10730621111006822,1
2.5375376536421923,-2.360825677710421,-4.96540795420627,3.692453269784228,1.0454838477647872,0.09931637972419205,-0.24263618778118579,-0.29920421890391813,1.0725771382137577,0.09204382596395666,1
-0.48295721247148937,-1.0483753541060148,-0.4789738316224539,0.7052827551307765,-1.1716012972035856,-0.6262730322446584,0.6297096087218479,1.4089965137535767,-0.06836492455748555,-2.882517008470409,0
1.2666561647966967,-1.8917722992996762,-2.0803416633079967,5.041011647409453,1.442857259737047,1.200985888495218,-1.3003991698124102,-0.9587588082553942,-1.0632282314669221,-0.4803130509766702,1
-1.7078875995141478,-0.48506102755048075,-1.9155820932534096,1.665731507844879,-1.3035460075535072,-0.41744297451331835,2.278763963956084,-0.449823563554963,-3.2280950677908136,-1.2978270918109156,0
0.11666684414923156,-4.546821090219491,-4.554559004567386,6.269385648711582,3.308616735878095,0.17154691526413623,-1.1140616555571832,-4.584769798320616,0.2076853411299644,2.974303205733347,1
3.1906689461411615,-2.7408144439858537,-0.549697105563774,1.377602400921151,1.7217969305484522,1.2349090913367333,-0.9463151143049784,-2.745194722840359,1.2499736832865942,3.2947265529595446,1
-4.054157051445443,-2.7293233944084263,-1.232699615136496,4.9334123385360975,1.7001171655101364,1.4799841240310325,0.37757106775453364,2.790641864086936,2.026148631046447,-3.81696678674386,0
2.307859063202307,-0.25486028663601124,-0.12981561796189434,-1.1113026171699083,2.55967090119888,2.3208321182778358,-2.7686530300417265,-3.9239079683816804,4.14136243808097,4.555150136366571,1
2.661473556436701,0.44422906532384676,-2.4720204019569545,-1.3553327469058343,0.831788844559463,3.8078154415904186,-1.5795326686829023,-2.8053662112430744,2.0489147140708726,4.22137376493111,1
0.3606600377850784,-1.9980756540714328,-3.6860905178587045,3.414266598968365,2.0928459666796613,-2.527208209987564,-1.9103375690016071,-3.8796383585435503,3.1377267152018575,1.9045731371780024,1
1.5352996361965454,2.1550713326259894,-3.316292481393485,1.908445943404153,-0.9161261198703841,1.028938481670298,0.08179312782187043,3.9854151953402512,2.337693940601711,-0.6053089597482648,0
0.5622268331107856,-3.237319107660749,-3.5440064023713553,3.080069323046976,2.6933468180652014,-1.4471366407712054,-2.346609999076984,-3.6222691602622192,2.9314215596989,4.604823931364125,1
-4.125496645356963,-4.138703923815655,-0.13375599205806465,1.7080865216004395,-3.216053451202372,3.325181556392741,2.329252828601862,1.8913508507361028,-2.744950363033335,-3.89181601028149,0
-1.007075871113552,-3.8607948896551365,0.21458630571520487,1.210001197384254,-2.9269924774936347,1.9258017604554651,3.2418958360838923,1.8618552682368854,-3.0849515071077986,-1.793515307808393,0
3.480865732796108,-0.347631412873149,-0.44700753009105765,-2.245402196669363,0.5553727089496345,3.8153830454236206,-1.8379692290398173,-1.598939312470963,2.4896234139794022,2.9659490257961236,1
4.981313911585442,-1.2634602084586706,0.19634999823950983,4.486291460526752,3.820476609303543,2.1278959155266057,-0.5387760258667078,-1.3304596629292578,0.31561994122678616,0.3294998311388271,1
-2.952746942835739,-1.7556202109179346,-0.7207339075008092,1.277164434722358,-1.1961011868756244,1.3583707036128034,3.14262884188947,3.3055157296226523,-1.1477849831791318,-1.6369569038526697,0
-2.8571435424370497,-1.2875284668627547,-2.509355175893992,2.6183032128191064,-2.887963671716685,4.012704168869179,5.864670473086239,5.202091064125492,-2.5004839767895497,-2.597143766980319,0
1.7950529026998698,-0.5991114253076961,-1.9751667965685744,-0.5580511848919989,-0.5120168451438469,2.329898340543636,-3.2354666131992835,-1.5399761667426308,1.5772400714636365,2.9057205579266565,1
0.8882806754271861,-2.146070459824616,0.3280492959906862,-0.9304980910565739,-2.7656586250910338,1.3542146015081955,2.1698096078371547,-0.19655189093914505,-2.8235947876672807,-0.1625825897348867,0
-3.6970849359249893,-5.920908867201762,0.8571876995182595,5.70894984349475,-1.722857764379243,3.582549523869382,0.5444701495215081,1.724427133409351,-1.6755880320903436,-6.26852757566326,0
-5.7090470717105815,-0.025913454053467122,-2.4856959971775026,5.147193880755145,-2.359546941431207,5.106182126361967,0.445978576315309,4.176633926751052,1.847583570641509,-5.351402512854891,0
2.4650826769705225,-3.009587985254055,-3.410259115908814,2.503378970260795,1.3227816779449766,1.13460093778827,-0.5040625126596958,-1.426268071147905,2.992356750519284,0.3706796191885251,1
3.210920160606555,-0.5712546407484314,-0.7128556761690943,2.2576271016380383,1.4544135317022002,1.8353076194029558,-2.633263396085767,-1.0284192714355886,1.827230590256531,0.9581011761399976,1
-3.9311905992561513,-2.9495749048788085,-3.173833385621021,3.651524021067952,-2.9343536768662193,5.665446637285117,3.249069957376059,3.750876160337566,-2.822992672722,-2.545856894073684,0
-2.1612656239485992,-2.8226342069848567,-2.2644604675549833,1.6326658803816039,-3.2320918975673494,3.7071789274235245,1.6610108898873146,1.638626833894167,-2.848591133169482,-1.4708798410379185,0
1.6534030648329732,-1.9691752103520976,-3.9569244941335,1.3384731304229163,1.627978352154439,2.1375427385790338,-0.9651464643120109,-1.2996730130716374,2.164018319898817,-0.4104481813110241,1
-3.6032529741248887,-0.665457810373576,-1.8652757984531658,0.5178645403618294,-3.8598763491983368,2.300783009569707,0.6654229694282614,2.197104491943608,-1.3703606753012236,-2.7109320792348286,0
1.3711820489904747,-3.8322259716501446,-3.144455121346475,5.881906817096259,2.3498483929915004,2.4905951588258612,-1.616771358274073,-2.205433617453897,-1.0973356665674547,0.7535817390964603,1
2.2636230928450884,-3.400996652875227,-3.595949438482628,0.32670893669834067,0.3672945318751748,0.03368584204310543,-1.773888208048139,-4.448944625275148,3.701151426747072,6.420645434018615,1
1.29428849058569,-0.04361019951834377,-0.27434223451615325,3.057591074057135,0.5977199338022696,2.1501383941800616,-2.1279768363232368,0.04790709372044244,-0.24894782579525998,-0.5342334638928357,1
-0.1332181558714849,-0.4501202133493001,-2.8501476775561665,0.0906564309805109,1.146029389953462,2.977245417745836,-3.0300840532727427,-1.7174149076977336,1.0847618654114948,2.9660404673198304,1
0.3303624035736237,-2.1542370395754693,-3.193563082325773,3.1715324222704977,1.1796898486058098,0.35796142475870507,-0.6452753276002743,-0.7649342444650569,-0.4734837787423056,0.793949146936521,1
-0.4590894168104369,-2.418881663280027,-3.6992052272055136,0.3904272407775391,3.8842200340364164,1.7858863314606754,-1.817788664877534,-6.1039239462660335,2.414942433868383,7.244015955242293,1
-2.931373233872238,-3.829857058698715,-3.586061006032566,2.7997754031036353,-5.166458460196992,3.8443392927764535,2.9841584195252544,3.8319396043126335,-4.814636979816672,-4.509231172882382,0
2.3423747652029356,-0.8557655593342106,-4.591046664502096,-0.7560746000759919,2.4610978430992776,4.223169252316189,-2.767985394824028,-4.012612747603146,4.308724729101884,3.9006237262687655,1
-0.7744348078227206,-4.190213837147773,0.4739876774822749,0.9527385707350358,-2.1880714973153,0.7179316009339842,1.1100393211445638,-1.7577181082651325,-4.250390538249114,-1.2427016412084706,0
-5.347222146393231,-1.650704365730702,-0.03795593815105791,1.6322272349361613,-1.5113323318594958,-2.8929198305146757,-3.320956271805307,-3.9172173513307813,-2.2167811751549666,-5.502943250301847,0
-2.725152582184178,-2.443084100271202,-5.498785988276385,2.450640784299416,-1.674219015180379,3.199167286240084,3.8685120039313867,5.089171657257177,-2.911490996531814,-1.9176921647441243,0
-0.47506402944485426,-0.5284286075529852,-2.2428645425403086,0.647162025686169,-1.5928603411654776,0.09081464991642663,-1.0469152565363253,0.863677821436545,-0.055266948064393695,1.9291597479778786,1
-2.7064899311224444,-1.336162509541,-0.8696895569409258,-1.1634056382642481,-2.7079506730856027,1.291687355081629,-0.6452358915391119,-2.8925879670640473,-2.9089109456691036,0.8083975480642978,0
-3.121557735671293,-1.6753081915896564,-3.312019568471654,0.7346261706208241,-4.313256310574369,2.6917121704081106,0.8107584956314524,1.62005890195734,-3.7473181811798737,-2.8589845009907804,0
1.495389062410887,-3.230643696729621,-2.522431346546159,3.507191108851047,2.280025569174655,1.7748207541763041,-2.6630038924062847,-2.199684385955642,2.32260642232227,2.0464764777728615,1
3.175132946075352,-5.922204694731828,-2.884785695752395,6.0864602179435074,2.9235665720577266,1.9867184016767054,0.7960174571516672,-2.6217201798425935,-0.6863692947803655,2.7937788390684952,1
-0.6551350421509707,-0.6196192394340614,2.2058232768073456,1.5872755666950886,-1.612675059133405,0.9271872538706596,2.9539145404660796,0.05078596966937132,-0.34889235259677087,-2.2805736584923593,0
0.37469181052127043,-1.6849931789943804,0.5848322013970115,-1.485126612337453,-2.148939209125434,-0.07655789253609901,0.7865829742032362,-1.1409828186844333,-1.9943254036724394,-0.2104853707802623,0
-1.7169613664447474,-3.849244461318941,-4.130156558308835,3.1472083840542684,-3.4639254163500905,5.4429282624563164,5.199564286618623,5.4877024045596245,-4.974983827149202,-2.129960917830884,0
-5.426853259738626,-0.3088153564440759,-1.3885368766334456,-2.383036452672023,-5.442927077331246,-0.47523435596595576,0.8331981993161384,-1.552294551709326,-5.414888000787989,-3.506968243982994,0
2.489081821255096,-3.0275300697185115,-4.484593301528355,5.229277035504913,2.4219764456381156,1.1008297722381415,0.14165460788846396,-6.236912034300287,-0.5795460103243375,3.3711066123202875,1
-1.7653439139570546,-0.5400654999377412,-3.4832315937032607,3.2235356473561163,1.1968240414232851,1.168936313559541,2.410837715242344,2.1076792230042045,-0.6481393764811669,-0.25865266822941746,0
1.5282572933275675,-3.223137576983595,-3.7073008869146378,1.2865535404767474,2.527855716042525,1.4694096737314588,-2.6714118238810496,-2.6321858525230413,4.9129395428496885,2.029481869443491,1
0.05259972947523428,-1.9734531388095071,-0.6629123357212192,5.135009918565333,0.15209116722329297,3.9288087348039307,2.5019703312641193,4.581031739496609,2.1418812736636914,-0.42315049595360055,0
1.6997014105244657,0.4433799439602324,2.413202793211183,3.8106362220577337,2.41422468069773,2.260275008621382,-3.569219529572843,1.6735051686388318,-0.6187119073520466,-1.9020616439454598,1
-0.7007198212184758,-5.125407741775051,-1.7426484777755165,1.8897976752771102,-4.394831443023577,3.6663086777647083,2.468248479457706,3.7310305238750106,-4.302072640022236,-3.4473171881007545,0
-1.9325863418309337,-5.31838956285689,-1.0577066978090202,4.782741708217931,-0.4642898361819974,2.1318297508589454,0.750807315031166,1.2143414164607198,-2.4428939649359647,-1.570442678390718,0
0.04196310993676722,-1.1925203534327138,-3.901591514448513,0.7157149685051707,-4.081357439802918,2.9811395624414194,3.1612450960165717,3.7397493628401133,-3.611256778902943,-1.1975584508331418,0
1.747943967011914,-3.4359322786615696,-0.4627820516974357,5.993968293611383,2.9479761689055346,0.45229485314305706,-2.197232051352847,-0.2132454288596719,1.1974402775774249,-1.2766666360323393,1
-4.467131509025247,-4.009391451527941,0.028767127761277322,-1.3201618220967117,-4.143441284070423,1.4421229374982296,2.9993516502737556,-1.5789000230980221,-6.19754865357212,-2.8063559628603425,0
2.8202504694915635,-0.7233352141399219,-2.478531629424072,0.04908833004521629,1.1642495899528047,0.34187042737193174,-1.4910540732874844,-4.01915576768341,3.1338764973999558,3.1961506908653643,1
1.4597114824516866,-3.1053958840452998,-3.183910957888193,1.0875129919782147,-1.7280776967009366,2.3620530228361556,0.7794927415332562,2.7529340108855918,-2.4492586268989873,2.33825564152047,0
-0.15613601134738064,-2.067132779285681,-2.0749169269578784,0.2713751991423079,-3.7359484124349294,3.291864765695478,3.1436789887902843,2.044589672129802,-3.5801021109394213,-1.0424139253529,0
0.9756819214494428,-0.6284079940778922,-1.7354174319826772,0.4519367864854571,2.3237448940387635,3.4623968007720505,-2.8991864742328426,-0.44141359490756726,2.9742243453372628,0.26270427729922163,1
1.8589216789447056,-3.315895234675616,-5.61931932345197,2.8178597010591884,3.873263114097093,3.794729882854508,0.08529316305883228,-5.71654263749771,2.0192216285489835,4.561430106399506,1
-4.809670361514399,-0.5021516553331455,-2.6409703591211873,2.342232896349801,-1.1651555816144454,0.0649858540459598,0.96470671022001,0.0013437063900123558,-0.9429403283766025,-2.7013421362817023,0
-0.6665966109287047,-3.0447777665960647,-2.218325748768837,5.602770801602086,1.585278358970166,-0.02731652505380522,-1.982467793417601,0.5856761317995489,-0.49563147453542644,-1.7038626328318474,1
3.0601231135874083,-0.45237789451976673,-1.9177906118246417,0.3157193311915303,1.6201473435331704,3.3376644029227904,-3.6706971328425317,-2.0700080761280337,3.9536726611116038,1.7228712535308954,1
2.666096474861568,-2.287767807738616,-1.1094420190822072,1.384415488225402,0.08912405523652622,3.8334036037916173,-2.4649586288710505,0.3211062841309351,1.3243119036701825,1.4028328386337487,1
1.976320140662976,-4.777244986717183,-3.5346926804637127,3.677924577322643,2.8018562759578036,1.608361397051562,-0.5249115020889621,-5.458293181956487,1.7919977780135912,4.9059971980812795,1
3.544549832656961,-0.7761606760048274,-0.15287929175519976,-1.9525480515118696,3.051137471788336,2.855788460558137,-4.855713380946685,-4.434982081089995,7.158817438603055,4.516873576273895,1
1.438220382514773,-0.059328931529550655,-0.04254364286054946,2.2161231492097486,1.8750228412199759,2.4867426120666436,-1.6464555474627078,-1.447141988477561,-0.5073227924589787,0.37815872003167095,1
1.8852205657957795,-3.7912815288478536,-2.3987945539372526,0.8460649703125291,-3.072394764869958,1.7843200218655455,2.5781885086604155,-1.173280806893417,-5.283198910037541,-1.2231956716999892,0
2.1143438079978014,0.9630545887461386,1.0242330295639954,0.2554595624926934,0.9833869331619463,2.017424990173676,-3.9869527161612295,-2.095648522118909,2.5802818427664174,1.8992853203609539,1
-0.530278673969429,-5.7888157088827725,-0.16466394755061642,3.342839628589343,-1.8706851331746186,2.9543949714910402,3.575820131023706,5.535435349195405,-1.5684648933873553,-4.01495296359548,0
-4.364323879025218,-2.4521129516461966,-2.639020718277871,3.5395925944462148,-1.2352637945814307,1.4249074631691236,-0.4521458723008984,2.2936862723984617,-0.675541460936731,-3.3928439963736223,0
3.4095836267623563,-0.8255933548548877,0.3029181138658883,3.1811587903739014,2.5703922760896822,2.648997128744396,-1.6890592948875556,-1.5393018528906441,1.352155174930016,-1.2503037550683622,1
-2.0186096993548475,-1.1465813593441077,-1.8686048746510202,1.687134624563339,3.8430921599846077,2.444599609575089,-5.507523300295197,-4.104014069855751,2.686312319571937,4.387336558766686,1
-1.4319886776750432,-0.18649782226613332,1.0679970018477776,-0.5739035989213135,-3.8100006961872155,0.0990050775620015,4.36423441494496,0.22694914879402317,-3.0331669927802576,-1.7593127602270995,0
-1.240072347478633,-2.4015391386819456,0.045593419340807184,0.8937653885129804,-3.163883433320832,2.36108791838402,-0.06469978760039652,1.6871656664930084,-0.5053817192057057,-2.7077808476207457,0
-1.7844132346429664,-3.1234769450496973,-2.2052149913747985,3.3504790436233796,-1.5967133196673788,2.9287788539794315,2.4033608838097424,1.5527352548557412,-2.1252164236263242,-1.9550913416700364,0
-1.0747260854761238,-2.3541902508561257,-2.537858754209785,0.3797300599379565,-0.6262198635381135,-0.650190553448073,2.4384460454356383,2.247988750877296,-2.817924619846392,0.1405972791672787,0
0.3584849950841966,0.5415345339342554,-2.313857064234935,3.4320123420025643,-0.7977442969453694,5.496592408560376,4.216131795521312,4.506949029900429,1.1456767801585261,0.552164688911291,0
0.8089054966761042,-2.833380852390358,-4.142331456806996,-0.026670966691969777,2.2225500423002207,2.392178316906965,-3.057168314808779,-3.800830834123111,4.169497302483499,4.582256712734932,1
-3.1325491613012897,-0.37100920624954514,-5.348504115643398,2.5695233908429755,-0.3536090736872284,1.8323570224796373,0.6895752973676106,2.129478632586436,-1.0612176532698654,-1.6040151799658293,0
-0.19387166992188298,-2.7974794640651086,-0.8162756019180484,2.9456757552487662,-0.018286048466193083,-0.27287429572168964,-1.3675697327107692,0.03331469102857243,-0.179339143048177,2.4132437303904797,1
1.7500204136979094,-2.78415114906603,-4.418229845948027,2.174068957409809,1.9983791979059693,2.6144198811590753,-1.0263521769523871,-0.5681298460181614,2.557496022720722,0.5999255302494999,1
6.048027895678235,-2.228190919689837,-3.53695647377173,0.4811306335767114,2.8482702772490116,5.459708110675812,-0.882641733242062,-5.291570440926991,2.981823640976719,3.364566465903577,1
1.1628862780786324,-1.3644899610819454,-0.31193425474475167,2.4781209638226964,3.0119724018083156,1.513698182113525,-1.4059019217175281,-0.8217152540237838,1.321182620911475,0.72022162678009,1
0.6468269010715029,0.05952878858854982,-3.843731949555974,0.5422257987017642,-0.19068222256956835,0.4059130746474684,-1.565890660107542,-1.5860781428036403,0.8058250884150158,1.7687462613256835,1
0.3916129324535449,1.4801529921401961,-5.292520996733353,2.9440039886288396,-1.801076455344827,4.284024244921099,1.9304783716680975,4.1972961396350055,-0.5989950897731802,1.2763155554723329,0
-3.205485509674757,-2.1568515858456196,-1.0102144512105442,6.597923071087102,0.6198688364631351,4.9328331138414105,2.2840453994806165,1.228206191431366,0.3340782161971645,-1.5918830829633883,0
3.405531257272654,-3.6495681859036915,-5.259741505167167,1.1162962661220914,1.8464721073385575,0.9789498907127983,1.0929161408585442,-3.0855319225596913,3.776545656291704,4.125005919527272,1
-4.748204380560348,-1.7228106118717539,-3.7935267959167227,0.24364638553282592,-5.023001742563961,2.1408165110353417,1.6835186397158852,1.782805549460634,-4.727959955832727,-4.723668184970111,0
4.122784483705301,-4.619080967066045,-4.398291876944331,5.079098738353503,4.111695507951373,4.091645359395123,1.4843299204523484,-4.466400522510946,-0.0739882008757462,5.786987351306504,1
-3.5286793289197353,-0.5851393144174144,-3.644266485691813,3.946019269560609,1.0045030226519724,1.1679589041480092,2.6614978898795614,1.0897356130944484,-1.206994767452661,-0.9579226663368221,0
-0.9057022188344788,-5.420105007112541,0.9355981261807145,-1.3228801559630319,-4.028291734241296,0.8219270921115305,3.859416567677374,-3.3719169656528623,-7.621503375873552,-1.0742084526661506,0
-0.32439354673849174,-2.0851361302364153,-3.8600026619691286,1.064623328454315,-0.7872330905067175,2.858099861960419,2.744320261207386,2.2933405263117863,-1.9487608163425882,0.7728385504122639,0
-2.9790106189975925,-1.234208176033361,-2.250479937583561,-0.39197441766079555,-4.086474493799479,3.255651796831148,4.314871001751012,1.144723123202306,-4.673263610158533,-1.4895094382778908,0
1.9843988195475735,-0.673669433961485,-2.137197393031441,1.4216268250333468,1.6233028402557839,0.5884217454816292,-1.3708023524295452,-3.1288557153643213,2.1767034088241966,3.9665556480061266,1
0.22810331867599087,-3.447710643687464,-2.4879894158106914,1.4932398120351553,-1.7723457608685265,1.0259281788327077,3.900646085613546,3.811014134446343,-3.1380771634816584,-2.041605001172063,0
-0.26182032013440426,-2.025286243104709,0.8783238328938463,1.6740974081989939,-2.2896690909496673,0.40302675766988183,1.6371270451275,-2.0287455675196595,-2.8299749428784895,-2.93406546855776,0
4.454251620452916,-4.144849476893507,-4.025835821431029,2.9472871557446343,3.355575079663401,3.7923515702863986,0.3243947874148372,-5.078947113773236,2.4308024018454604,5.076791013974617,1
-4.583647149146202,-0.5516653002912209,-1.8856035057042648,0.06289426330759462,-3.366211134675644,-0.657362301216867,1.8607814972071508,0.06549413692059303,-3.652347860927777,-2.7316974615564957,0
-0.3083492421694136,-1.317332557428089,-2.461304337253235,-0.5255670278268338,3.6734444269638304,2.6748066231069103,-4.466905577417415,-0.8357339759798386,4.389032140361486,0.5318124852350385,1
1.55303294542662,-2.052188073492017,1.379583730181258,3.8096818538549675,1.565771371537449,2.8654296217558097,-2.8586505830122046,1.480362495319147,-0.5598247390300775,-2.3288547941385787,1
6.123678060664508,-6.013675057062689,-3.0506502821225956,3.2754028979009435,2.8170664687021105,2.8666115539873314,0.7754309378466537,-2.2611237045491595,3.1929939907369285,1.5297172227694875,1
-4.046574868592706,-5.252278556097975,1.976454228480145,3.192943164264915,-0.491721324171414,-0.9050287499719687,2.0847908940606987,-1.6093800227560795,-2.5177232967870435,-5.9456875385007795,0
3.2074620169734502,-0.8532096488364254,-3.807506980338772,0.07079399884008208,0.22075881034827316,4.4568868454626855,-1.747554271801265,-2.133005583339063,1.6431617706318082,3.6802356762755952,1
2.7722969760854475,-2.266374430898247,-1.2020659843951842,0.48616647089013165,2.685320174229501,4.667351580081337,-3.9889687826544473,-2.4316335347493587,4.836361609893631,2.966061905918216,1
-5.796591788342778,-0.3242746263326517,-2.0565228764428376,4.677369205740142,-1.4697055412670743,3.5594293509774815,2.6331918016102476,4.1713826707850234,0.8958249604846071,-4.90242186475746,0
-4.93622016022104,-0.665527548265378,-0.4146351902908989,3.0156957182124016,-2.7646023492740133,0.1736078103646015,-0.3962003594211847,3.5728275666473275,1.6663553264738051,-6.494226106035299,0
2.298999649459246,-1.2903400986466362,-2.432322363787245,1.9686402987006153,1.7719467060552907,3.582578692611404,-1.9199363797430409,-1.138498280440662,0.7685982693992532,0.6745904755735095,1
1.4437569031878494,-2.0077617617435344,-2.855234539702127,-0.2565518066968324,1.0026145546525087,3.9715664165098175,-2.646064687077695,-2.0683022849482264,2.362503188620206,2.5097918084518693,1
4.6823007075964345,-3.352044989460774,-0.9988015844391185,3.494403290983807,3.7352055248062195,4.626161053201331,0.6960106075059911,-4.948514850537909,-0.5645772208086477,4.8615036979415525,1
2.0962050233402643,-3.309852041702388,-4.357439990544831,5.744006522208151,2.9495579355637362,-0.37799453812942296,-1.4658073378635348,-3.1878888235136857,2.5652667391614177,1.1970504743030674,1
-1.4661671964503897,-1.096864345006492,-2.4706117393005806,4.150612603395075,-0.39299735905491096,2.1836358200402755,2.326229143403065,3.6219465901991397,0.5925309386927982,-2.4676358908736735,0
-0.0384151959801009,-1.1187793165772688,-3.2175775440089147,1.6278504654076926,-2.4153471725107485,2.0466420345635505,2.3378770115834624,0.919183662117113,-2.754854374810771,-0.47231593618411893,0
2.392426193443754,-4.310644608105585,-2.484500773505144,3.3752873584978706,3.6677421135385835,2.126878012731348,-2.206643769214943,-5.057021248258996,2.273845463400289,5.203275716397965,1
-5.5434083964200145,1.1119882217257215,-2.8319129927195745,0.9091260486407984,-2.7828510285304198,1.0071565063762329,0.9881279587910259,1.5296292616935088,-1.1102715258039506,-2.942381606196549,0
-1.276138764825074,-0.3105330683435439,-0.008450959724554341,0.15092961342151612,4.379553634923576,3.0138394888434252,-5.167885392921839,-4.494226066756818,3.2565956533570253,5.377890014757096,1
1.978129367960834,-2.534909614424537,-3.336842831546611,2.702085149204087,2.7242950091971596,2.4486830613928032,-2.3087746882033753,-2.940356437948508,1.4950838187721063,2.4018088543190754,1
-2.248126144011444,-1.0892856306910481,0.4085258789510706,2.088969738250558,-1.5087425742674072,0.6697241041793949,1.4538235800106236,3.7535490133697382,0.6186643962945211,-3.028601480372321,0
0.3584681262216969,-1.3600061983465042,-1.7412867199181337,-1.6205579505989345,-2.5857019771926004,-1.07651331020765,1.1535077720864142,0.7135200166179585,-3.1764027726588937,-0.9477707177406751,0
1.207564984727175,-3.082935993364577,-2.3705427821342746,4.892645413394073,2.6473076039894528,1.6797674164294114,1.089586681996935,-1.3532168254616896,-1.6916969794978098,0.7772577349565315,1
-3.647805709086395,-4.363090482568592,-0.3241203684356415,2.4530840488737997,-3.2961158109579487,0.7618128127789907,1.3980033497830715,-0.5037981640003122,-3.3363800324782487,-4.375603346093806,0
-0.13015311942726404,0.8406397128114889,-0.7110794953618447,-1.4798629641468186,0.9553833908523688,2.609153009969395,-5.164508172552526,0.001075528874732612,4.202898743410143,1.271633365847201,1
3.7396235685178105,-2.178129419884528,-2.0122397472379125,0.33684947029452394,2.654997357084792,1.329239244610434,-1.2852490080290582,-2.2506595552852424,4.17617943661859,2.655539319490059,1
5.03230068096212,-3.0222175891726497,-2.1014245795494944,1.786815777995814,3.18623582002205,1.9410428978517218,-0.48711193351519744,-3.502864984430108,3.6805922948187364,2.9234618045079523,1
-2.5364908981834358,-3.060779710576189,-1.5680346869320632,4.174045076950907,-1.4234026874559613,2.9100435065287367,3.6609738092586293,3.793016498306364,-1.8733976236730645,-2.2256678974533837,0
1.3322416350184456,-1.0021043048169318,-0.8727615117925029,-1.8459104261799908,-0.36762864791925853,3.4343878103340386,-3.0852012177369113,1.249924488836712,3.8212879047248904,0.6856510579666801,1
-4.092014952820633,-3.3556815737834924,-3.4684815181779927,2.9511618246689872,-3.7673753019731135,4.20797741941513,2.0321267212583063,3.1102217916878274,-2.7316457647387535,-4.723901589120168,0
2.1123900001272116,-4.495954829213263,-3.907154577028667,4.8259606956668755,3.632742596926608,1.3917215538526113,-1.725661407561823,-6.7447357829170596,1.3483280110821578,5.161096311536239,1
-2.43641343019063,-2.547685116676468,-3.6071093902825098,5.281177710677609,-0.12652660707524732,4.193245398274543,1.6965909672887358,5.3917318037923305,0.9607555831498389,-1.4293063728198687,0
0.5582919521907233,-3.258936384824395,-2.534319912967116,0.9771368547523427,-2.9499151444645983,4.2253420345055535,5.61967028630396,4.589337658209182,-3.8827290542222994,-0.4006177434251823,0
1.0870008044505064,-3.0768355429277823,-2.7452840017327533,9.215754271084347,4.938272035833521,0.7639565949063225,-0.4923254402402739,-3.117857728897427,-1.791694673436413,-0.5388901554663068,1
2.7152100746863925,-1.5540717391080325,-0.44534159158346864,2.211739757945629,4.159072954923987,2.052231618374546,-4.3441015205796045,-0.2274450421155756,5.983454976368005,-1.8710630088720661,1
-0.6435872265370359,-4.09482406309965,-4.978780653624897,4.443196813427862,2.643148633486055,0.9778544379030543,0.2797573648923928,-0.7324305943650575,0.9363721637207585,0.9807524071547009,1
3.6348001600109665,-2.558671821274407,-5.114408059530397,-0.45948278524500674,1.5344585221431362,3.316578835116637,-1.0036828318052233,-3.8567536186086633,4.946591711177808,5.693785923728308,1
0.01830050990983878,-1.1267276279236387,0.5358056181891091,2.9660697231237676,1.5314041066264195,1.4685286013753838,-2.815322186390607,3.3234790421632994,-0.036286054263188205,-4.3981392394519965,1
1.9254411523180042,-1.1771872196143844,0.4053541365562463,2.695921310749381,1.794021291287118,1.4058019508605546,-3.690509273340937,-2.0815907646898597,2.243506405586074,2.0577635382108053,1
2.3346674607744693,-2.1287767752986135,-0.4378982615664515,3.226424994914675,2.4726984257624087,1.0984478744151178,-1.5730024141432057,-1.8008932132963815,0.6290708840686132,2.0789604441994856,1
3.0574072347270045,-2.089522300580893,-4.754426674827274,0.5778116890669636,1.7986297522868817,2.0144253114122397,-0.29776015415183443,-2.036093344812132,2.7246211949626904,2.91599350129851,1
0.8844773033163258,-0.5993948870856762,-2.5330150009102326,-0.8929200090420992,-0.12483362547849541,1.824831122800876,-3.322802393064002,0.1450895504697165,2.6625667473422894,2.3958830442830017,1
-4.91106880008463,0.11073316391785815,-4.520632479485235,4.123769335239452,-1.8059069222084445,3.1901264238688993,0.4364580226622863,1.5363029280881766,-1.2894708027747268,-3.24123709127238,0
0.4708625645018736,-3.98595829380198,-1.0523282257986413,3.039922251532471,-1.5514640391737382,2.80581362813964,2.6863931715199523,3.3741765465985276,-1.6036536738190201,-3.5895691238703655,0
4.09160772616227,-0.5934576475121454,-2.06335634578907,-3.8509981154038018,2.1355422766806207,6.081348915488732,-2.2220032818417814,-5.09166928327982,4.2976204001314855,8.17417236521136,1
-1.854055325880521,-5.915492951549258,0.9539359822821569,0.5759153070278065,-5.55749971759437,3.5108735830024824,6.05051655638203,3.32269673033509,-6.210060656463955,-4.076890347620038,0
4.999674185525321,-1.7009019739909101,-2.7143411379761577,1.862222469181556,0.9889239998185197,4.949374917450907,0.050734838324083764,-0.2859777391322922,0.4313852215774532,0.26479842120562624,1
2.4832366756055366,-2.677673740695401,-1.8672557893543638,1.6576533122881427,2.2067124807337213,5.297911595433705,-1.7323464702265499,0.2614531313793136,1.5161694225797833,0.7609620138481585,1
0.6898285901458427,-1.211468508472834,-1.1236481253552302,0.6445620339039133,-2.778704375707497,1.6358513516042117,2.4903893907421413,0.2239906128407494,-2.9431359794760157,0.30883621159359276,0
0.5639149696420998,-3.3406130574951307,1.6096301601376566,2.9516024464030655,2.4307660667480944,1.4467164959046275,-3.8313436226117705,2.636624163070742,2.920787992800701,-1.1879255012158931,1
-4.915456611182872,-0.8544723915482808,-2.6337483258605032,-0.3992583681927684,-2.8122876806912456,2.5393746567846254,1.556033381604027,0.11852736706034972,-2.993981327605048,-2.8554915708668505,0
-3.3001058309085627,0.43773717970491166,-4.111315407249984,2.041327833986427,-4.394290430732903,5.491265338625174,3.4096272179550637,3.4685063341835054,-2.534827439836496,-1.1481545316517394,0
3.5653515279041885,-3.892305682839532,-4.921313502399789,1.3822940626952478,1.8456298490367506,3.026202185148513,-1.7961462630950429,-2.41710412446625,4.202438983312125,2.0518882749340044,1
-3.167129827900045,-2.3808154895482487,-1.592271783310108,6.76915599866768,0.6404439873460355,2.1589528005869307,0.7530007109281118,3.9644584724246554,1.7754228525929565,-3.85637741029337,0
-0.8121125371739812,1.1125564714177636,-2.5054943550596853,5.836834289421702,0.8025737580795771,4.810416396615108,5.205394496684889,3.666113849754179,2.145539184344954,-0.5190379524028708,0
-3.912024632597717,-3.4733286022561245,-2.2359984755531617,0.5626070042143541,-2.336970780685966,-0.14917458337341616,2.770196371158992,-1.1808901923779271,-6.0282231209374535,-3.4773198061732544,0
0.8957628046717074,-1.0463389845652524,-0.1934648727652375,4.140045827965242,2.646310546254332,-0.13947851874189698,1.3496525446407177,1.3150147003042698,1.9540188299776595,0.6625470684755039,0
0.09337821400475943,0.7052911117029881,-1.185398681182033,-0.46305476741275253,0.6785982884480795,2.0498047969030013,-3.2112436472182555,1.3300309104402448,0.5941307268132336,-1.0823722755141651,1
0.14591803810265525,1.4489190557164418,-2.893262791865585,-0.6461965108009986,-1.5749945611225264,-1.9522289652537488,-1.944195299641652,-1.5847565775817412,-1.1920216222135571,2.284063733511484,0
1.8089632553352906,-1.237664428574736,-2.770507986249343,0.6099701088147034,-3.238885028747569,0.28660855114140404,1.6693292681193252,3.6682112530308233,-2.4487805272186387,0.6363003318705975,0
0.5752841453023485,-2.626517714764859,-1.759833237051524,5.30858408132781,1.1134388925369554,-0.4790670021684056,-1.8174603100390163,-1.332121566323281,-0.6514363986301168,1.7572228906332028,1
1.0929147799559797,-4.748256262689182,-2.6055223212238907,4.087732732676436,4.603570711040219,3.4985757448064296,-2.8868374678134128,-2.4908865285531245,2.963762816952632,0.8396760254112863,1
1.9519873371976688,-0.8917402363513027,-1.3764328321126684,1.300260572955235,2.3825584028937894,4.430076971988707,-1.684609298674506,-1.308494362430733,0.7195711963173976,2.0391151783357566,1
1.9250266127940185,-1.2944074856432293,-1.5186499795888426,1.5604326053968425,0.834636793994326,2.2763411522690773,0.2226307494350923,-1.7977287837156597,-1.4162858421273126,3.217350648332637,1
0.35365150641845267,-3.3310982519516155,-4.126338633335841,3.0241478286269547,1.5417647319193883,1.311453206921326,-0.3624521123914828,-3.8237620183302914,-0.3947730308656383,4.693259467867175,1
-4.903237099782293,0.7427343795196695,-2.8424631744761193,2.086936697161475,-3.9133014592925983,2.767645425384704,2.311443726389382,2.651559400076225,-1.979425650420604,-4.504437887572168,0
-1.2102794276859314,-3.2579361299806964,-2.5820086355709977,3.8159893247450416,-0.6849328275090898,0.07436600574267516,-0.3509625244926169,-0.18849038009830954,-2.974050727763615,-1.8686821252912522,0
1.8038114419982587,-2.563645537297415,-3.4681874635119487,1.9956963523847098,2.7016073588566734,4.618808550665548,-1.7161481879413822,-2.4701620860589393,1.3704535315948578,3.073801804400733,1
0.5198717268476178,-3.2660053752020124,0.05028509611306742,3.1978034457876827,-0.7882769551221109,2.6707902584742955,1.6549881454434565,-0.5413307382255508,-1.1601833141471412,-1.2555641487316733,0
3.370264814487764,-1.3137294508725337,0.3475042023000756,1.3193218383402465,1.6704450846950556,2.8257039613897845,-1.1740213175551766,1.5957202218660722,1.9021876710733894,-0.5356387859626004,1
-0.818713478937179,-2.83891173291939,-3.0142373007325176,4.682405112559547,1.9841683310468212,3.3811662471785136,-2.0905719842302197,-0.793217369255875,-1.2844838748616376,2.078345736574222,1
-2.0959590340737,-3.3994699372384867,-4.590692147745154,3.476530131383152,-3.7543992584501336,5.978373886046083,3.5772119826231004,5.544483367814942,-2.7254884097636123,-3.0938396589039616,0
3.0980339207430845,-0.8674414888064526,-0.853645474994865,0.33259703464362955,2.771304572672073,0.6726351734789457,-1.720958356498394,-2.7851823019613615,4.1861491073291255,0.7828964540903238,1
-2.1858704653641614,-4.106058605471437,-0.8936613165110567,1.3528688178145796,-1.971168062652284,3.3639946970560612,4.186415788274066,1.4529104315692623,-3.8157533358056495,-1.318178115438665,0
1.6976430882141678,-2.3544097066699585,0.029829670405578046,3.1342962125266465,0.7322101539833423,2.0295004634808858,2.124060661790311,-1.257464260889209,-1.3611980156983265,1.7112094980991386,0
2.8014056718273554,-3.5576862068042963,-3.3447712793976936,2.8441463839782464,2.649386586927467,3.73978143075435,-1.4579232362166006,-2.491766045099308,1.320172694950501,3.174453285645687,1
-0.12044914880131641,-1.1858028499142854,-1.4551226504668553,5.044528976818044,2.123786679158674,0.37227020913583275,-2.8000222475071466,-1.6355074726184857,-0.6488466690624377,0.14589359457381113,1
-4.167851825445238,0.4470164705679833,-3.612503023930331,4.615702976157571,-0.831100378471777,1.0609366304022019,-0.5555014775047065,3.6383293441399145,0.9861935629460157,-3.7984342611903137,0
0.33922641648879526,0.06816258258805652,-1.2045446010930978,1.7771303554879005,1.1347791550057373,0.31073467113808206,-2.887971596464151,-4.522187743588592,0.7666052963279366,4.728767644611954,1
1.9106825996457353,-2.392074904545975,0.5457708526031166,2.541397765728667,3.35049024920595,0.7369311850997131,-3.7457448600281147,-0.5536171997384698,4.518384153045364,-1.1434059385892952,1
-1.1966309659783358,-3.884367508399917,-0.3363718136557299,4.032827592135183,1.0241830441605617,0.7588892949620147,4.12825630991558,3.1404876761173504,-1.3409037757831757,-1.434020524522842,0
-3.0373099567613053,-1.3244956251102913,-4.1727698517291305,3.053062913806346,-0.377442491493875,2.6712075079335946,-0.5005938241019301,1.8364811797731866,-0.37495459542506304,-0.19265139027594547,0
0.09663766730641088,0.05199567354307488,-0.30419679949608347,-0.21435884157224283,3.1338981521388423,1.7825077802197529,-4.2508555844378435,-3.2864726566645768,3.9153784123595052,3.9478601719825672,1
1.8124004150658144,-1.439105254558581,-0.9874327612359506,-0.6872376022491351,2.7980278623250285,3.7029084566800146,-4.478041011359549,-1.577725596169877,5.572280755960257,2.3071137904100856,1
-2.5041117854609714,-1.7417829945916534,-1.3591697099744764,3.448791226010967,-1.774606660240238,3.6116522691462967,4.146751337861172,2.6985429463493995,-1.0980437369907035,-4.251152664786767,0
-0.3993548282730859,0.5421221232304547,-4.886227062189139,1.320115757401203,-0.40074961128987585,0.36713419984283546,-1.8782744600163273,-0.6358164148077305,-1.631496733599001,1.8416089445709778,1
2.9972290000441113,-5.781664725183406,-4.7186180120193235,4.4066640653613245,2.8956211121110798,1.7685372473668126,1.0297027104912164,-4.697198300191598,1.1108309950937523,4.003675635054273,1
-3.0292116066719252,-4.509368657259936,0.33599652325366103,0.014325282688333996,-2.7261765910015474,0.5931028179100704,5.064823253355703,2.5409249748621945,-3.7197865564072536,-4.164392900140172,0
1.8395195853364321,-0.31987939484028804,-0.5791658321620425,3.0139349474283783,2.812622764249673,1.162468193284742,-1.53984728522579,-3.604393928225826,1.8752494879077914,1.7988928807105111,1
2.436329410777275,-6.0719597090871575,-3.174340453757633,4.875827059732115,5.204088103706175,4.409229303265786,-0.46937580494011555,-1.7863082487401774,1.9058252667570061,0.6633251099553197,1
-1.7652425462060313,-1.548488510244938,-2.7016636770864375,2.9341962115168636,-1.025470025140777,4.096266376414628,1.9499814302317495,3.6033396404318587,-0.11498202105113098,-0.7009541953584346,0
0.6547159286381883,-2.833596909424748,0.7352504634065982,3.5979904861066454,4.19634030162324,2.724549559048952,-4.780397275351392,0.09952593055284886,2.900855366602916,-1.8351058111049041,1
-2.0979435477667088,-1.1036768793613279,-5.211185752822685,4.2904914387365904,-0.6575687295677639,0.5662026583347837,1.6174905507144843,2.5698697856296424,-2.018569622951032,-2.7138227242999946,0
-2.003516441968849,-2.231134312693159,-2.64431578042298,2.103370401741706,-0.14940732494887432,2.3523376315681506,-0.4889015913238075,2.7516925309553457,0.14573441903875706,-0.7096380843771737,0
1.9498227775918842,-3.9625249006708687,-4.2109272080404825,4.813385595575966,3.761432213149993,1.1226028180216039,-0.5759657292648384,-3.1582607795982867,1.8790326013107332,1.3330841295459819,1
-4.714000589924494,-4.745530594340196,2.2762201804994016,4.197086118751313,-0.3706608522586252,2.7813844916610373,2.5212559105077714,-0.6844238204517761,-1.8626273301879408,-3.6578328282611228,0
4.29116964049357,-1.9005910872392446,-0.5159451888666928,-1.3262480986820355,-3.2147681283124303,0.48361689181914147,3.3775258027893558,0.6083295675528189,-4.247957447520187,0.7518665356073893,0
0.811311082913726,-1.1501060261500737,-0.32012743474040173,0.11891047545246858,2.0169699736486013,0.13656004765533702,-4.107872931420741,-1.78653731011225,4.58275268152807,2.8668138141282498,1
-2.9794191945100468,-3.394332061314512,-2.861086201953386,3.4207687037294576,-1.2565474400650176,2.281142116153928,1.5969859281519545,2.051966558804915,-2.509848028991354,-2.5599900523843213,0
-1.4791190853042917,-3.5759349182268507,-2.3464584822971974,3.339337238195856,-2.943521161593635,4.6891365929162365,3.6918701064464052,5.734556471573386,-1.1500983501787783,-3.0838195595872673,0
2.2035876359463287,0.08329108757878201,-1.0597504942165306,-0.8408549712498226,0.9646496268664073,5.1338136748906225,-3.8113325156484317,0.4129645864295033,2.147470651761042,0.12669839418845164,1
0.30016967821105434,0.26759110943290176,-5.101643567361224,3.8077936292537133,0.4397943131064048,4.2123303947223665,2.1957512335522043,5.923773232206086,1.2791825132183603,2.927863924757247,0
-3.502760934009296,0.04830048221941219,-0.0068119116308043015,1.5046034623774847,-2.497337344869772,-0.39540983581768563,2.785468967601648,1.510569320606948,0.009530092704080229,-2.7713168959160814,0
2.073881706659697,-2.674573428039035,-1.8895007088952278,4.0072002985956985,2.2420195517495967,-0.7487146660873534,0.5775795355533764,-3.0609927412126905,-1.1005197826218072,2.7788949907793548,1
3.119546700468914,-1.3767257568935105,-1.17452102272442,-2.195591270583611,1.659331325262681,5.669088975614027,-3.836316224420793,-3.897877372047666,4.253025174455624,5.99299546813247,1
-3.598826896371561,-1.967171406057969,-1.0869262223278302,-0.0865858839213467,-2.949166615372765,2.143021343707364,1.250776266085596,1.9802402104006462,-2.1936084952095016,-1.250124867236246,0
-1.3871691533716177,-2.365037784045168,-4.792843691889896,3.4256451326046555,0.11371226565678771,3.486060957171281,-0.18245235963324236,2.5913456583479615,-1.2540832091882874,1.236448944250892,0
1.879800152792815,0.2867383248944324,-2.968600813581972,-1.4157144131796606,0.18682989696219376,-1.4529005715203036,-4.136596344078136,-1.7440065352424436,6.384513544873272,2.1035474320667444,1
2.702974160847056,-1.6742947264973218,2.4559044653634308,3.178814024483934,3.4539340101314044,1.8808501190768498,-4.42980173002236,-0.021721349863830897,3.143705688454828,-0.8562616526280613,1
-1.0181849719631113,-2.5502431488709507,1.8554162322620633,4.292219553343179,1.1413021331006958,0.09323195384778837,-0.08985704860357302,0.46524601905520946,1.209498486350891,-1.9613739086153785,0
-2.7089764702768933,-2.8076483311327514,-2.0670407481905437,5.91259640196718,-2.054395949812436,4.754316147752481,2.608214629883327,3.4569000575776827,-1.2467295045104585,-4.615689090894962,0
5.233954854428017,-2.1161993623947297,-0.12329826436742874,1.7907742697483642,-0.06866566919988526,2.520588442869239,4.170133253566988,4.135597422864036,0.07629797168217545,3.3161083085023177,0
-2.612417614619801,-3.7885139955047045,0.9282601750974302,-0.03737827856857123,-2.6597988897553706,-1.102996031239607,2.0812597689097148,0.6938721980704474,-2.3135532881191847,-3.9560667336781252,0
-0.0050033091408141495,-0.18691869101363978,-1.7351537561129105,1.15357121926352,1.4646510062141154,0.6178730502453758,-2.9278405342434954,0.03731879380096759,3.1866917070126872,-1.6977672779813764,1
-1.3809664585834698,-4.333157784457403,-2.3255768115803885,2.9183826311154717,-1.255672265918947,0.7814406306317925,2.578782722214034,0.39895702408338374,-4.834212209212474,-3.0539783551795536,0
2.627956291933092,-1.7780322760214204,-3.9426033659186674,1.0610966617581568,1.9234342362507981,2.71173675743173,-1.914332746690702,-2.665009780701959,2.9870572231914707,2.361252318784877,1
5.439815289308059,1.9317651891590928,0.28878018826403684,-4.036579351164466,-0.9075612330110756,5.36363021400009,-2.515308649299926,-1.7032800463348838,2.407550482868813,3.127790386043714,1
-0.17421382637741045,-2.9137558059248985,-2.885428014419694,7.074374130332592,1.9320818385466447,0.3227068757874607,-0.253821005067294,-0.8200223622337306,-2.0153630394152904,-1.0516603532152713,1
2.7607146532066027,-1.219167067543185,-3.15495218191755,1.586864331157767,1.078661998928073,1.986525299263865,-2.6377057821740233,-0.765667239735117,2.5064203264451113,0.9798882468999093,1
1.062644988180711,2.329410839530281,-0.49658905134072073,0.6509255230781166,1.057067107024935,1.6762787652135902,-2.8474663061645336,0.44733048200624737,0.7139513442752825,-2.1283466112017733,1
3.5746572579771283,-2.1351366161578254,-4.162269760124078,0.7030859807540009,0.07202353947516826,1.0359825080373528,1.2309738712723481,-0.08727174709447216,1.1158727553895633,1.5225670994348777,1
-0.906283208463984,-1.3966115520606421,-0.6679460287227319,4.908337354776705,2.3243338995387925,0.8754746338494088,-1.963677621893765,-1.1703830590846132,-1.0846230655082398,1.2834440324090788,1
-2.051276438184198,0.5263552727044183,-4.9456807905695035,1.591221263180618,-0.0864699460975007,-0.8809749509878082,-0.8353536518545366,-0.2488904179682767,-1.782763016108096,-1.1108947700045837,0
4.011844379528886,-0.7839302584546721,-3.67336955419415,-0.4097566608091645,1.4322897759597657,2.4573637491676426,-0.3036520411911314,-3.446400164730983,3.2037341280316243,3.9891888636656,1
-6.25291404069636,-2.8688807136130063,-3.4051402169055196,1.801660532379034,-2.918681238900055,2.4110421644633493,0.8293305198781624,4.011612209370311,-1.6467223936571567,-4.466278835026371,0
-0.44386468455553363,-1.370617736529526,-0.6029589751656221,2.287161526993091,0.8663285984702642,-0.20057413998940543,-3.404585809607387,-0.3187900596248461,0.9978902384452277,-1.1724502901544471,1
-2.3078522138746878,-2.8745517566035996,-2.2548427103926576,-0.44439910066559696,-4.945589772756221,0.33055981656338407,1.41040850705062,-0.6177239624613633,-6.188533830452455,-4.087322737090892,0
-1.482108444200676,-2.0913582966469817,-3.5700587901073684,5.0202437417490025,1.4442140690622565,0.007770773084772475,-1.976075495728594,-0.7467921699913238,-1.3629268171565032,-0.12036459714218894,1
0.2846801705120545,-3.5426581773722257,-1.252733473338108,-0.18590223660589,-1.8993714620898652,-0.5623738039312172,1.7146189921692623,2.6449136384807703,-2.0644631860874654,-1.5391783800099346,0
-0.8612274976565171,-5.583280238586113,-1.3188921414722379,3.5046781629672212,0.3770002446068248,-2.14050147859347,-1.5450319025254968,-2.0499375768950214,-3.245171614732011,-2.6845684915997055,0
-1.2307068863833843,-1.9179578709551495,0.8046388697408808,1.7875133114771136,1.0250060339528773,0.08064830715938043,0.2299381368542861,-4.391174042006976,-1.7258144401225843,0.03220618812100584,0
1.2161151195634106,-2.5557736937247126,-2.3304298522657536,2.2984110840403034,1.7743500362225504,3.612228848800328,-1.3315396797061974,-1.2373303780671816,0.31512318486043256,0.906836630574664,1
-2.0084177408218395,1.7282677157644302,-3.246396553714361,1.953541651872078,-1.6753750825183977,2.0410006552731543,1.1237225535318314,3.4946051254209882,0.7852548771889949,0.4685985868214031,0
4.1914541721627945,-0.854837570845443,-1.4088882879734195,0.26635672325715287,2.758068581585984,-0.48796643537622275,-1.4876040222322442,-3.215907014750422,5.198501109838156,3.2330386750437574,1
2.7631873947022916,-0.6600094709031099,-4.823993925298431,0.10262057181146877,0.6400567031017164,1.9775762958086984,-0.9344735182297035,-3.475670248706181,1.6103998556334194,3.0366830593295546,1
-4.8825146876629635,-4.177244442371643,-3.753650222410097,0.7717057430056102,-4.145132855464983,3.6849155677622485,1.536438244989652,3.7026722035642035,-2.9013990868430692,-3.844013748304441,0
-2.8915604340947345,-0.4606753522145255,-4.9077853578625295,3.182254727966132,-1.4428845264551065,1.745184435581423,1.267025028276422,1.3356777589054407,-3.2162217025076503,-1.4620025348932615,0
0.619610778657224,-3.046778080627732,-2.2362534633859945,1.417772681549023,3.930379214628007,3.1248943137139076,-3.9290371237858204,-3.9228529381759514,4.18130460682327,5.505002526582432,1
-4.0315154779764795,-3.7342479389965533,-4.196772790021785,4.956448861602546,-0.849693542867942,3.9823720012570067,2.651597810302642,3.874271871333728,-1.2852553865297547,-4.243614031901457,0
-1.9800465945013817,-0.24433756866041478,0.6922975510637275,3.38622498742094,2.9812369435498205,0.8722696221594441,-5.031981487132558,-0.01587554283422188,0.8216702717087849,-0.9117114700947284,1
4.161235853779179,-1.4942040033984696,-2.743539002891625,-0.57001790855879,0.7565240531627844,5.032328974576446,-1.8980765456642334,-1.9445633646387537,1.9918277054380242,4.055819977357474,1
2.3368555333989063,-2.8460309543753706,-1.245730280576724,4.940580184769443,1.9470628950069075,-1.5647051157598666,-1.7227113338111895,-3.3382835592204554,1.832490325159975,0.5607969150470522,1
-3.513334254166854,-2.062202898467918,-1.7876032673318292,1.6780698460549694,-1.1709375688037407,-0.2000297803926201,0.3501436188483704,-1.920292804965472,-3.344824775220536,-3.2903782155354344,0
0.7509555936476051,-4.486511341908805,-2.652252284995531,0.6849756379630867,-4.292782008186869,2.7236505002002587,4.8555621342995785,5.070726699217543,-4.542662486494733,-2.819714955768948,0
1.9669409839607002,-0.6620514315657289,0.4811724749268258,1.4653750283162394,2.173806765355468,0.029482020213652538,-2.3992565316128456,-2.1908805406617495,3.4987761482594015,3.2298023354487153,1
1.8524244837383697,-4.836746409600076,-2.2226370236157704,3.0272183952342493,3.2746052797378002,5.48111018626995,-2.2853498675224735,-2.5674477389029815,1.52919694888704,1.3091187701209281,1
-0.2826377436962546,-0.39653866278436567,-3.9810216565350434,2.1114938835319785,1.2738053049644296,-0.40972106982732237,-2.6236899779137755,-4.8410584880214795,1.8813079608725023,3.246482170472662,1
-1.2478829569282395,-3.9223227481884004,-1.0125287184488245,1.926963976309512,-0.7800788944500028,-0.9173456772766602,1.2588393491910292,-0.07827185407486681,-3.015237964639274,-2.102747793929345,0
-0.7422536445241303,-2.062554901840649,-0.4740591298863639,5.7381856454188345,1.8449335199715085,-0.2703477601717048,-2.507206792807477,-0.47741545580989,-1.482321192570486,-1.2735950970873908,1
-2.1118042732769595,-2.182889604421115,-0.07595165437480755,4.1601585711137,0.23232558884375765,2.758576782725223,0.5471075523916322,2.486127228923787,1.6353537052480474,-1.419056223034415,0
2.5868699622160443,-3.1612122421262994,-3.0159087112690313,0.028249814049054578,3.392554557366096,4.655068347466592,-4.324414901803167,-3.5578448365559607,5.407152157976453,4.568482374181036,1
-3.477613343192968,-3.937893276359188,-2.5585977561202498,1.206298137424831,-5.257427713295153,4.873656492833442,1.574419902744251,4.946880171913671,-3.0101266125761037,-2.1133917638278734,0
-6.880673472755829,0.16086346626795978,-3.0813693882774214,3.5119226579508513,-4.262964799972482,4.372146378727956,1.8184636777263115,2.5252328008183853,-0.9053416139688983,-4.559033092276632,0
-4.097394759914648,-3.4324595714465334,-2.2318544795930686,0.7040753591618316,-4.198572922067502,1.0910298150592173,0.257467918716892,1.229194700343143,-3.709603628230677,-4.970091507535816,0
-0.4285428672653717,-2.9723629418560606,-3.0260203718773226,3.100488198560822,2.301221106842197,1.532151733035752,-2.7334446041669143,0.19304400493884355,2.3253807453948667,-1.5045804050123341,1
3.5111706994758536,-2.3853219515112296,-2.6529957494234755,4.040672661114681,2.5675749314657113,-0.8942243982253015,-0.24394310895085214,-5.568159433629965,2.4324412577839833,3.054793426607241,1
-1.2148501214530425,0.09576951807884981,-5.728474231445299,0.6477309723255893,-1.454642276827107,0.950321468988921,0.2372614990063966,2.697167195247129,-2.447079706574057,1.585039404226455,0
-2.349630479249429,-5.357199317419083,-0.6692657525946835,1.4490210438632847,-1.5550955313781385,1.7357136215593598,1.627076520892902,-0.49131540533903584,-4.883049348083031,-1.7688862529103673,0
1.5315553078455126,-2.4964574258188845,-0.8653348822297238,4.396139185232598,0.521317496572409,-0.8340768516229273,-1.165075371466509,-0.9150134746703278,-0.6145041996972864,1.3178390271858915,1
-0.11512434891306667,-0.5534597125913421,-0.8251852745371289,2.2628985565040596,3.323964843652144,2.4584576400818756,-3.1740243067270297,-1.9507372187435847,0.6328030828272206,0.28500088892479036,1
2.6481480975787273,-0.17222459733057516,-1.5538034534695853,1.4703586628882017,-0.839060221654091,1.673830047964809,-1.3643126779702408,1.0940482978803039,0.4427494223305042,-0.8713708957799615,1
1.735253122283193,-0.9152443760152791,-0.509188437963191,0.46440708039113665,-2.6998455433297446,0.6403294484648359,2.0569294110314322,-0.012248973615613945,-2.4654750738700466,1.1598492403757579,0
2.9875138859598165,-3.079668939261783,-0.5162130053086866,2.684119792555898,3.0325199088297783,1.8667041560388964,-3.889501743704242,-2.7912616277048796,4.553052949610569,2.4232765704972548,1
1.3911774711164933,-0.20347157706245889,-2.0310835301781953,-2.376457288728,1.1101388538904122,2.243221675388783,-2.913928225981447,-0.09142966927012064,4.179368389088644,0.7217406701618612,1
3.2077299431024846,-0.7750316483892716,-1.9109653459653604,-0.070158024744579,1.8997918137513077,4.679555009956849,-2.9129628849045286,-3.947482555569633,2.7092965918245557,2.6948534880662747,1
-1.8790831655507054,-3.416092011606985,-2.948830271540536,2.525093494612876,-2.3964080626130433,2.0805747591946555,1.673882003540004,5.603365426745018,-1.2613213191001953,-2.3689888114646203,0
-2.1613029036646196,-2.0341142999506276,-3.903401288058797,0.6206556671239627,-3.056245437770624,1.8906600155049353,3.3936431637756437,3.3370095518132232,-3.947098927751381,-2.0830720763371384,0
2.4152715773329962,-2.877847861476084,-3.782745192863856,2.4953705941515727,2.287427647203444,0.7096958170551113,0.852059012338755,-3.2800964019578043,1.1765833502316632,4.004218462585231,1
-2.751697562080288,-3.5582539749292286,-4.0521798792779595,1.360276423214817,-1.8314595740640562,0.5135441587528922,-0.6145442357429602,2.6925967741439027,-1.9426209757897186,-1.7450872366813668,0
0.38214984074716574,-1.6955280474908063,-1.0846687558756187,2.1999770794776565,0.8377908135836032,-0.1071855169255782,0.655635722735469,-1.0722543649482952,-0.9993873359774779,0.02784340541484731,0
3.765520207350731,-3.0608956532473046,-3.7374076611058644,1.4653322515306153,2.9990956070123787,2.198309976439189,-1.3675598915661902,-2.7807388196548635,4.383948714111712,2.5366780449178705,1
1.5563006930900216,-1.5666573479538464,-0.8924091415070237,1.2951568458075577,2.5559997474917586,2.9634140702013796,-3.6572479762650003,-1.860709139324632,2.9353314645938453,0.9449324086302606,1
2.042199628172543,-2.3946125356610146,-0.6069735295837142,0.9786285798436636,1.539828740367153,2.466911784294434,-1.9874997271012567,0.6802378863277214,3.0467267724712737,0.743687259538721,1
-3.564127429452821,0.9426241886129931,-2.606796304176427,2.8376017057050547,-3.447684483602389,5.049923955407906,2.57432911392053,4.152071424184883,0.30766353161433235,-2.7942583764975635,0
-0.0565226673383743,-1.0878012047897179,-4.393143950311694,2.3506062962134786,-0.7022678143403691,1.7428656844262018,0.5657301769241079,1.9758377228096213,-0.7366749269542132,-0.31685972310472543,0
2.42310962726541,-3.9476559615991498,-0.8844684028529202,2.6889302534479738,2.4901187215442047,2.5631567205938635,-1.0630071456291388,-2.2180014770757706,1.3657787857190433,3.0392648803810003,1
-2.380452142373797,-1.86603495535853,-1.744269701438684,1.2294711317774598,-2.783892461303905,1.194037302826842,-0.5760547792036914,0.46777334573240537,-3.0694654911785535,-0.929840542512907,0
-5.696697099984393,-2.7734840433517296,-5.275131111939849,5.254478006481486,-0.7415490370233866,3.8026910207709284,-0.8038787984011329,4.748275698314378,0.09794378306572415,-4.725699026057303,0
0.8871521907595854,0.559619782133399,-2.072540130601356,-0.5006868670654185,0.4632345141699312,2.6813878460210834,-2.5231502743994714,0.4577192910753012,1.653994384025235,1.2325120207229465,1
-0.4674329734258533,-2.1647972653052396,-3.474054725928545,4.753311102536115,-1.6508136725278013,2.9652107066997697,1.9399276749711425,7.645186357101605,1.4626889507947425,-1.1357864404361457,0
-0.5759329005309026,2.1670772127356726,-1.0565748100630932,-0.5806642587051138,-0.4889035528307768,-1.725520710609855,-4.30227782117081,-1.5588562914726853,1.7085670210705868,2.2241835091005093,1
3.6672809350877107,-1.9457889815273701,-1.0795984950578477,1.2819951324807697,1.636454972877356,1.9222331910035049,-2.7374262220119476,-3.370448079054626,3.2697888622725477,3.3234294288752695,1
0.29129981049906295,1.4143488208955333,-2.054502940838072,2.175506472032199,-1.069973527203294,4.699206615578773,3.7262438097029973,3.674268465311668,1.025189386424036,2.478122563972378,0
-4.68756712951041,-3.4831257788757934,-1.3830065461899204,-0.4287885039757433,-4.23932052935136,3.3490982835996412,3.2985438591242957,0.8868402616977233,-4.63682958983976,-3.982467665790226,0
1.9126290240963004,-2.2880170931600596,-0.6838346856345814,0.41354762174444826,0.9861420893736439,2.490282800700576,-3.0631288276489252,-1.2184052271309977,3.703547063993502,1.9781794444266652,1
4.4954809789031005,-0.749158932094409,-1.6066864126741318,1.6965334296895622,0.9597724479628724,2.199353256407788,-2.6879541200666157,-2.639448417659294,1.936650777351692,2.5596607167358028,1
-1.6249454637696683,-0.18364839990649195,-2.1964549665759847,2.264943102098094,-4.994312525812265,2.8754139594314014,2.9774187404499957,3.3014757262569603,-2.408441943690079,-3.6593320787145833,0
-2.805354103510468,0.7997409342380584,-1.0269728288054427,-0.20938988107070822,-4.555100889354958,3.8127402946503155,4.372138376243509,3.745853825486704,-1.6906710217581087,-2.569201837083746,0
-1.7323323166202758,-3.8492535366762617,-2.2123016437365783,0.208899573979491,-2.3600037348556047,0.7978649075156454,1.337319764078769,4.11184076094287,-1.825716917346305,-2.768981675258092,0
-2.4119878032915065,-3.9373464263501665,-3.6664261960344793,5.054552313220849,-1.7227333221907533,2.8374391433239503,2.028393418146835,4.161208810039697,-2.341712478895407,-5.481720954660325,0
-1.564299138642769,-2.929086631930714,-1.1316720073645674,3.485509977722022,1.2362496101755391,-0.18126533717483273,-3.9992582245806956,0.8902342485577472,1.3133993670109985,-1.1925457953426157,1
-0.3925376686834321,-0.8486791185929341,-0.9493333930647536,2.0144871767517882,2.301886700834997,2.981397819430101,-3.8402130853359244,-1.3453569681314999,1.3262858368659345,1.556317494544215,1
-4.02176904805798,-1.0754942483091432,-4.067285740000777,-0.2850050870617036,-3.7662932215828415,1.8386233833111445,0.39365165468811303,0.6914182632438481,-3.9411157805228667,-1.497787848519526,0
4.054847416797855,-3.0521249312779823,-1.339758341527045,2.5083556842549593,1.8242943128074771,3.923271038842493,-2.3639291022274005,2.0366824935251238,2.3869540518514936,-1.9855706223711986,0
-0.8835056903329974,-2.0583161992468315,-2.5869468718923634,2.3005928427110742,1.3960747937712228,1.3617243049086225,-4.6668103400080145,-0.6481769572957157,2.7723618840211417,-0.5774605679219049,1
3.9719483431565994,-0.8052546540356027,-1.7144212721116139,1.9204841350466086,1.5278424303847684,1.02371275661093,-1.1742167557184437,-4.506855175708244,2.0821739629855234,3.8037610240450426,1
4.309973084283289,-1.2462900880996481,0.08759280467216479,-0.33879858471564805,3.119743650724982,4.314871961066238,-3.879987671100805,-1.6683006316065443,5.159710270324164,1.9289739495645797,1
-3.5115154626853453,-3.0705145863001597,0.6624514384918481,2.9711416599620484,-1.961086414890423,2.6305633248056983,0.7935759027373144,1.504251481312069,0.23766735946712414,-2.642028416993669,0
-3.1895250687786767,-3.4369468812331485,0.5824913878949145,4.632965886390269,-0.9759139062626279,5.042598341702847,4.313526350895028,1.7323075284653937,-1.038428286936453,-2.6782061776824087,0
1.1006063831480293,-1.2331777575381437,-1.5718755911680362,0.2999339704620312,0.20544921278969142,1.7854070470683483,-3.420616910967298,0.3977605233114323,3.585637058881345,-0.74585165771229,1
0.7036834607880238,-3.4306246792996875,-1.3300425050833127,3.736574108653979,2.3149306341813016,1.3063348358137323,-3.368093060863261,-1.748710519666599,2.8977820546841886,0.9579174721415351,0
2.2389265489771955,-0.43626916613345657,-0.39554715555165765,-1.0382806051755433,-4.435385438130458,1.1151972118884808,2.446735435637869,3.4444181690457816,-1.9984075866030122,-0.9524805082776744,0
2.664256453086952,1.086156148803302,-0.22077478800950034,1.2310555839925157,0.6293444899893441,2.9940565740913625,-1.8450949483686223,-1.4270343014560398,-1.5425140424503248,1.469348827500967,1
1.4393425486805205,-0.396356477239898,-1.150918138017908,-0.7437427323816839,2.7799370719956698,4.505195029560634,-2.633308391964454,-3.124269175090318,2.1037087102089447,3.6879969641688892,1
-2.490006375834902,1.3460540468663682,-4.493840467823464,0.9328909349055095,-2.26479992784444,3.357686043897871,1.0397725861228921,3.8072269687793305,-1.0944153405394215,0.7870775286528628,0
3.2042083638478527,-2.8587059490280113,-0.7334977742657949,3.2001771152875023,3.7929960489306023,6.122993696422533,-2.694118954948707,-2.0900117542070986,1.2061307516110542,0.5301215771212575,1
-2.6372578880418023,-4.922829950056521,-1.6876827093702946,2.721335188270478,-3.0220390288912324,3.841953743027528,3.4657941851074616,2.4243800586359656,-3.536768713500539,-3.4244094458644874,0
2.633026260501397,-0.8301749329861401,-1.302483790552555,0.6374600371102359,1.8569825412798473,2.23526405789456,-0.8682604709608148,-2.0880180993847715,1.9338778097881737,4.010619999185416,1
2.754377673852869,-2.2668743310330006,-1.025486178771072,1.019708030126625,1.026328381557569,3.5793012836933027,-2.4471810964854477,-1.3944154629153298,1.7507558760718753,3.0355167499432154,1
3.249015936757753,-0.7290556440648672,-1.1974090415878949,1.9357344485383063,-0.19321552473918646,1.4133243661428794,4.782465575101396,1.9556348639293224,-1.7425861845035984,2.5325854756216266,0
-2.1542243134196877,-5.654879165952963,-0.1689820261579511,2.985141438363931,-2.5352171945753543,5.106245983193557,5.234135471177,2.93440913322148,-2.9774730951422748,-3.219707782201544,0
3.7956590465675344,-2.9029758736359526,-2.0570474857888117,2.2615520293481293,3.6785888929100086,1.9771426674567925,-1.0787652438961834,-3.4627852144554137,3.4411527007600182,3.264626865041474,1
-6.5757136900319875,-3.3544360414965744,-2.4638033902682066,3.957745165003065,-2.495654634352222,4.658846212049804,3.5968260956210116,3.6546038108501318,-1.775175930377253,-5.472799941702001,0
0.8914566714111007,-2.9355095614332583,-3.566336092558363,3.7430359658210426,3.058284805385931,2.2101232946462632,-0.4414449471414392,-2.410562873890707,-0.11685231357677184,2.619083774946787,1
2.2446802705845514,-0.6781867066134017,1.5278860887646064,-0.33377633807134943,1.9410806907663507,3.955285024076611,-4.450476554565203,-0.44552244975965105,3.0975094942775456,3.0953813886419272,1
-4.422499370870565,0.38899662992391404,-5.209552991422901,1.9817513243047513,-2.600129190961596,3.1184512441800365,3.1720208077562466,5.84240683618999,-1.1986187725790471,-2.3441223103989817,0
4.693943709885537,-2.9006325452271895,-1.421141513368576,2.2418777495088538,2.636291485746281,1.262722443471765,-0.32348419521638383,-2.0071840523694773,3.3142476094776807,1.3607702376576423,1
-5.605628639601422,-4.200766397914563,-2.4929239448447205,2.3176035420449654,-1.4194354855593008,-1.3399462558036563,-0.7463315403447361,-0.06455677935126003,-3.207132912213092,-5.317123602652049,0
-2.828671561717448,-1.513569566453804,-3.019861923608244,3.6624086870628463,-1.2869155192826414,2.787629170077862,0.8663576785783123,2.5207289351301054,-0.9394838666854182,-0.3745619709522665,0
-0.865755492748969,-4.027949611461542,-0.47471125892715405,1.480459654082408,-0.5799154300291125,0.3114341705630621,2.422318797144373,-0.2921765317001146,-3.768112243248413,-0.7806221254567152,0
-1.4835161393392278,-0.5825985899561268,-4.3925573763359935,-0.42645646971983675,-2.4580973360076883,1.6656366699602578,0.9820452225520042,1.8010937048502271,-2.9431096852528347,0.6808303628034764,0
-2.5277040953783247,-4.434521600733284,-0.16952470755450055,3.058958626302743,-1.2505601314711932,2.5493125962217396,3.565217195965381,1.1339294201466399,-2.2104793488255052,-2.345736602556031,0
1.6640555066125702,-0.7531575642772823,-1.101011782417697,2.5935397574908023,1.220117114112238,0.4856125696107547,-2.0086811922141594,-1.619604621687829,1.3019732788405438,-0.5227241846738919,1
1.0891266361196341,0.307750806268007,-0.3534184407882641,0.07942798962338227,-1.596201260360783,-0.11737131955867763,0.5599643971069559,3.8175164289099706,1.7162522778405673,0.5469474391085263,0
3.967712952956068,-3.8028955209918944,-6.455527252108152,0.14446254922859514,2.084171992879022,1.1800346973834284,-0.43525952364979137,-3.8000258763704915,6.979048666929803,3.7866939132834094,1
1.549737173516806,-2.6852073815482966,-2.991560887863794,-0.2300053628684915,3.7373053400227865,3.6145630310495096,-2.4978833376303093,-4.578407422559769,3.471501780899766,7.007683662347019,1
-4.325450291091087,-3.3514665820825345,-1.3639339922315943,2.237139774581813,-1.640225798619927,1.2697494479176084,0.9218663104585689,-0.436632772133037,-2.692423520457827,-2.7541588025441888,0
-4.038511173214873,-0.6866623956329452,-1.799442300501364,2.5449751227567545,-0.41964869795896376,1.2185304704067672,1.881761644532182,0.49059451576487945,-1.4276767304511762,-2.654092357095497,0
1.952030976454424,-0.8769744106756392,-2.446235920588152,3.11012812630102,0.3433764462084439,0.15131346011527014,-0.5407038841779228,-0.5408374273187575,-1.3775362867180916,1.3917998125597966,1
-1.663266182210457,-4.895682832148189,-3.6480998152871456,5.3074742731535585,3.9679223301341,1.7756457002910007,-3.6700372266567163,-2.221024738583086,2.2572254201885116,1.5245270959832549,1
-0.2631341419996509,-5.265820622407268,-0.8532102801006649,5.009657041363911,-2.1828299759259733,4.000641068790372,2.7115560083115664,5.404233702973896,-0.9033821173671919,-3.4065934487740943,0
-3.1231613563162304,-2.5147315938379218,-1.9699528246587135,1.1165825699574174,-3.4525260433730187,1.3863760775376712,2.5855208655396043,5.092534914518548,-1.4119595875826771,-2.62554298373835,0
1.7002031416852796,1.671270688121541,-1.2971796919901815,-2.3200845360869122,0.007730675143801324,3.1075262483918284,-4.694285580216205,1.7306693316370625,3.9438736843833593,-0.24218156519998546,1
-1.1691764292565239,-1.736348044632075,-3.5218219769882384,1.8888999933867632,-1.7863622134603192,3.6467377771934117,1.8682551547351545,2.8196581388930984,-2.0934054957318997,0.40955427753719365,0
1.3944732764372927,-0.46147167994109983,1.3418974021137764,0.9921295843213076,2.195094326547171,1.9518488891236248,-3.9652850514451448,-2.7444556080469362,1.0978739852686354,2.499441924236594,1
-2.3816103532444015,-0.15416255126486345,-4.044264915215507,0.33331120424115257,-3.047271812704739,0.4719830466469408,1.672479249970583,0.5304551615189508,-4.092024687781633,-2.4808845155877566,0
4.841448309002134,-2.2949913483357927,-1.469235032996553,1.035315778231701,3.5403797276433537,5.779141939951822,-0.7290382565649607,-1.8578384342599488,2.697180792283011,1.3796891922709298,1
-1.2857805892143201,-1.7545481396497518,-1.8115568462949787,1.9185362615005022,-0.7011126479280227,-1.847121520379051,-0.5947377718620981,-1.0200969308915666,-2.0537174648071113,-1.0919942371237732,0
3.658501242345309,-2.72488744859382,-3.895589614692147,1.3918718647383748,1.037140970915467,-0.46915688657853893,-0.9786902315791781,-2.493133172163214,4.156492710892572,2.9003467250842148,1
3.914365928727931,-0.04745595307937478,0.4005691437672261,-1.1271867578933783,0.25220961371487594,3.8977323892125186,-4.172277354005345,-0.4012136860754374,3.6500916279425724,2.262598489816369,1
4.108889496554762,-1.5353011982519456,-0.33447135550265483,1.4162166855300184,1.7910605768596928,3.326195701426613,-0.7706533914755673,0.7744660924237783,1.3721872625384506,-1.074068304115423,1
-0.6452987488052748,-2.266311950101157,-1.2021704837648621,1.1399898371124515,-1.9920678419237183,-0.08091638925040057,2.4297134510063003,-0.2685155271238142,-3.7713626969496348,-2.2497047748926735,0
-4.546441016190139,-0.3462484165274686,-3.8009015798836496,1.356811583490816,-2.882882096415817,5.296235726573215,5.540593236068055,3.696802838503065,-3.059087232097438,-0.12758171380846828,0
1.5450897089186957,-2.374101979910676,-2.6677603650466057,2.4301465469154637,1.6261694334846413,1.2646707839669142,-2.1710345738346835,-2.25884362464378,0.7402489240034535,2.5505417043570526,1
-1.897432043873914,-1.5791281298244304,-1.2759896507799868,4.072099148268286,1.8307125457809925,2.014687245259663,-4.797775720277696,-1.5497791613085952,0.5213548962392447,0.11771307701373313,1
-1.1824905125922354,-2.4975749566149497,-3.5843402249562133,4.163778041502283,0.25934431135396396,2.532890515649999,2.1174136851152747,3.6474402938961665,-0.26889389570534483,-0.8755697180477435,0
2.840719114449277,-5.217340389569626,-4.072446151349923,4.979064136342471,1.9597949449677907,1.2621756044336103,-1.0175809975091765,-1.1403652405536855,2.9912236352175277,1.3190665091634783,1
1.5209531368805584,-3.302154764262172,-1.7732796674440854,5.42136435455604,2.7023466975456563,-1.2771278446826608,-0.42674098109796366,-2.883143665864104,1.0790500688478275,1.1253937207302864,1
-2.429409152117014,-2.1504937766861736,-2.8662316892992425,2.570152348941269,-2.2656501235681636,1.7203544111815607,2.5549442882517077,3.0653797062304244,-2.2414896966763753,-3.107639793238659,0
-3.1931230164955706,-2.4780279215527754,-2.203460270721359,5.771302734024974,-2.1114596274650452,4.784253011363187,3.721399211867089,3.8722908391089836,-1.9922459750017214,-4.853469074677051,0
1.9259894309212378,-2.539004237744719,-1.2522340316293668,3.9901985056976192,2.7012491851553806,0.2797249592607669,-0.021620120318402103,-4.323593447186409,-1.5838447966723694,4.739473881742142,1
-1.588899791402038,-0.8588119275185364,-3.4859788302228294,1.8230094166370032,-3.9373321882382992,3.6771405871552054,4.490204829367948,4.23641952487813,-2.968153801307433,-1.1832741357878933,0
3.8605230393492724,-3.0011129916462362,-1.448888576000149,5.654493397271324,3.409001240341839,1.8128562641479453,1.3339677622913335,-3.016011641633618,-1.8943054928360197,2.5315360934242603,1
1.6086419551312188,-0.8195534508427802,-2.8898276904998172,2.8072516773199325,1.9880182157125592,1.4927498906572398,-1.4401562177956597,-2.2529241786859506,0.7946936710075951,1.404458838628361,1
3.561941390963055,-3.1085265260575015,-2.1702328861559663,-0.47275179677037427,3.2804556179304116,5.386824771945056,-4.3464270021106906,-4.5525510380359595,6.036482692958921,6.16379845927444,1
1.466866499396442,-1.1319579265109194,-0.6279898669301065,-0.7370331788385673,1.2011460560984235,5.711220037911465,-2.77481679503265,-0.5724090563320321,1.096198667880703,1.5675346692543548,1
0.19725032623632188,-1.2927463709730462,-3.140654180686833,0.9723440313371976,2.2303448386066127,1.7200023529537667,-3.212337190621974,-4.577306836207386,2.87958487098287,2.5604649806923234,1
-3.4450337148755317,-2.5817418453985517,-3.2427476843585614,2.2548530457245053,-3.5013958939950705,1.2482873730486088,2.307069618754165,3.1431070065357964,-3.7417408325751014,-4.606698399101828,0
-1.7520344548158955,-3.0316643768496885,-1.0141530418191078,0.7107811073179608,-2.194543790350666,0.6227204949233092,1.3993378045861204,-0.8720372154612157,-3.907188909011902,-2.30124885876149,0
-5.98431204737173,-0.6160235177990967,-3.4708646442594633,5.7373964863014315,-0.6220836606726103,5.064255801786942,2.2586757422567927,2.3382752716101747,-0.16926329982250343,-4.184666407660931,0
-3.195527287599975,-2.3383376964721654,-2.409679032050377,1.8836726361040845,-2.310278944299683,3.176551423034045,1.1835194707734766,1.8955116525091285,-2.065711584529021,-0.9706209182351815,0
-3.12588386550034,-2.0169691322930423,-3.2659572891553195,-1.8334407749075492,-4.12948729533359,-1.5056289803741132,-0.39501080599664595,-0.4685783613945542,-4.344842358192901,-1.7366106503671017,0
-0.15756293462215054,-2.780717925718301,-0.3203450548428288,-3.4863461102109197,-3.857110127194299,-0.3624344574682534,0.15381243140170375,-0.5018454466057296,-3.8200707380984604,1.3495318447469153,0
-1.7096450081850922,0.22353873765530707,-0.022957784658744318,-0.4423802941072159,-3.2328522095152614,1.5832368558679113,2.6864593022510452,-1.1197830378031668,-3.063782578977304,-1.6234416702720647,0
1.488124570637917,-1.3770530213452095,-2.1112578637481896,1.2027701813210818,1.9729722659195512,4.861487000234973,-3.6641284678707384,-1.9211153799023626,1.2679355965372365,3.210610780225897,1
-3.3056778947278436,-5.759849795595033,-2.2664107435684535,2.2717364143615555,-2.9170518644837045,0.04977539607085313,3.194273220360234,1.743829812837233,-5.614708516227233,-5.207238014626836,0
-3.9124676981888027,-2.3549504547782787,-2.4137053203462937,4.2026369328830935,1.092846076192608,2.4221299121791824,-0.6978701539018926,0.1590493791709735,-0.04202794415387934,-1.784582915313953,0
-5.2259458802213965,-0.834603358924358,-1.459908383417679,0.05672286757664913,-1.5524048024489479,1.974621414822249,0.8170384961948565,0.18523923775491036,-0.9459422059218052,-2.4403635075988794,0
-2.258209311110413,-3.77794660507414,-2.4742438247730143,1.468424707531998,-1.6225538885735074,0.7021111279278984,1.2346393225605499,2.066420532320594,-2.644993324809762,-2.7309492900728007,0
1.5009469179414197,-2.4798620015986756,-1.6281335522904254,2.76571560868556,2.31451624257643,0.6039835557651572,-2.222356205536437,-2.8547781654921294,2.5152988695717546,1.4393381630013493,1
0.6497868582237234,-2.4288611476594664,1.083226878533405,3.437259303253942,2.7406625393681567,1.9045068193385926,-5.4467313839605,0.790818944520276,3.688935740668256,-1.9158261130853456,1
-4.109992510660373,-4.34104590612715,-2.8311395025817947,6.065440942349684,-0.506747705507473,4.238710307014777,0.0820170232756341,2.0310334186139105,-1.0372797799879523,-3.4806265038361435,0
0.9451913858816285,-1.2868676877635272,-1.2899058491483468,-0.4358973741483041,0.04134889619392945,2.0769251637456123,-3.099362618525639,-0.10772337960692058,2.329336085792055,2.024390927811765,1
-0.30967477774394303,-1.1242170819193416,-4.592340309673728,2.5797491219816577,-2.7280826714156894,1.0160915088673101,1.1590651247162747,3.8965112281153766,-1.8664759013693009,-1.5660048249157565,0
-1.4989701234869242,-1.585566542989613,-1.5253714028954384,1.896409362472214,-2.9548746325572965,2.3126181387859623,2.397196138615335,4.484959807883587,-1.1772594961882108,-2.5739004436261967,0
-0.06616432480117473,-2.518702761596561,-1.111696371218322,-0.06081012156103638,-1.721873236675072,-0.1384231260899802,0.9087331096135871,-1.6044820514998,-4.054790502142072,-0.4340446907372977,0
-0.548813671715267,-2.608132252293639,-4.160989150202848,2.000243717024133,1.8346803957831006,2.1168156750942395,-3.2600355755780077,-1.7588707416451181,3.199275910365093,1.8617673135747719,1
-1.63090672023117,-2.252681361038939,1.0514472460723248,3.1321067577567674,-2.708109754463446,3.7659861584494223,3.4487296472677214,2.2294924835398273,-0.22542246877092098,-2.474574145581077,0
0.06746465171557858,-0.8384940785570008,-0.2712659475635826,3.4004604889063477,-1.2462830818871444,4.10472355413074,3.6727799588581824,2.543438125292033,-0.21494434391605255,-0.4137683455820982,0
3.716675314653962,-1.6009156559226316,-2.358908883637094,5.521131155279143,1.9359480187630453,0.04263811435266973,0.658542322696567,-3.0775826384435945,-1.8952569456634136,2.006335728137973,1
-4.627091201229209,-2.041731476984556,-3.013863111203479,1.704444186382772,-1.5183578969826896,1.3348314752593717,0.36763846537384004,-0.3110363440986199,-3.1652947797743565,-1.8573025152536389,0
1.852146404057706,-0.6449881481082296,-1.3536777024736406,4.792090829229012,2.3728587751002115,0.03663444547284733,-0.41945125867371,-2.908644869739903,-0.881721042326514,1.7765421740638887,1
2.3081134419611944,-1.9397480467751862,-0.9805094324263106,1.0323684468956493,1.8530992989194406,2.8677444481601757,-4.166538173404398,-1.6364373832825763,2.859790601320208,1.8663119848322622,1
1.154440188907464,-2.180416876062977,-0.6453486810017222,4.270641379832004,3.1043727595048516,0.2961066775656924,-2.399106038854014,-4.429390518318972,0.6613275790010236,4.420360315915927,1
-2.6268135028848327,-1.574527984072378,-3.1084409958423853,1.0311756283046454,-2.9894651892411734,5.301562620928408,5.276212277670496,5.042080093736713,-1.8082539956006778,-0.7359963979858091,0
3.8375550343071883,-2.198114368737145,-2.369426437885315,0.45957107915546747,0.3340301517250652,2.5041340835400887,-1.1809014626875902,-2.4950281556532437,2.571083088523448,4.125619288321064,1
2.747474003811863,-1.7393772721670886,-0.5077427572537985,2.075531021547612,1.6117210812424636,1.561254140474134,-1.03479210689594,-0.5875768175300577,1.051785232252616,1.5623251719419944,1
2.7791715315504835,-3.2491148687546447,-1.131118188405718,1.1391449413717831,3.266733835935116,6.4002044055570595,-3.3925413460851903,0.24961441276739693,2.6636803867807526,-0.116774022813253,1
2.7411701472772028,-0.6264137022769634,-1.14792549908351,-2.011827612718383,0.64543133533204,3.414874080815567,-2.659241259302622,-1.5639530878609005,4.463224051974071,4.55712537698985,1
1.2430577539310006,-1.1098617843194618,-2.602380148127582,0.7811959821317069,1.4067164994500392,0.6971567668671623,-0.16836294949123753,-2.3736119403243388,1.658293368676586,2.6080551477898095,1
3.0752843622937958,-2.517878536732959,-1.5577479920672075,2.017718433575512,1.2280603895483304,-1.0693507896472103,-0.2542740053971928,-0.7458884386518212,3.7114335325679844,1.848026609192928,1
-4.631306811382043,-2.1955507535889183,-0.1889858504504447,1.8936661139730535,-2.276655420791291,1.304211911275921,2.1970802595815746,-0.2910047479485889,-2.974256577372348,-3.7520218471039652,0
-3.360826558213142,-0.045433595934292414,-2.5227054714259993,2.762200758896881,0.6367276846242489,-0.056243260305491205,-1.0654315713079612,-1.8207487162227647,-1.173181185458731,-0.574379427381748,0
3.9673047248729136,0.7122191589498237,-3.0207630604299185,-3.8443385504351415,-1.1160888672694873,4.626669597757232,-1.6934647917780892,0.28000315941283915,3.1336412322956138,4.037270723515036,1
3.0099425445892134,-2.504408233877622,0.6893480430821239,1.9414380881149174,3.4805341039717677,3.3094395968857446,-2.448719808752907,-2.742795848435543,2.016638626249269,1.8276393789198488,1
1.7412962991296739,-0.7180254072632539,-3.8608580621747093,0.10059971219573272,-0.6816784417040993,0.2234122020512983,-1.4454822383122758,-1.7574958697257315,1.70051334928168,2.229622947376166,1
2.9099394242299494,-2.6105397409873214,-1.822862643216849,0.30340682980379974,2.0753669511286716,0.7831465264541417,-0.9966797087165751,-2.9049548964974226,3.404418718183236,3.057230430199026,1
0.5243171246963494,0.6321904586771212,1.208945221804417,0.7600853637596152,1.8756385182410127,1.3711121002472588,-4.743369299137269,-0.43130311398093424,1.5623380636696598,1.5576463746683207,1
0.9442818548334269,-2.458208220582728,3.4702230959180573,1.9089590450476435,-2.1625114248984563,0.23098478438474213,3.9556917723144087,0.7387557776406177,-1.1793296930328807,-2.244629545494958,0
1.8646641080286959,-4.272733155331034,-1.106028915752455,2.8854768879792916,4.055741737478375,4.404567527060282,-2.618069932563422,-0.21166446053241317,4.1459360327033625,-0.38969746716027887,1
1.2057860785889876,-3.092187196454523,0.30997301869710103,1.01609779851996,-2.016681689694629,2.198069119851753,4.185265770182165,1.145588056410614,-3.31087521213548,-0.13217324446560963,0
2.8571673551573267,-0.40352467526316493,-0.2317816596674318,3.703354476650236,2.0396440546545804,-1.4056332418734958,-1.3219318571970236,-1.257036092868848,1.9023515090112904,-0.8448737154006163,1
-1.9472833474228806,0.9470195562556984,-3.537963478275663,2.3038775093359187,-0.8069229184927802,1.443743522086951,2.0550741889618087,0.7229898607105374,-1.7902012353839223,-0.03479653978213815,0
-4.532052371696349,-2.5623045534139974,-2.030553551861529,3.5613686714824144,-1.1439369400006103,-1.4516015804564875,-0.7637248628846818,0.42818831362793097,-1.9418987919368085,-6.32219268010958,0
-0.6259030901821878,-0.27081053475115824,-4.634652692877671,3.9438321739388953,-0.2396427571134201,3.3352225260929567,4.767813144433633,2.539153657079916,-1.9950777787261542,0.0640401475213892,0
1.7964818447409918,-3.239327570200996,-1.25103719720174,3.630871339884619,3.55434522350356,2.7094196568594127,-2.0434095432195063,-2.699749899783414,2.4537406373256085,2.494749002376399,1
2.9274448037932737,-0.8857334892921691,-4.7855660897929155,-0.376302103784099,0.5632761181041261,0.8400324405220554,-1.4409547907378473,-3.716371065001632,4.401082016324651,3.702320798410014,1
-2.9127862286612656,-4.155893489671142,-2.7021014452057845,0.8164808338512284,-2.6326378024388566,-0.26445175179314706,-0.5150278867721054,-1.427547661862154,-5.377842704023045,-4.738321530849753,0
-0.752636485151422,-3.8796106498075087,-1.1678312585486994,2.260756208022961,0.23723233659627185,1.3832170115953415,4.0242153272608014,2.494752946287316,-2.1366944036177498,-0.7025378765426571,0
-0.48486427527702336,-0.4565239026678638,-0.9122647480400228,0.6185923723595608,-2.513072584567976,1.3358769778756798,3.592820823935857,3.0527414687735996,-2.0989182490980673,0.10907070997399915,0
0.022000100090584063,0.14353347472412903,-3.7885363778476338,-0.15564150813582867,-5.508199796758999,2.298803912700747,0.9664816045913069,2.9329769551222036,-3.7088266521234865,-1.171609981203094,0
-0.7915139942653213,-1.5257273243550578,-0.46348889556999784,0.41538820968612744,-1.5624385477316682,-0.32656954451839626,1.8396181774931308,-0.33593142432359224,-2.622713923216421,-0.8384357892162506,0
-6.983317349674318,-2.4021026515262998,-1.677041093349153,3.11797560631317,-0.9836643313873148,1.0810125291405082,0.6879760438000582,-0.26596028326511467,-2.3347204021297285,-3.4724171118820237,0
-0.07812784938330397,-3.071006778470948,-2.151460103315355,-0.01891622088655298,-3.1184954408533354,0.901126777220826,3.27249830339455,2.6467264688663694,-3.484734628301028,-1.6552830388322497,0
0.014407334410878603,-1.6191412135704408,-2.495106085165486,1.6573121889626088,1.6484105600611105,1.6153724979374569,-3.111257430598191,-2.503389478110795,1.7782712351510197,2.9029214495044044,1
-6.263573602347766,-1.5920696748449272,0.22069639847577083,5.385045584015202,-1.7327693297144418,4.572143029968843,1.4579724225836492,6.3158362410634235,2.6027889387034318,-5.112968873634325,0
1.7876535059168688,-0.5350688499902254,-2.475702276330062,1.5844572908489507,-0.40133000055150125,-0.6758204219902879,-1.4004740729200438,-1.2113723729848567,1.5156322558011994,-0.32197475750720095,1
0.7001506910313584,-1.7308124839629835,-2.3152595034543424,3.981537155710482,2.7438537963677057,1.861297288404219,-3.7105410747607595,-3.766981567450584,2.2333512916113656,2.2196789040467886,1
-5.102425693287591,1.3078180075481014,-3.18919555846159,4.458467710521543,-1.9052423574651147,4.230327642839487,2.2362561524853732,2.1647180056771718,-0.6107728753111736,-1.7732825389344724,0
2.1342159623193684,-1.1932532432936722,-3.3171295151472693,0.4957439352220121,1.2999697801388297,4.512660464140527,-1.4798134625989758,-0.0749816833062984,1.9370313331968423,1.6174744979507945,1
1.928818788853415,-0.4690988815006678,-1.6751925080647896,1.8466787954677621,1.1482119508204538,0.09015957826769205,-1.665086939841643,-3.5076039901726603,1.1690440040272383,2.077729615517678,1
0.8126575287485136,-0.8824393307868708,0.0894547569248143,2.171897180819873,0.5171830723457935,-0.05924042953203168,1.4793551991698002,1.229411769150283,0.34240097911436473,-0.9159368626340272,0
-2.1890039064023292,-3.5353021683454955,0.44946484236085515,-0.24622715972727915,-5.522038344152307,1.7952572637517923,1.7917223297231506,0.36562755342954123,-4.78158281252497,-3.837778013591816,0
-0.6498836611806353,0.5975589118810256,-2.076592915853283,1.3663303129436413,-2.942336687604324,2.873062083720638,3.5671744148690046,2.8414607471504807,-1.0791687741549416,-1.2369219627318369,0
-3.9860245707729844,-3.8243114403512526,-1.3624090980003116,4.959219707223431,0.040800181903224875,0.013563385194408362,1.4066177486264015,0.18584594821560696,-1.5477373380732136,-5.402605324472407,0
1.4151755692525656,-0.6613046328535863,3.2750646785436848,1.4850399857434962,3.3952256932170446,0.397803534886485,-4.559553258745446,-2.4033866774183927,2.78914378031139,2.9152094778562385,1
-1.8625569672188311,-3.4376178858733173,-0.7849127602824018,2.742071665245316,-2.536917478925564,3.2905194462383376,2.505252369418324,3.7088869755134093,-0.9011516790149645,-4.404671614910308,0
-1.510939786007599,-3.499376205423581,-2.0707727971822054,6.0471728785798415,0.2476981713968085,2.264695533143751,1.4410098153319408,2.8011042615463615,-0.1855929565540262,-4.735369367935898,0
0.47888098111188215,-3.5271740070085986,-1.6355185450755627,3.839132784462261,-3.3090173194499277,4.530133561320631,4.981374286088208,5.7297182797963595,-1.603082232920037,-2.775950113207653,0
3.2603863815384964,-4.1991165978770475,-1.2680379782298683,4.296583311683261,4.092819118781019,1.6845945699792426,-1.144990411520979,-3.143381553009226,3.215715359119609,2.047168186997369,1
2.9941059748655103,-3.0839497958417765,-3.787477421533405,-1.9673092126776806,0.1218445974562854,4.105650434738349,-2.5273917534882093,-0.2948570098617054,4.757799270676556,5.230613320255811,1
-0.21001528906214117,-2.4021137870045672,-2.2376428566258872,0.4329134405637429,-2.71788638294198,0.5328929003506444,2.9251463716759316,0.7235389923911189,-4.736450986056989,-0.5020079970006315,0
-2.211056700386378,-3.1596205532142516,-3.1065727288415266,1.3011222092306989,-1.6064820190634814,2.328829955090933,1.849519209159623,0.8551761106028095,-3.7283375979607323,-1.3332776706306828,0
-3.018077384556367,-3.2681967934830536,-0.2599116344410375,-1.36355549594546,-2.4934207910298762,1.6319418204105618,1.684906664692343,-1.142924563047286,-4.300380219804518,-0.21388377648709,0
2.23907992320392,-1.3751566830337985,-4.584561019557597,1.0869545217464585,0.402403355847454,2.1517480944621084,0.9363033138769485,-2.448318348564955,-0.3730073445224904,2.0126383961977568,1
3.3076602706294875,-3.6267661664809356,-1.938890866518589,1.9061573646406789,2.5403750776330334,6.7817042692332805,-2.006412313323496,-1.4355783914897793,1.3817602122001567,2.7866938345565284,1
-1.6387033753457751,0.7075660701105542,-1.0717984271084045,0.604207230002572,-0.1785511217916702,0.08351521458987077,1.7414462798506887,0.03679712788194789,-0.24383838315032302,0.8636171659709873,0
-2.4205040721461777,-4.3507945893067586,-1.8738736088386123,2.3232208027798817,-3.494534640505277,1.4838656369054952,2.419818420089098,1.9406643868131357,-4.797715222562806,-3.729570450937006,0
0.5080510980396613,-4.338566542359101,-2.242011047939023,-0.4377616583470667,-3.839528434246561,-0.2003656428713465,0.732377925982314,2.406495420165289,-4.803705865068226,-2.3712162940411217,0
-3.503323856505003,-1.302075211586997,-4.24603910917359,3.6309136410147795,-1.9325404996396132,2.26366588757478,3.293700485672301,4.371890373700526,-2.8892676365417653,-2.919144055650544,0
-1.2535909424692782,3.0332596678567487,-5.045684761800436,1.2710896141984662,-2.723207264859968,4.726939235945224,2.0352500753909637,4.897881906455373,-0.276635239518511,1.5155264977344562,0
-4.210965056928842,-3.0112590668999264,-0.5531415131580011,2.804356540230935,-1.2702853297054242,1.4859953875798575,-0.8587997655330799,-1.796993765902334,-1.5247997288110013,-5.222995123855064,0
3.2625887571112235,-2.039148273810865,-2.778439388505049,0.54531765229033,1.4390764009097299,3.90668999589525,-2.362195557182587,-1.3176661633464266,2.9832407947057664,2.7953741615294274,1
2.3749967090644057,-2.2039359220017944,-1.1085316802595193,1.0497471362019482,2.8701968096189,2.7219854293277366,-4.471302497740222,-3.385521075844266,4.750203619685555,4.341483488891099,1
-1.2788087540174993,-1.9566463509206822,-2.0041247638510287,2.661793238935778,3.065216718695841,1.3223939763146757,-2.9750371018348036,-2.6789831596034,2.0154060606080866,1.8822906090833016,1
2.874827079641479,-2.0979425931977027,-0.3516902023824955,3.4624876131240088,1.543665090675406,0.8800817026531866,-1.4885428893852282,-3.0337957432175577,1.0782282154084846,4.000505830350194,1
-2.0482698432082316,-1.1900955476412187,-2.1210232740184076,2.0451588966263863,-2.0819065658058595,3.119472697592988,-0.1065363733631659,-0.4211078314911223,-2.121826887143819,-1.288604910691711,0
3.412014075269696,-1.8575150872254977,0.23766655291584682,2.0680569287631134,2.7774777919941567,3.117546000416164,-2.06807601931147,-1.019933615634995,2.3101524252922854,1.322886821996124,1
3.9366330187315066,-2.2557190102785434,-0.16605727185075936,4.485256948731498,4.282071603215366,5.048607022898258,-1.46531034155058,-0.6963565088710522,0.7793690055222044,-1.0740844901185764,1
4.166917832892466,0.8696959753734812,-0.2202003045676959,-1.1443204688631572,-1.4816609593563759,4.8368648213577305,0.7722484505681995,1.1793490499365649,-1.8902279836217697,1.9731414001065797,1
1.9909339886014048,-1.6060605253143927,-2.2395627520181423,-0.10393559549732378,0.5033839094144323,1.6247999532399597,-1.9611694398893231,-3.66264756903524,3.481242535933963,5.07065772162181,1
-1.6242203188487792,-3.5864253062339513,-1.7800536535688856,2.3379039078201305,-2.4687760261400262,2.1664798229059006,1.5956578937946662,3.4559175497908226,-2.2773276998780903,-4.476131578524756,0
-2.097274147862341,-0.25292484791347936,-1.2889673066776646,-1.160308955285334,-3.997548949323704,0.602910560105993,4.384921464547482,0.530460408842429,-4.58714244621637,-1.1377495285277908,0
3.2711778961023086,-0.1800575141644185,-0.10191153196536518,-0.9070795643515503,3.002656571579745,3.1066983102966637,-2.67094401192194,-3.413866569595158,3.1862811223844947,4.285057884530071,1
0.0472980711285258,-0.9652134943388668,-2.9210078323381325,1.8553525717655002,0.12287363956799124,0.49147035640563064,2.76241641648233,-0.7989103277362073,-3.5210550141449986,-0.20688549151258662,0
4.088537384190441,-2.497189184155157,-0.7498379676494387,0.8767542552440291,2.6383695093012784,3.9304903282132644,-2.5009451106334684,-3.210708047850262,3.84337115685969,2.2405219574351936,1
1.5636012692334975,-0.410604737288615,-2.5553968532364335,0.9859832333495455,-1.4891917106655823,0.17490332066021974,0.9266630463201515,3.6670277783049094,-0.647558258744743,1.5792732277649462,0
1.221154974983064,-2.2731115566561138,-0.14005513349955012,3.4209746796962146,1.8226592015863694,1.2301965703468594,-1.3788274459916408,-1.7441710801345094,-0.28943985919183346,2.077786449438489,1
-0.08830780391461723,-0.48265198070310666,-2.5315456918983443,2.4509013302434743,-1.440862059505672,5.0728907603545546,2.060574624346759,4.831848194287147,0.7736848770501172,1.179950619364123,0
1.9115071922584839,-2.491529921239282,-3.686661195389877,2.4234977543785865,1.9344855779333496,1.8071873554328093,-1.2718498029345917,-2.5154489314804787,2.8981901101223646,2.118099984668888,1
-3.2015127224058855,-2.414776420827304,-0.7653645060362426,2.0847978541078667,-1.9857926220024187,2.706165266529103,2.939400617230185,2.6207251487594885,-1.2306529584044443,-3.075786908717067,0
-0.38070898069823667,-2.666710020474099,-3.4098116876843756,2.6335800179414726,-1.4168907878917012,2.2431922061766647,1.207632667032091,0.8243708678976234,-3.2961841721509613,-1.7719326591319322,0
0.39143269541429415,-2.170475624300985,-1.2725068681472445,1.3799167973768818,-2.711944102899205,2.925756670645338,3.022389199549479,1.801601599348528,-2.781239453857275,-0.4244657799914957,0
1.6804368625019763,-1.322629121659754,-2.375110015668824,0.4778249613559158,0.9823633225587227,0.6686002424099082,-2.540182454124762,-4.07864353704529,3.4425568284499066,4.758372559596013,1
-6.091605893067736,-3.5606845158869858,-3.454458606766204,4.371267339445861,-1.3762391662166442,3.092722159548652,3.186347571295369,4.838893765335081,-0.8729406687978931,-5.642787117959819,0
-0.5401319046837241,0.7301416448009617,1.104154455412309,1.6382567760033135,2.431977995191464,3.845978398052214,-5.28561363817188,-1.3718601532901153,1.4702290687901256,0.575456378164273,1
4.083995483706586,-3.7333688307658566,-1.5338165845259044,1.5238710151422463,3.551925797838806,4.131785050417195,-2.4433111666137104,-1.5999680833579064,3.9946418198851603,0.9531096405175641,1
0.9934944418534184,-4.181455042057033,-0.41792879439475583,3.919380428207224,4.350655558754955,2.322109407995454,-4.851667887506869,-3.2725357739679777,4.201835719590186,2.1074564600377075,1
-0.5925474252749448,1.0147820396783698,-4.413942361919293,0.8588357415453669,-1.6300132944378745,2.6644607303085692,3.1544408087952833,1.2130248572036715,-1.9977016736599962,0.16032439199752924,0
0.15863996009864212,-0.7367447860647578,-3.0717032381180767,0.5366204284991258,0.22474732941025022,0.1922903856750553,-1.479619553090064,-2.090683790579672,0.38659409790287746,4.192128900023699,1
-1.585227456822801,-0.5657636075848573,-4.045547060585056,4.420185056256804,-0.28274999988604366,1.3664009066284661,0.7145019288540462,3.558429425131529,-0.11154188041572843,-1.4836160915513723,0
3.7387745143915367,-2.5317928162937053,-2.4540602839460557,0.4000481792201016,2.109278288172457,2.6047887985931717,-1.641771230290658,-4.847615750040655,4.060360706305094,5.19787999866905,1
1.210709088283719,0.16098292041571227,-1.2184448450749836,3.115297072949502,1.2215396818842192,-1.3970896854172876,-1.9077152543024067,-0.5693645985079092,1.068214468453153,-0.8783929467286411,1
3.317803806162382,-3.881269095250974,-3.2129113300183323,2.9038343064832572,1.881736788878854,0.6408613598641335,-0.9091495660870874,-1.3392692644907869,3.053492862310528,1.0537443410576408,1
0.18224580865158835,-3.4433149117206847,-0.2553387931017428,2.1663488812467517,-0.9456220467325316,2.071287366791295,2.62400593781578,3.1128922636466108,-0.9127677500395515,-0.6360477813057486,0
0.01121590518056359,-2.6013849952643984,-2.056153337736852,0.4376772849243211,2.3049230824257276,1.4246379568814285,-4.603914263546307,-3.16155511695242,4.5022127152794695,3.6369680924857883,1
-3.4083397217243583,-4.750185662085107,-0.33772750713942123,2.137968248916998,-0.6855935233552342,-0.5626528136848834,2.807189358010617,2.3657287093348325,-1.7728535107961916,-3.7799874820855877,0
1.4359959224082441,-4.369092473740908,-2.1690113312557964,0.342821239690724,-4.838385557128113,1.954354359816192,4.014323171773803,3.4105174765046735,-5.218530352821619,-1.4684124086180739,0
3.832772538182136,-3.990539125481586,-1.704300240858667,2.7336250867264034,2.6811357519222567,1.6517047801325597,-1.763166259828664,-2.2261362218137823,3.7660465508916516,0.5278685550732107,1
-2.7119727487793606,-0.8647575201923821,-2.621977414925615,2.6300011864232964,0.7327847662196676,1.4352028731086361,-4.245855996979017,0.09675259656967272,-0.0932587514220935,1.6279602645684164,1
-2.493821588726482,-2.3156253155103306,-1.0749064642408215,1.956406644097485,-1.8925030577432456,-0.19290952101026804,0.16431889691973867,-1.8933756163273125,-4.079800826468749,-2.893483505780124,0
3.160548031523555,-2.7357840408878675,-5.074258628847207,1.975557396348364,2.9478494496669514,2.6051599416593376,-1.7942786764300633,-5.935131932760877,3.4635177733163647,3.9719900115641424,1
-2.0976670779535618,-1.7198047122507574,-1.6605126392771528,2.9790912185219143,-1.0863003623686014,0.0331041132179235,-0.39108086294577094,0.49280582666749706,-1.501995743132429,-3.0733306415415838,0
1.6625944183082346,0.9440081353017362,0.6544768742777625,0.4900060820494869,1.7956004403660422,5.556778831206382,-2.5487835358417024,0.5670622045930069,-0.7140006657009299,0.6846360712647812,1
0.6687541955199945,-3.063285198487537,-0.9716165089625062,3.93748217328581,2.295118534930732,5.583668187947058,-1.4199137266662833,-0.41541636169254637,-3.2124264120584884,2.559849796953669,1
4.573168620729303,-3.193248956279408,-2.288269934812737,0.9099535972090036,1.2822980522079308,2.866087193875705,-0.9506695733829269,-1.5456034994644203,2.9366856033508637,3.2597776070312277,1
-2.449142066092488,-1.098871095594244,-2.5635600190444316,2.5310365500347523,0.6825040861146783,-1.369705892411433,0.9132580787258651,0.11905663012950374,-1.3495712240120685,-2.637782791051955,0
-0.09015596796435776,-2.0964260736038094,-1.883670411104604,1.7458938877071135,-3.318330090715679,1.5518429002804004,1.8734183939750508,3.7307999346406535,-1.6589579168568622,-2.7846711958623196,0
0.6851375884322763,-0.8220778648808547,-0.3880644967492477,0.20070881032867227,-1.0353357786491828,-0.12734460479693244,2.2007550331534502,-0.9498566076519537,-2.6182251940000474,1.972385225574694,0
-0.08854806479415522,-1.963124971671575,-2.0637099903881735,1.9028388608193831,2.812471818680521,0.8015729986965927,-2.8520322087481773,-2.6248097311114202,2.3277437639087712,4.089794224376929,1
2.9079789966217477,-2.4568119094878584,-3.934106659941712,3.1627818482221057,2.341143578429364,1.2638733556702952,-1.3763368187859952,-4.893590815517393,1.7850301907023787,4.106285779417046,1
